<?xml version="1.0" encoding="UTF-8"?>
<poem id="14-hoc">
<lg type="stanza" n="1" rhyme="ababbcc">
<l n="1">
<seg type="word" me_root="victorious" pos="adj">Victorious</seg><seg type="word" me_root="cristen" pos="adj">cristen</seg><seg type="word" me_root="prince" pos="n">Prince</seg><seg type="word" me_root="oure" pos="pron%gen">our</seg><seg type="word" me_root="lord" pos="n">lord</seg><seg type="word" me_root="soverain" pos="adj">souereyn</seg>
</l>
<l n="2">
<seg type="word" me_root="oure" pos="pron%gen">Our</seg><seg type="word" me_root="lege" pos="adj">lige</seg><seg type="word" me_root="lord" pos="n">lord</seg><seg type="word" me_root="ful" pos="adv">ful</seg><seg type="word" me_root="dreden" pos="v%ppl_abs">dred</seg><seg type="word" me_root="and" pos="conj">and</seg><seg type="word" me_root="douten" pos="v%ppl_abs">douted,</seg><seg type="word" me_root="we" pos="pron%pl_nom">we</seg>
</l>
<l n="3">
<seg type="word" me_root="your" pos="pron%pl_gen">Youre</seg><seg type="word" me_root="humble" pos="adj">humble</seg><seg type="word" me_root="and" pos="conj">and</seg><seg type="word" me_root="buxom" pos="adj">buxum</seg><seg type="word" me_root="lege" pos="n2%pl">liges</seg><seg type="word" me_root="treu" pos="adj">treewe</seg><seg type="word" me_root="seien" pos="v1%pr_3">seyn</seg>
</l>
<l n="4">
<seg type="word" me_root="righte" pos="adv">Right</seg><seg type="word" me_root="thus" pos="adv">thus</seg><seg type="word" me_root="unto" pos="prep">vnto</seg><seg type="word" me_root="your" pos="pron%pl_gen">your</seg><seg type="word" me_root="real" pos="adj1">rial</seg><seg type="word" me_root="dignite" pos="n">dignitee</seg>
</l>
<l n="5">
<seg type="word" me_root="henri" pos="n#propn">Henri</seg><seg type="word" me_root="the" pos="def_art">the</seg><seg type="word" me_root="fifte" pos="num#adj">fifthe,</seg><seg type="word" me_root="welcom" pos="adj">welcome</seg><seg type="word" me_root="ben" pos="v%pr_pl">be</seg><seg type="word" me_root="ye" pos="pron%pl%nom">yee</seg>
</l>
<l n="6">
<seg type="word" me_root="welcom" pos="adj">Welcome</seg><seg type="word" me_root="ben" pos="v%pr_3">be</seg><seg type="word" me_root="your" pos="pron%pl_gen">your</seg><seg type="word" me_root="famous" pos="adj">famous</seg><seg type="word" me_root="excellence" pos="n">excellence</seg>
</l>
<l n="7">
<seg type="word" me_root="sword" pos="n">Swerd</seg><seg type="word" me_root="of" pos="prep">of</seg><seg type="word" me_root="knighthode" pos="n">knyghthode</seg><seg type="word" me_root="and" pos="conj">and</seg><seg type="word" me_root="flour" pos="n1">flour</seg><seg type="word" me_root="of" pos="prep">of</seg><seg type="word" me_root="sapience" pos="n">sapience</seg>
</l>
</lg>
<lg type="stanza" n="2" rhyme="ababbcc">
<l n="8">
<seg type="word" me_root="ye" pos="pron%pl%nom">Yee</seg><seg type="word" me_root="ben" pos="v%pr_pl">been</seg><seg type="word" me_root="welcom" pos="adj">welcome</seg><seg type="word" me_root="heir" pos="n">heir</seg><seg type="word" me_root="and" pos="conj">and</seg><seg type="word" me_root="regent" pos="n">Regent</seg><seg type="word" me_root="of" pos="prep">of</seg><seg type="word" me_root="fraunce" pos="n#propn">France</seg>
</l>
<l n="9">
<seg type="word" me_root="oure" pos="pron%gen">Our</seg><seg type="word" me_root="gracious" pos="adj">gracious</seg><seg type="word" me_root="king" pos="n">kyng</seg><seg type="word" me_root="ensaumple" pos="n_art">thensaumple</seg><seg type="word" me_root="of" pos="prep">of</seg><seg type="word" me_root="honour" pos="n">honour</seg>
</l>
<l n="10">
<seg type="word" me_root="righte" pos="adv">Right</seg><seg type="word" me_root="feithfulli" pos="adv">feithfully</seg><seg type="word" me_root="with" pos="prep">with</seg><seg type="word" me_root="herte" pos="n%gen">hertes</seg><seg type="word" me_root="obeisaunce" pos="n">obeissance</seg>
</l>
<l n="11">
<seg type="word" me_root="welcom" pos="adj">Welcome</seg><seg type="word" me_root="ben" pos="v%pr_pl">be</seg><seg type="word" me_root="ye" pos="pron%pl%nom">yee</seg><seg type="word" me_root="worthi" pos="adj">worthy</seg><seg type="word" me_root="conquerour" pos="n">Conquerour</seg>
</l>
<l n="12">
<seg type="word" me_root="which" pos="pron">Which</seg><seg type="word" me_root="no" pos="gram_adj">no</seg><seg type="word" me_root="peril" pos="n">peril</seg><seg type="word" me_root="escheuen" pos="v%prp_abs">eschuyng</seg><seg type="word" me_root="ne" pos="adv">ne</seg><seg type="word" me_root="labour" pos="n">labour</seg>
</l>
<l n="13">
<seg type="word" me_root="in" pos="prep">In</seg><seg type="word" me_root="arm" pos="n%pl">armes</seg><seg type="word" me_root="knightli" pos="adj">knyghtly</seg><seg type="word" me_root="haven" pos="v%pr_pl">han</seg><seg type="word" me_root="you" pos="pron%pl_obj">yow</seg><seg type="word" me_root="putten" pos="v%ppl">put</seg><seg type="word" me_root="in" pos="prep">in</seg><seg type="word" me_root="presse" pos="n">prees</seg>
</l>
<l n="14">
<seg type="word" me_root="and" pos="conj">And</seg><seg type="word" me_root="twixt" pos="prep">twixt</seg><seg type="word" me_root="two" pos="num#adj">two</seg><seg type="word" me_root="reaume" pos="n%pl">Remes</seg><seg type="word" me_root="knitten" pos="v%ppl">knyt</seg><seg type="word" me_root="haven" pos="v%pr_pl">han</seg><seg type="word" me_root="up" pos="adv">vp</seg><seg type="word" me_root="the" pos="def_art">the</seg><seg type="word" me_root="pes" pos="n">pees</seg>
</l>
</lg>
<lg type="stanza" n="3" rhyme="ababbcc">
<l n="15">
<seg type="word" me_root="your" pos="pron%pl_gen">Your</seg><seg type="word" me_root="worthinesse" pos="n">worthynesse</seg><seg type="word" me_root="exceden" pos="v%pr_3">excedith</seg><seg type="word" me_root="and" pos="conj">and</seg><seg type="word" me_root="surmounten" pos="v%pr_3">surmountith</seg>
</l>
<l n="16">
<seg type="word" me_root="the" pos="def_art">The</seg><seg type="word" me_root="prouesse" pos="n">prowesse</seg><seg type="word" me_root="of" pos="prep">of</seg><seg type="word" me_root="kig" pos="n%pl">kynges</seg><seg type="word" me_root="and" pos="conj">and</seg><seg type="word" me_root="prince" pos="n%pl">prynces</seg><seg type="word" me_root="al" pos="gram_adj">alle</seg>
</l>
<l n="17">
<seg type="word" me_root="fame" pos="n1">Fame</seg><seg type="word" me_root="so" pos="adv">so</seg><seg type="word" me_root="seien" pos="v1%pr_3">seith</seg><seg type="word" me_root="thus" pos="adv">thus</seg><seg type="word" me_root="al" pos="gram_adj">al</seg><seg type="word" me_root="the" pos="def_art">the</seg><seg type="word" me_root="world" pos="n">world</seg><seg type="word" me_root="accounten" pos="v%pr_3">acountith</seg>
</l>
<l n="18">
<seg type="word" me_root="what" pos="pron">What</seg><seg type="word" me_root="mouen" pos="v3%pr_pl">may</seg><seg type="word" me_root="we" pos="pron%pl_nom">we</seg><seg type="word" me_root="seien" pos="v1%inf">seyn</seg><seg type="word" me_root="or" pos="conj">or</seg><seg type="word" me_root="what" pos="pron">what</seg><seg type="word" me_root="mouen" pos="v3%pr_pl">may</seg><seg type="word" me_root="we" pos="pron%pl_nom">we</seg><seg type="word" me_root="you" pos="pron%pl_obj">yow</seg><seg type="word" me_root="callen" pos="v%inf">calle</seg>
</l>
<l n="19">
<seg type="word" me_root="we" pos="pron%pl_nom">We</seg><seg type="word" me_root="connen" pos="v%pr_pl">can</seg><seg type="word" me_root="for" pos="prep">for</seg><seg type="word" me_root="non" pos="gram_adj">noon</seg><seg type="word" me_root="art" pos="n1">aart</seg><seg type="word" me_root="that" pos="pron_rel">that</seg><seg type="word" me_root="mouen" pos="v3%pr_3">may</seg><seg type="word" me_root="happen" pos="v1%inf">happe</seg><seg type="word" me_root="or" pos="conj">or</seg><seg type="word" me_root="fallen" pos="v%inf">falle</seg>
</l>
<l n="20">
<seg type="word" me_root="your" pos="pron%pl_gen">Your</seg><seg type="word" me_root="worthi" pos="adj">worthy</seg><seg type="word" me_root="dede" pos="n%pl">deedes,</seg><seg type="word" me_root="as" pos="conj">as</seg><seg type="word" me_root="us" pos="pron%pl_obj">vs</seg><seg type="word" me_root="ouen" pos="v%pt_3">oghte</seg><seg type="word" me_root="preisen" pos="v%inf">preise</seg>
</l>
<l n="21">
<seg type="word" me_root="thei" pos="pron%pl_nom">They</seg><seg type="word" me_root="ben" pos="v%pr_pl">been</seg><seg type="word" me_root="so" pos="adv">so</seg><seg type="word" me_root="mani" pos="gram_adj">manye</seg><seg type="word" me_root="and" pos="conj">and</seg><seg type="word" me_root="so" pos="adv">so</seg><seg type="word" me_root="muchel" pos="adv">mochil</seg><seg type="word" me_root="peisen" pos="v%pr_pl">peyse</seg>
</l>
</lg>
<lg type="stanza" n="4" rhyme="ababbcc">
<l n="22">
<seg type="word" me_root="ignoraunce" pos="n">Ignorance</seg><seg type="word" me_root="ben" pos="v%pr_3">is</seg><seg type="word" me_root="unto" pos="prep">vnto</seg><seg type="word" me_root="us" pos="pron%pl_obj">vs</seg><seg type="word" me_root="swich" pos="gram_adj">swich</seg><seg type="word" me_root="a" pos="indef_art">a</seg><seg type="word" me_root="fo" pos="n">fo</seg>
</l>
<l n="23">
<seg type="word" me_root="if" pos="conj">If</seg><seg type="word" me_root="we" pos="pron%pl_nom">we</seg><seg type="word" me_root="dilaten" pos="v1%inf">dilate</seg><seg type="word" me_root="shulen" pos="v1%pt_pl">sholde</seg><seg type="word" me_root="and" pos="conj">and</seg><seg type="word" me_root="drauen" pos="v%inf">drawe</seg><seg type="word" me_root="along" pos="adv">along</seg>
</l>
<l n="24">
<seg type="word" me_root="your" pos="pron%pl_gen">Your</seg><seg type="word" me_root="pris" pos="n1">prys</seg><seg type="word" me_root="and" pos="conj">and</seg><seg type="word" me_root="thank" pos="n">thank</seg><seg type="word" me_root="we" pos="pron%pl_nom">we</seg><seg type="word" me_root="connen" pos="v%pt_pl">kowden</seg><seg type="word" me_root="not" pos="adv">nat</seg><seg type="word" me_root="don" pos="v1%inf">do</seg><seg type="word" me_root="so" pos="adv">so</seg>
</l>
<l n="25">
<seg type="word" me_root="to" pos="adv2">To</seg><seg type="word" me_root="litel" pos="adv">litil</seg><seg type="word" me_root="seien" pos="v1%pr_pl">seyn</seg><seg type="word" me_root="we" pos="pron%pl_nom">we</seg><seg type="word" me_root="shulen" pos="v1%pt_pl">sholde</seg><seg type="word" me_root="and" pos="conj">and</seg><seg type="word" me_root="don" pos="v1%pr_pl">do</seg><seg type="word" me_root="you" pos="pron%pl_obj">yow</seg><seg type="word" me_root="wrong" pos="n2">wrong</seg>
</l>
<l n="26">
<seg type="word" me_root="not" pos="adv">Nat</seg><seg type="word" me_root="on" pos="prep">on</seg><seg type="word" me_root="oure" pos="pron%gen">our</seg><seg type="word" me_root="wille" pos="n%pl">willes</seg><seg type="word" me_root="but" pos="conj">but</seg><seg type="word" me_root="wit" pos="n%pl">wittes</seg><seg type="word" me_root="along" pos="adv">along</seg>
</l>
<l n="27">
<seg type="word" me_root="and" pos="conj">And</seg><seg type="word" me_root="sin" pos="conj">syn</seg><seg type="word" me_root="that" pos="part">that</seg><seg type="word" me_root="ther-to" pos="adv">therto</seg><seg type="word" me_root="oure" pos="pron%gen">oure</seg><seg type="word" me_root="intelligence" pos="n">intelligence</seg>
</l>
<l n="28">
<seg type="word" me_root="suffisen" pos="v%pr_3">Souffysith</seg><seg type="word" me_root="not" pos="adv">nat</seg><seg type="word" me_root="we" pos="pron%pl_nom">we</seg><seg type="word" me_root="kepen" pos="v%inf">keepe</seg><seg type="word" me_root="moten" pos="v2%pr_pl">moot</seg><seg type="word" me_root="silence" pos="n">silence</seg>
</l>
</lg>
<lg type="stanza" n="5" rhyme="ababbcc">
<l n="29">
<seg type="word" me_root="but" pos="conj">But</seg><seg type="word" me_root="soverain" pos="adj">souerein</seg><seg type="word" me_root="lord" pos="n">lord</seg><seg type="word" me_root="lege" pos="adj">lige</seg><seg type="word" me_root="as" pos="conj">as</seg><seg type="word" me_root="we" pos="pron%pl_nom">we</seg><seg type="word" me_root="seien" pos="v1%pt_pl">seide</seg><seg type="word" me_root="aboven" pos="adv">aboue</seg>
</l>
<l n="30">
<seg type="word" me_root="welcom" pos="adj">Welcome</seg><seg type="word" me_root="ben" pos="v%pr_3">be</seg><seg type="word" me_root="your" pos="pron%pl_gen">your</seg><seg type="word" me_root="excellent" pos="adj">excellent</seg><seg type="word" me_root="heighnesse" pos="n">hynesse</seg>
</l>
<l n="31">
<seg type="word" me_root="with" pos="prep">With</seg><seg type="word" me_root="al" pos="gram_adj">al</seg><seg type="word" me_root="oure" pos="pron%gen">our</seg><seg type="word" me_root="spirit" pos="n%pl">spirites</seg><seg type="word" me_root="and" pos="conj">and</seg><seg type="word" me_root="herte" pos="n%gen">hertes</seg><seg type="word" me_root="love" pos="n1">love</seg>
</l>
<l n="32">
<seg type="word" me_root="more" pos="adj%comp">More</seg><seg type="word" me_root="welcom" pos="adj">welcome</seg><seg type="word" me_root="than" pos="conj">than</seg><seg type="word" me_root="we" pos="pron%pl_nom">we</seg><seg type="word" me_root="connen" pos="v%pr_pl">can</seg><seg type="word" me_root="expressen" pos="v%inf">expresse</seg>
</l>
<l n="33">
<seg type="word" me_root="your" pos="pron%pl_gen">Your</seg><seg type="word" me_root="heigh" pos="adj">hy</seg><seg type="word" me_root="presence" pos="n">presence</seg><seg type="word" me_root="ben" pos="v%pr_3">is</seg><seg type="word" me_root="tresour" pos="n">tresor</seg><seg type="word" me_root="and" pos="conj">and</seg><seg type="word" me_root="richesse" pos="n">richesse</seg>
</l>
<l n="34">
<seg type="word" me_root="to" pos="prep">To</seg><seg type="word" me_root="us" pos="pron%pl_obj">vs</seg><seg type="word" me_root="ful" pos="adv">ful</seg><seg type="word" me_root="gret" pos="adj%sg">greet,</seg><seg type="word" me_root="for-whi" pos="adv&amp;conj">forwhy</seg><seg type="word" me_root="to" pos="prep">to</seg><seg type="word" me_root="us" pos="pron%pl_obj">vs</seg><seg type="word" me_root="ech_on" pos="pron">echone</seg>
</l>
<l n="35">
<seg type="word" me_root="welcom" pos="adj">Welcome</seg><seg type="word" me_root="ben" pos="v%pr_3">be</seg><seg type="word" me_root="your" pos="pron%pl_gen">your</seg><seg type="word" me_root="perles" pos="adj">peereles</seg><seg type="word" me_root="persoune" pos="n1">persone</seg>
</l>
</lg>
<!-- <lg type="stanza" n="6" rhyme="ababbcc">
<l n="0">
<seg type="word" me_root="connen" pos="v%pr_pl">can</seg><seg type="word" me_root="expressen" pos="v%inf">expresse</seg>
</l>
<l n="33">
<seg type="word" me_root="your" pos="pron%pl_gen">Your</seg><seg type="word" me_root="heigh" pos="adj">hy</seg><seg type="word" me_root="presence" pos="n">presence</seg><seg type="word" me_root="ben" pos="v%pr_3">is</seg><seg type="word" me_root="tresour" pos="n">tresor</seg><seg type="word" me_root="and" pos="conj">and</seg><seg type="word" me_root="richesse" pos="n">richesse</seg>
</l>
<l n="34">
<seg type="word" me_root="to" pos="prep">To</seg><seg type="word" me_root="us" pos="pron%pl_obj">vs</seg><seg type="word" me_root="ful" pos="adv">ful</seg><seg type="word" me_root="gret" pos="adj%sg">greet,</seg><seg type="word" me_root="for-whi" pos="adv&amp;conj">forwhy</seg><seg type="word" me_root="to" pos="prep">to</seg><seg type="word" me_root="us" pos="pron%pl_ob">vs</seg>
</l>
</lg> -->
</poem>
