<?xml version="1.0" encoding="UTF-8"?>
<poem id="26-hoc">
<lg type="stanza" n="1" rhyme="ababbcc">
<l n="1">
<seg type="word" me_root="sin" pos="conj">Syn</seg><seg type="word" me_root="thou" pos="pron%nom">thou</seg><seg type="word" me_root="moder" pos="n">modir</seg><seg type="word" me_root="of" pos="prep">of</seg><seg type="word" me_root="grace" pos="n">grace,</seg><seg type="word" me_root="haven" pos="v%pr_2">haast</seg><seg type="word" me_root="ever" pos="adv">evere</seg><seg type="word" me_root="in" pos="prep">in</seg><seg type="word" me_root="minde" pos="n1">mynde</seg>
</l>
<l n="2">
<seg type="word" me_root="al" pos="gram_adj">Alle</seg><seg type="word" me_root="tho" pos="pron2">tho</seg><seg type="word" me_root="that" pos="pron_rel">that</seg><seg type="word" me_root="upon" pos="prep">vpon</seg><seg type="word" me_root="the" pos="pron2%obj">thee</seg><seg type="word" me_root="haven" pos="v%pr_pl">han</seg><seg type="word" me_root="memorie" pos="n">memorie</seg>
</l>
<l n="3">
<seg type="word" me_root="thin" pos="pron%gen">Thy</seg><seg type="word" me_root="remembraunce" pos="n">remembrance</seg><seg type="word" me_root="ai" pos="adv">ay</seg><seg type="word" me_root="ouen" pos="v%pt_3">oghte</seg><seg type="word" me_root="oure" pos="pron%gen">oure</seg><seg type="word" me_root="herte" pos="n%pl">hertes</seg><seg type="word" me_root="binden" pos="v%inf">bynde</seg>
</l>
<l n="4">
<seg type="word" me_root="the" pos="pron2%obj">Thee</seg><seg type="word" me_root="forto" pos="part">forto</seg><seg type="word" me_root="to" pos="part">to</seg><seg type="word" me_root="honouren" pos="v%inf">honure</seg><seg type="word" me_root="blisful" pos="adj">blisful</seg><seg type="word" me_root="quene" pos="n2">qweene</seg><seg type="word" me_root="of" pos="prep">of</seg><seg type="word" me_root="glorie" pos="n">glorie</seg>
</l>
<l n="5">
<seg type="word" me_root="to" pos="prep">To</seg><seg type="word" me_root="al" pos="gram_adj">alle</seg><seg type="word" me_root="cristen" pos="adj">cristen</seg><seg type="word" me_root="folk" pos="n">folk,</seg><seg type="word" me_root="hit" pos="pron">it</seg><seg type="word" me_root="ben" pos="v%pr_3">is</seg><seg type="word" me_root="notarie" pos="n">notorie</seg>
</l>
<l n="6">
<seg type="word" me_root="that" pos="conj">That</seg><seg type="word" me_root="thou" pos="pron%nom">thou</seg><seg type="word" me_root="ben" pos="v%pr_2">art</seg><seg type="word" me_root="she" pos="pron%nom">shee</seg><seg type="word" me_root="in" pos="prep">in</seg><seg type="word" me_root="whom" pos="pron%obj">whom</seg><seg type="word" me_root="that" pos="part">that</seg><seg type="word" me_root="al" pos="gram_adj">al</seg><seg type="word" me_root="man-kinde" pos="n">mankynde</seg>
</l>
<l n="7">
<seg type="word" me_root="mouen" pos="v3%pr_3">May</seg><seg type="word" me_root="trusten" pos="v%inf">truste</seg><seg type="word" me_root="fulli" pos="adv">fully</seg><seg type="word" me_root="grace" pos="n">grace</seg><seg type="word" me_root="and" pos="conj">and</seg><seg type="word" me_root="help" pos="n">help</seg><seg type="word" me_root="to" pos="part">to</seg><seg type="word" me_root="finden" pos="v%inf">fynde</seg>
</l>
</lg>
<lg type="stanza" n="2" rhyme="ababbcc">
<l n="8">
<seg type="word" me_root="what" pos="gram_adj">What</seg><seg type="word" me_root="wight" pos="n">wight</seg><seg type="word" me_root="ben" pos="v%pr_3">is</seg><seg type="word" me_root="that" pos="pron">that</seg><seg type="word" me_root="that" pos="pron_rel">that</seg><seg type="word" me_root="with" pos="prep">with</seg><seg type="word" me_root="angwisshe" pos="n">angwissh</seg><seg type="word" me_root="and" pos="conj">and</seg><seg type="word" me_root="wo" pos="n">wo</seg>
</l>
<l n="9">
<seg type="word" me_root="tormenten" pos="v%ppl">Tormented</seg><seg type="word" me_root="ben" pos="v%pr_3">is</seg><seg type="word" me_root="if" pos="conj">if</seg><seg type="word" me_root="he" pos="pron1%nom">he</seg><seg type="word" me_root="preien" pos="v1%pr_3">preye</seg><seg type="word" me_root="unto" pos="prep">vnto</seg><seg type="word" me_root="the" pos="pron2%obj">thee</seg>
</l>
<l n="10">
<seg type="word" me_root="him" pos="pron%obj">Him</seg><seg type="word" me_root="to" pos="part">to</seg><seg type="word" me_root="deliveren" pos="v%inf">delivre</seg><seg type="word" me_root="and" pos="conj">and</seg><seg type="word" me_root="to" pos="part">to</seg><seg type="word" me_root="putten" pos="v%inf">putte</seg><seg type="word" me_root="him" pos="pron%obj">him</seg><seg type="word" me_root="ther-from" pos="adv">therfro</seg>
</l>
<l n="11">
<seg type="word" me_root="that" pos="conj">That</seg><seg type="word" me_root="thou" pos="pron%nom">thou</seg><seg type="word" me_root="ne" pos="adv">ne</seg><seg type="word" me_root="voiden" pos="v%pr_2">voidest</seg><seg type="word" me_root="his" pos="pron1%gen">his</seg><seg type="word" me_root="adversite" pos="n">aduersitee</seg>
</l>
<l n="12">
<seg type="word" me_root="thurgh" pos="prep">Thurgh</seg><seg type="word" me_root="preiere" pos="n2">preyere</seg><seg type="word" me_root="of" pos="prep">of</seg><seg type="word" me_root="thin" pos="pron%gen">thy</seg><seg type="word" me_root="wounden" pos="v#adj%ppl">wowndid</seg><seg type="word" me_root="charite" pos="n">charitee</seg>
</l>
<l n="13">
<seg type="word" me_root="and" pos="conj">And</seg><seg type="word" me_root="though" pos="conj">thogh</seg><seg type="word" me_root="that" pos="part">that</seg><seg type="word" me_root="preien" pos="v1%inf">preye</seg><seg type="word" me_root="mouen" pos="v3%pr_3">may</seg><seg type="word" me_root="his" pos="pron1%gen">his</seg><seg type="word" me_root="tonge" pos="n2">tonge</seg><seg type="word" me_root="nought" pos="adv">noght</seg>
</l>
<l n="14">
<seg type="word" me_root="yet" pos="adv">Yit</seg><seg type="word" me_root="helpen" pos="v%ppl">holpe</seg><seg type="word" me_root="ben" pos="v%pr_3">is</seg><seg type="word" me_root="he" pos="pron1%nom">he</seg><seg type="word" me_root="thurgh" pos="prep">thurgh</seg><seg type="word" me_root="crie" pos="n">cry</seg><seg type="word" me_root="of" pos="prep">of</seg><seg type="word" me_root="herte" pos="n%gen">hertes</seg><seg type="word" me_root="thought" pos="n">thoght</seg>
</l>
</lg>
<lg type="stanza" n="3" rhyme="ababbcc">
<l n="15">
<seg type="word" me_root="the" pos="def_art">The</seg><seg type="word" me_root="oile" pos="n">oyle</seg><seg type="word" me_root="of" pos="prep">of</seg><seg type="word" me_root="thin" pos="pron%gen">thy</seg><seg type="word" me_root="merci" pos="n1">mercy</seg><seg type="word" me_root="flouen" pos="v%pr_3">flowith</seg><seg type="word" me_root="ever-mor" pos="adv">everemore</seg>
</l>
<l n="16">
<seg type="word" me_root="ther-inne" pos="adv">Therein</seg><seg type="word" me_root="non" pos="gram_adj">noon</seg><seg type="word" me_root="ebbe" pos="n">ebbe</seg><seg type="word" me_root="haven" pos="v%pr_3">hath</seg><seg type="word" me_root="dominacioun" pos="n">dominacion</seg>
</l>
<l n="17">
<seg type="word" me_root="that" pos="art&amp;gram_adj">That</seg><seg type="word" me_root="licour" pos="n">licour</seg><seg type="word" me_root="oure" pos="pron%gen">our</seg><seg type="word" me_root="wound" pos="n%pl">wowndes</seg><seg type="word" me_root="grevous" pos="adj">grevous</seg><seg type="word" me_root="and" pos="conj">and</seg><seg type="word" me_root="sore" pos="adj2">sore</seg>
</l>
<l n="18">
<seg type="word" me_root="serchen" pos="v%pr_3">Serchith</seg><seg type="word" me_root="and" pos="conj">and</seg><seg type="word" me_root="ben" pos="v%pr_3">is</seg><seg type="word" me_root="oure" pos="pron%gen">our</seg><seg type="word" me_root="ful" pos="adv">ful</seg><seg type="word" me_root="curacioun" pos="n">curacion</seg>
</l>
<l n="19">
<seg type="word" me_root="that" pos="pron">That</seg><seg type="word" me_root="ben" pos="v%pr_3">is</seg><seg type="word" me_root="the" pos="def_art">the</seg><seg type="word" me_root="wei" pos="n">way</seg><seg type="word" me_root="of" pos="prep">of</seg><seg type="word" me_root="oure" pos="pron%gen">our</seg><seg type="word" me_root="savacioun" pos="n">sauuacion</seg>
</l>
<l n="20">
<seg type="word" me_root="and" pos="conj">And</seg><seg type="word" me_root="sin" pos="conj">syn</seg><seg type="word" me_root="that" pos="part">that</seg><seg type="word" me_root="ther-of" pos="adv">therof</seg><seg type="word" me_root="ben" pos="v%pr_3">is</seg><seg type="word" me_root="so" pos="adv">so</seg><seg type="word" me_root="gret" pos="adj%sg">greet</seg><seg type="word" me_root="plente" pos="n">plentee</seg>
</l>
<l n="21">
<seg type="word" me_root="and" pos="conj">And</seg><seg type="word" me_root="thou" pos="pron%nom">thou</seg><seg type="word" me_root="so" pos="adv">so</seg><seg type="word" me_root="liberal" pos="adj">liberal</seg><seg type="word" me_root="glad" pos="adj">glad</seg><seg type="word" me_root="mouen" pos="v3%pr_pl">may</seg><seg type="word" me_root="we" pos="pron%pl_nom">we</seg><seg type="word" me_root="ben" pos="v%inf">be</seg>
</l>
</lg>
<lg type="stanza" n="4" rhyme="ababbcc">
<l n="22">
<seg type="word" me_root="al" pos="gram_adj">Al</seg><seg type="word" me_root="that" pos="pron_rel">that</seg><seg type="word" me_root="the" pos="def_art">the</seg><seg type="word" me_root="heven" pos="n">heuene</seg><seg type="word" me_root="of" pos="prep">of</seg><seg type="word" me_root="the" pos="def_art">the</seg><seg type="word" me_root="erthe" pos="n1">eerthe</seg><seg type="word" me_root="taken" pos="v%pr_3">takith</seg>
</l>
<l n="23">
<seg type="word" me_root="and" pos="conj">And</seg><seg type="word" me_root="that" pos="pron_rel">that</seg><seg type="word" me_root="the" pos="def_art">the</seg><seg type="word" me_root="erthe" pos="n1">eerthe</seg><seg type="word" me_root="bi" pos="prep">by</seg><seg type="word" me_root="heven" pos="n%gen">heuenes</seg><seg type="word" me_root="moistness" pos="n">moistnesse</seg>
</l>
<l n="24">
<seg type="word" me_root="doun" pos="adv">Doun</seg><seg type="word" me_root="sheden" pos="v%ppl_abs">shed</seg><seg type="word" me_root="forth" pos="adv">foorth</seg><seg type="word" me_root="bringen" pos="v%pr_3">bryngith</seg><seg type="word" me_root="thin" pos="pron%gen">thy</seg><seg type="word" me_root="vertu" pos="n">vertu</seg><seg type="word" me_root="hit" pos="pron">it</seg><seg type="word" me_root="maken" pos="v1%pr_3">makith</seg>
</l>
<l n="25">
<seg type="word" me_root="so" pos="adv">So</seg><seg type="word" me_root="ben" pos="v%pr_2">art</seg><seg type="word" me_root="thou" pos="pron%nom">thou</seg><seg type="word" me_root="ful" pos="adj">ful</seg><seg type="word" me_root="of" pos="prep">of</seg><seg type="word" me_root="vertuous" pos="adj">vertuous</seg><seg type="word" me_root="richesse" pos="n">richesse</seg>
</l>
<l n="26">
<seg type="word" me_root="sterre" pos="n">Sterre</seg><seg type="word" me_root="of" pos="prep">of</seg><seg type="word" me_root="the" pos="def_art">the</seg><seg type="word" me_root="se" pos="n1">see</seg><seg type="word" me_root="whos" pos="pron%gen">whos</seg><seg type="word" me_root="shinen" pos="v#adj%prp">shynynge</seg><seg type="word" me_root="brightnesse" pos="n">brightnesse</seg>
</l>
<l n="27">
<seg type="word" me_root="the" pos="def_art">The</seg><seg type="word" me_root="derk" pos="adj">dirke</seg><seg type="word" me_root="soule" pos="n">soule</seg><seg type="word" me_root="of" pos="prep">of</seg><seg type="word" me_root="man" pos="n">man</seg><seg type="word" me_root="maken" pos="v1%pr_3">makith</seg><seg type="word" me_root="to" pos="part">to</seg><seg type="word" me_root="shinen" pos="v%inf">shyne</seg>
</l>
<l n="28">
<seg type="word" me_root="and" pos="conj">And</seg><seg type="word" me_root="him" pos="pron%obj">him</seg><seg type="word" me_root="preserven" pos="v%pr_3">preserueth</seg><seg type="word" me_root="holli" pos="adv">hoolly</seg><seg type="word" me_root="from" pos="prep">fro</seg><seg type="word" me_root="ruine" pos="n">ruyne</seg>
</l>
</lg>
<lg type="stanza" n="5" rhyme="ababbcc">
<l n="29">
<seg type="word" me_root="thou" pos="pron%nom">Thou</seg><seg type="word" me_root="cause" pos="n">cause</seg><seg type="word" me_root="of" pos="prep">of</seg><seg type="word" me_root="al" pos="gram_adj">al</seg><seg type="word" me_root="oure" pos="pron%gen">our</seg><seg type="word" me_root="joie" pos="n">joie</seg><seg type="word" me_root="of" pos="prep">of</seg><seg type="word" me_root="lif" pos="n">lyf</seg><seg type="word" me_root="the" pos="def_art">the</seg><seg type="word" me_root="tre" pos="n">tree</seg>
</l>
<l n="30">
<seg type="word" me_root="that" pos="pron_rel">That</seg><seg type="word" me_root="fruit" pos="n">fruyt</seg><seg type="word" me_root="of" pos="prep">of</seg><seg type="word" me_root="helthe" pos="n">helthe</seg><seg type="word" me_root="beren" pos="v1%pt_3">baar</seg><seg type="word" me_root="perpetuelle" pos="adj">perpetuel</seg>
</l>
<l n="31">
<seg type="word" me_root="god" pos="n1#propn">God,</seg><seg type="word" me_root="in" pos="prep">in</seg><seg type="word" me_root="the" pos="def_art">the</seg><seg type="word" me_root="rinde" pos="n1">rynde</seg><seg type="word" me_root="of" pos="prep">of</seg><seg type="word" me_root="oure" pos="pron%gen">our</seg><seg type="word" me_root="mortalite" pos="n">mortalitee</seg>
</l>
<l n="32">
<seg type="word" me_root="in" pos="prep">In</seg><seg type="word" me_root="thin" pos="pron%gen">thy</seg><seg type="word" me_root="bodi" pos="n">body</seg><seg type="word" me_root="him" pos="pron%obj">him</seg><seg type="word" me_root="lappen" pos="v%pt_3">lappid</seg><seg type="word" me_root="everi-del" pos="adv">everydel</seg>
</l>
<l n="33">
<seg type="word" me_root="and" pos="conj">And</seg><seg type="word" me_root="his" pos="pron1%gen">his</seg><seg type="word" me_root="heighnesse" pos="n">hynesse</seg><seg type="word" me_root="enclinen" pos="v%pt_3">enclyned,</seg><seg type="word" me_root="witen" pos="v1%pr_3">woot</seg><seg type="word" me_root="ich" pos="pron%nom">I</seg><seg type="word" me_root="wel" pos="adv">wel</seg>
</l>
<l n="34">
<seg type="word" me_root="unto" pos="prep">Vnto</seg><seg type="word" me_root="the" pos="def_art">the</seg><seg type="word" me_root="valei" pos="n">valeye</seg><seg type="word" me_root="of" pos="prep">of</seg><seg type="word" me_root="oure" pos="pron%gen">our</seg><seg type="word" me_root="loulinesse" pos="n">lowlynesse</seg>
</l>
<l n="35">
<seg type="word" me_root="oure" pos="pron%gen">Our</seg><seg type="word" me_root="first" pos="num#adj">firste</seg><seg type="word" me_root="gilt" pos="n1">gilt</seg><seg type="word" me_root="with" pos="prep">with</seg><seg type="word" me_root="his" pos="pron1%gen">his</seg><seg type="word" me_root="blod" pos="n1">blood</seg><seg type="word" me_root="to" pos="part">to</seg><seg type="word" me_root="redressen" pos="v%inf">redresse</seg>
</l>
</lg>
<lg type="stanza" n="6" rhyme="ababbcc">
<l n="36">
<seg type="word" me_root="the" pos="def_art">The</seg><seg type="word" me_root="whit" pos="adj">whyt</seg><seg type="word" me_root="fles" pos="n">flees</seg><seg type="word" me_root="of" pos="prep">of</seg><seg type="word" me_root="thin" pos="pron%gen">thy</seg><seg type="word" me_root="wombe" pos="n">wombe</seg><seg type="word" me_root="virginal" pos="adj">virginal</seg>
</l>
<l n="37">
<seg type="word" me_root="of" pos="prep">Of</seg><seg type="word" me_root="which" pos="pron">which</seg><seg type="word" me_root="the" pos="def_art">the</seg><seg type="word" me_root="goune" pos="n">gowne</seg><seg type="word" me_root="of" pos="prep">of</seg><seg type="word" me_root="perpetuelle" pos="adj">perpetuel</seg><seg type="word" me_root="pes" pos="n">pees</seg>
</l>
<l n="38">
<seg type="word" me_root="ben" pos="v%pt_3">Was</seg><seg type="word" me_root="maken" pos="v1%ppl">maad</seg><seg type="word" me_root="withouten" pos="prep">withouten</seg><seg type="word" me_root="man" pos="n%gen">mannes</seg><seg type="word" me_root="werk" pos="n">werk</seg><seg type="word" me_root="at" pos="prep">at</seg><seg type="word" me_root="al" pos="gram_adj">al</seg>
</l>
<l n="39">
<seg type="word" me_root="honour" pos="n">Honur</seg><seg type="word" me_root="and" pos="conj">and</seg><seg type="word" me_root="thank" pos="n">thank</seg><seg type="word" me_root="ben" pos="v%pr_pl">be</seg><seg type="word" me_root="to" pos="prep">to</seg><seg type="word" me_root="hit" pos="pron">it</seg><seg type="word" me_root="endeles" pos="adj">endelees</seg>
</l>
<l n="40">
<seg type="word" me_root="for" pos="conj">For</seg><seg type="word" me_root="thin" pos="pron%gen">thy</seg><seg type="word" me_root="sone" pos="n">sone</seg><seg type="word" me_root="in" pos="prep">in</seg><seg type="word" me_root="his" pos="pron1%gen">his</seg><seg type="word" me_root="passioun" pos="n">passioun</seg><seg type="word" me_root="douteles" pos="adv">doutelees</seg>
</l>
<l n="41">
<seg type="word" me_root="hit" pos="pron">It</seg><seg type="word" me_root="in-to" pos="prep">into</seg><seg type="word" me_root="purpure" pos="n">purpre</seg><seg type="word" me_root="haven" pos="v%pr_3">hath</seg><seg type="word" me_root="for" pos="prep">for</seg><seg type="word" me_root="man-kinde" pos="n">mankynde</seg><seg type="word" me_root="dien" pos="v%ppl">died</seg>
</l>
<l n="42">
<seg type="word" me_root="for" pos="conj">For</seg><seg type="word" me_root="that" pos="part">that</seg><seg type="word" me_root="him" pos="pron%obj">him</seg><seg type="word" me_root="listen" pos="v1%pr_3">list</seg><seg type="word" me_root="with" pos="prep">with</seg><seg type="word" me_root="us" pos="pron%pl_obj">vs</seg><seg type="word" me_root="to" pos="part">to</seg><seg type="word" me_root="ben" pos="v%inf">been</seg><seg type="word" me_root="allien" pos="v%ppl">allied</seg>
</l>
</lg>
<lg type="stanza" n="7" rhyme="ababbcc">
<l n="43">
<seg type="word" me_root="thou" pos="pron%nom">Thou</seg><seg type="word" me_root="worthi" pos="adj">worthy</seg><seg type="word" me_root="ben" pos="v%pr_2">art</seg><seg type="word" me_root="unto" pos="prep">vnto</seg><seg type="word" me_root="the" pos="def_art">the</seg><seg type="word" me_root="sonne" pos="n%gen">sonnes</seg><seg type="word" me_root="light" pos="n">light</seg>
</l>
<l n="44">
<seg type="word" me_root="ben" pos="v%inf">Be</seg><seg type="word" me_root="liknen" pos="v2%ppl">likned</seg><seg type="word" me_root="and" pos="conj">and</seg><seg type="word" me_root="profren" pos="v%ppl">proferred</seg><seg type="word" me_root="forto" pos="part">forto</seg><seg type="word" me_root="to" pos="part">to</seg><seg type="word" me_root="ben" pos="v%inf">be</seg>
</l>
<l n="45">
<seg type="word" me_root="the" pos="def_art">The</seg><seg type="word" me_root="clernesse" pos="n">cleernesse</seg><seg type="word" me_root="of" pos="prep">of</seg><seg type="word" me_root="the" pos="def_art">the</seg><seg type="word" me_root="mone" pos="n1">moone</seg><seg type="word" me_root="shinen" pos="v%prp_abs">shynyng</seg><seg type="word" me_root="brighte" pos="adv">bright</seg>
</l>
<l n="46">
<seg type="word" me_root="for" pos="conj">For</seg><seg type="word" me_root="as" pos="conj">as</seg><seg type="word" me_root="a" pos="indef_art">an</seg><seg type="word" me_root="hevenli" pos="adj">heuenly</seg><seg type="word" me_root="morn" pos="n">morwen</seg><seg type="word" me_root="thin" pos="pron%gen">thy</seg><seg type="word" me_root="bounte" pos="n">bountee</seg>
</l>
<l n="47">
<seg type="word" me_root="eternal" pos="adj">Eternel</seg><seg type="word" me_root="dai" pos="n">day</seg><seg type="word" me_root="haven" pos="v%pr_3">hath</seg><seg type="word" me_root="geten" pos="v1%ppl">gote</seg><seg type="word" me_root="us" pos="pron%pl_obj">vs</seg><seg type="word" me_root="ladie" pos="n">lady</seg><seg type="word" me_root="fre" pos="adj">free</seg>
</l>
<l n="48">
<seg type="word" me_root="that" pos="pron_rel">That</seg><seg type="word" me_root="derknesse" pos="n">dirknesse</seg><seg type="word" me_root="of" pos="prep">of</seg><seg type="word" me_root="oure" pos="pron%gen">our</seg><seg type="word" me_root="soule" pos="n">soule</seg><seg type="word" me_root="awei" pos="adv">away</seg><seg type="word" me_root="haven" pos="v%pr_3">hath</seg><seg type="word" me_root="chacen" pos="v%ppl">chaced</seg>
</l>
<l n="49">
<seg type="word" me_root="and" pos="conj">And</seg><seg type="word" me_root="oute" pos="adv#prep">out</seg><seg type="word" me_root="of" pos="prep">of</seg><seg type="word" me_root="thraldom" pos="n">thraldam</seg><seg type="word" me_root="fredom" pos="n">freedam</seg><seg type="word" me_root="us" pos="pron%pl_obj">vs</seg><seg type="word" me_root="purchasen" pos="v%pt_2">purchaced</seg>
</l>
</lg>
<lg type="stanza" n="8" rhyme="ababbcc">
<l n="50">
<seg type="word" me_root="thou" pos="pron%nom">Thou</seg><seg type="word" me_root="ben" pos="v%pr_2">art</seg><seg type="word" me_root="she" pos="pron%nom">shee</seg><seg type="word" me_root="which" pos="pron">which</seg><seg type="word" me_root="that" pos="part">that</seg><seg type="word" me_root="strengthen" pos="v%pr_2">strengthest</seg><seg type="word" me_root="herte" pos="n%pl">hertes</seg><seg type="word" me_root="chaste" pos="adj">chaaste</seg>
</l>
<l n="51">
<seg type="word" me_root="with" pos="prep">With</seg><seg type="word" me_root="a" pos="indef_art">a</seg><seg type="word" me_root="sad" pos="adj">sad</seg><seg type="word" me_root="and" pos="conj">and</seg><seg type="word" me_root="constaunt" pos="adj">constant</seg><seg type="word" me_root="perseveraunce" pos="n1">perseuerance</seg>
</l>
<l n="52">
<seg type="word" me_root="what" pos="pron">What</seg><seg type="word" me_root="that" pos="pron">that</seg><seg type="word" me_root="we" pos="pron%pl_nom">we</seg><seg type="word" me_root="justli" pos="adv">justly</seg><seg type="word" me_root="preien" pos="v1%pr_pl">preye</seg><seg type="word" me_root="ben" pos="v%pr_3">is</seg><seg type="word" me_root="speden" pos="v%ppl">sped</seg><seg type="word" me_root="in" pos="prep">in</seg><seg type="word" me_root="haste" pos="n">haaste</seg>
</l>
<l n="53">
<seg type="word" me_root="swich" pos="pron">Swich</seg><seg type="word" me_root="ben" pos="v%pr_3">is</seg><seg type="word" me_root="thin" pos="pron%gen">thy</seg><seg type="word" me_root="grace" pos="n">grace</seg><seg type="word" me_root="and" pos="conj">and</seg><seg type="word" me_root="helplich" pos="adj">helply</seg><seg type="word" me_root="purveiaunce" pos="n">purueance</seg>
</l>
<l n="54">
<seg type="word" me_root="to" pos="part">To</seg><seg type="word" me_root="kepen" pos="v%inf">keepe</seg><seg type="word" me_root="us" pos="pron%pl_obj">vs</seg><seg type="word" me_root="from" pos="prep">fro</seg><seg type="word" me_root="the" pos="def_art">the</seg><seg type="word" me_root="fend" pos="n%gen">feendes</seg><seg type="word" me_root="distourbaunce" pos="n">destourbance</seg>
</l>
<l n="55">
<seg type="word" me_root="thou" pos="pron%nom">Thou</seg><seg type="word" me_root="man" pos="n%pl_gen">mennes</seg><seg type="word" me_root="herte" pos="n%pl">hertes</seg><seg type="word" me_root="firen" pos="v%pr_2">fyrest</seg><seg type="word" me_root="with" pos="prep">with</seg><seg type="word" me_root="the" pos="def_art">the</seg><seg type="word" me_root="hete" pos="n1">hete</seg>
</l>
<l n="56">
<seg type="word" me_root="of" pos="prep">Of</seg><seg type="word" me_root="feith" pos="n">feith</seg><seg type="word" me_root="and" pos="conj">and</seg><seg type="word" me_root="charite" pos="n">charitee</seg><seg type="word" me_root="as" pos="conj">as</seg><seg type="word" me_root="clerk" pos="n%pl">clerkes</seg><seg type="word" me_root="treten" pos="v%pr_pl">trete</seg>
</l>
</lg>
<lg type="stanza" n="9" rhyme="ababbcc">
<l n="57">
<seg type="word" me_root="and" pos="conj">And</seg><seg type="word" me_root="soth" pos="adj">sooth</seg><seg type="word" me_root="hit" pos="pron">it</seg><seg type="word" me_root="ben" pos="v%pr_3">is</seg><seg type="word" me_root="o" pos="interj">o</seg><seg type="word" me_root="heven" pos="n%gen">heuenes</seg><seg type="word" me_root="emperesse" pos="n">emperice</seg>
</l>
<l n="58">
<seg type="word" me_root="that" pos="conj">That</seg><seg type="word" me_root="thou" pos="pron%nom">thou</seg><seg type="word" me_root="for" pos="prep">for</seg><seg type="word" me_root="us" pos="pron%pl_obj">vs</seg><seg type="word" me_root="biforen" pos="prep">beforn</seg><seg type="word" me_root="the" pos="def_art">the</seg><seg type="word" me_root="right-wisnesse" pos="n">rightwisnesse</seg>
</l>
<l n="59">
<seg type="word" me_root="of" pos="prep">Of</seg><seg type="word" me_root="god" pos="n1#propn">God</seg><seg type="word" me_root="thin" pos="pron%gen">thy</seg><seg type="word" me_root="sone" pos="n">sone</seg><seg type="word" me_root="as" pos="conj">as</seg><seg type="word" me_root="oure" pos="pron%gen">our</seg><seg type="word" me_root="mediatrice" pos="n">mediatrice</seg>
</l>
<l n="60">
<seg type="word" me_root="preien" pos="v1%pr_2">Preyest</seg><seg type="word" me_root="of" pos="prep">of</seg><seg type="word" me_root="custumable" pos="adj">custumable</seg><seg type="word" me_root="bisinesse" pos="n">bisynesse</seg>
</l>
<l n="61">
<seg type="word" me_root="cesen" pos="v%imp">Cesse</seg><seg type="word" me_root="thou" pos="pron%nom">thou</seg><seg type="word" me_root="not" pos="adv">nat</seg><seg type="word" me_root="sin" pos="conj">syn</seg><seg type="word" me_root="for" pos="prep">for</seg><seg type="word" me_root="oure" pos="pron%gen">our</seg><seg type="word" me_root="wrecchednesse" pos="n">wrecchidnesse</seg>
</l>
<l n="62">
<seg type="word" me_root="oure" pos="pron%gen">Our</seg><seg type="word" me_root="redemptoure" pos="n">Redemptour</seg><seg type="word" me_root="the" pos="pron2%obj">thee</seg><seg type="word" me_root="haven" pos="v%pr_3">hath</seg><seg type="word" me_root="in" pos="prep">in</seg><seg type="word" me_root="that" pos="art&amp;gram_adj">that</seg><seg type="word" me_root="office" pos="n">office</seg>
</l>
<l n="63">
<seg type="word" me_root="ordeinen" pos="v%ppl">Ordeyned</seg><seg type="word" me_root="forto" pos="part">forto</seg><seg type="word" me_root="to" pos="part">to</seg><seg type="word" me_root="purgen" pos="v1%inf">pourge</seg><seg type="word" me_root="us" pos="pron%pl_obj">vs</seg><seg type="word" me_root="of" pos="prep">of</seg><seg type="word" me_root="oure" pos="pron%gen">our</seg><seg type="word" me_root="vice" pos="n">vice</seg>
</l>
</lg>
<lg type="stanza" n="10" rhyme="ababbcc">
<l n="64">
<seg type="word" me_root="righte" pos="adv">Right</seg><seg type="word" me_root="as" pos="conj">as</seg><seg type="word" me_root="amonges" pos="prep">among</seg><seg type="word" me_root="the" pos="def_art">the</seg><seg type="word" me_root="membre" pos="n">membres</seg><seg type="word" me_root="of" pos="prep">of</seg><seg type="word" me_root="a" pos="indef_art">a</seg><seg type="word" me_root="man" pos="n">man</seg>
</l>
<l n="65">
<seg type="word" me_root="onli" pos="adv">Oonly</seg><seg type="word" me_root="his" pos="pron1%gen">his</seg><seg type="word" me_root="eie" pos="n1">ye</seg><seg type="word" me_root="ben" pos="v%pr_3">is</seg><seg type="word" me_root="perceptible" pos="adj">perceptible</seg><seg type="word" me_root="of" pos="prep">of</seg><seg type="word" me_root="light" pos="n">light</seg>
</l>
<l n="66">
<seg type="word" me_root="in" pos="prep">In</seg><seg type="word" me_root="swich" pos="gram_adj">swich</seg><seg type="word" me_root="manere" pos="n">maneere</seg><seg type="word" me_root="o" pos="interj">o</seg><seg type="word" me_root="thou" pos="pron%nom">thou</seg><seg type="word" me_root="blessed" pos="ppl">blessid</seg><seg type="word" me_root="womman" pos="n">womman</seg>
</l>
<l n="67">
<seg type="word" me_root="amonges" pos="prep">Among</seg><seg type="word" me_root="virgin" pos="n%pl">virgynes</seg><seg type="word" me_root="al" pos="gram_adj">alle</seg><seg type="word" me_root="haven" pos="v%pr_2">haast</seg><seg type="word" me_root="the" pos="def_art">the</seg><seg type="word" me_root="might" pos="n">might</seg>
</l>
<l n="68">
<seg type="word" me_root="onli" pos="adv">Oonly</seg><seg type="word" me_root="to" pos="part">to</seg><seg type="word" me_root="shitten" pos="v%inf">shitte</seg><seg type="word" me_root="in" pos="prep">in</seg><seg type="word" me_root="the" pos="pron2%obj">thee</seg><seg type="word" me_root="as" pos="conj">as</seg><seg type="word" me_root="hit" pos="pron">it</seg><seg type="word" me_root="ben" pos="v%pr_3">is</seg><seg type="word" me_root="right" pos="adj">right</seg>
</l>
<l n="69">
<seg type="word" me_root="eternal" pos="adj_art">Theternel</seg><seg type="word" me_root="glorie" pos="n">glorie</seg><seg type="word" me_root="of" pos="prep">of</seg><seg type="word" me_root="god" pos="n1#propn%gen">Goddes</seg><seg type="word" me_root="mageste" pos="n">magestee</seg>
</l>
<l n="70">
<seg type="word" me_root="for" pos="prep">For</seg><seg type="word" me_root="thin" pos="pron%gen">thy</seg><seg type="word" me_root="clennesse" pos="n">clennesse</seg><seg type="word" me_root="and" pos="conj">and</seg><seg type="word" me_root="thin" pos="pron%gen">thyn</seg><seg type="word" me_root="humilite" pos="n">humilitee</seg>
</l>
</lg>
<lg type="stanza" n="11" rhyme="ababbcc">
<l n="71">
<seg type="word" me_root="if" pos="conj">If</seg><seg type="word" me_root="that" pos="part">that</seg><seg type="word" me_root="the" pos="def_art">the</seg><seg type="word" me_root="fend" pos="n">feend</seg><seg type="word" me_root="wind" pos="n1">wynd</seg><seg type="word" me_root="of" pos="prep">of</seg><seg type="word" me_root="temptacioun" pos="n">temptacioun</seg>
</l>
<l n="72">
<seg type="word" me_root="putten" pos="v%pr_3">Putte</seg><seg type="word" me_root="in" pos="prep">in</seg><seg type="word" me_root="oure" pos="pron%gen">oure</seg><seg type="word" me_root="herte" pos="n%pl">hertes</seg><seg type="word" me_root="or" pos="conj">or</seg><seg type="word" me_root="flod" pos="n%pl">floodes</seg><seg type="word" me_root="of" pos="prep">of</seg><seg type="word" me_root="pride" pos="n2">pryde</seg>
</l>
<l n="73">
<seg type="word" me_root="or" pos="conj">Or</seg><seg type="word" me_root="other" pos="pron">othir</seg><seg type="word" me_root="vicious" pos="adj">vicious</seg><seg type="word" me_root="excitacioun" pos="n">excitacioun</seg>
</l>
<l n="74">
<seg type="word" me_root="oure" pos="pron%gen">Our</seg><seg type="word" me_root="soule" pos="n%pl">soules</seg><seg type="word" me_root="from" pos="prep">fro</seg><seg type="word" me_root="thin" pos="pron%gen">thy</seg><seg type="word" me_root="sone" pos="n">sone</seg><seg type="word" me_root="to" pos="part">to</seg><seg type="word" me_root="dividen" pos="v%inf">dyvyde</seg>
</l>
<l n="75">
<seg type="word" me_root="swich" pos="gram_adj">Swich</seg><seg type="word" me_root="advocatrice" pos="n">aduocatrice</seg><seg type="word" me_root="ben" pos="v%pr_2">art</seg><seg type="word" me_root="thou" pos="pron%nom">thou</seg><seg type="word" me_root="for" pos="prep">for</seg><seg type="word" me_root="oure" pos="pron%gen">our</seg><seg type="word" me_root="side" pos="n">syde</seg>
</l>
<l n="76">
<seg type="word" me_root="that" pos="pron_rel">That</seg><seg type="word" me_root="oure" pos="pron%gen">our</seg><seg type="word" me_root="tempest" pos="n%pl">tempestes</seg><seg type="word" me_root="mouen" pos="v3%pr_pl">may</seg><seg type="word" me_root="no" pos="gram_adj">no</seg><seg type="word" me_root="whil" pos="n">whyle</seg><seg type="word" me_root="lasten" pos="v1%inf">laste</seg>
</l>
<l n="77">
<seg type="word" me_root="at" pos="prep">At</seg><seg type="word" me_root="thin" pos="pron%gen">thy</seg><seg type="word" me_root="preiere" pos="n2">preyere</seg><seg type="word" me_root="al" pos="gram_adj">al</seg><seg type="word" me_root="stinten" pos="v%ppl">styntid</seg><seg type="word" me_root="ben" pos="v%pr_3">is</seg><seg type="word" me_root="as" pos="conj">as</seg><seg type="word" me_root="faste" pos="adv">faste</seg>
</l>
</lg>
<lg type="stanza" n="12" rhyme="ababbcc">
<l n="78">
<seg type="word" me_root="and" pos="conj">And</seg><seg type="word" me_root="to" pos="prep">to</seg><seg type="word" me_root="weder" pos="n1">wedir</seg><seg type="word" me_root="of" pos="prep">of</seg><seg type="word" me_root="grace" pos="n">grace</seg><seg type="word" me_root="ben" pos="v%pr_3">is</seg><seg type="word" me_root="turnen" pos="v%ppl">torned</seg><seg type="word" me_root="al" pos="adv">al</seg>
</l>
<l n="79">
<seg type="word" me_root="to" pos="prep">To</seg><seg type="word" me_root="god" pos="n1#propn">God</seg><seg type="word" me_root="so" pos="adv">so</seg><seg type="word" me_root="acceptable" pos="adj">acceptable</seg><seg type="word" me_root="ben" pos="v%pr_3">is</seg><seg type="word" me_root="thin" pos="pron%gen">thy</seg><seg type="word" me_root="preiere" pos="n2">preyere</seg>
</l>
<l n="80">
<seg type="word" me_root="the" pos="def_art">The</seg><seg type="word" me_root="fend" pos="n%gen">feendes</seg><seg type="word" me_root="malice" pos="n">malice</seg><seg type="word" me_root="hurten" pos="v%inf">hurte</seg><seg type="word" me_root="us" pos="pron%pl_obj">vs</seg><seg type="word" me_root="mouen" pos="v3%pr_3">may</seg><seg type="word" me_root="but" pos="conj">but</seg><seg type="word" me_root="smal" pos="adj">smal</seg>
</l>
<l n="81">
<seg type="word" me_root="sin" pos="conj">Syn</seg><seg type="word" me_root="thou" pos="pron%nom">thou</seg><seg type="word" me_root="with" pos="prep">with</seg><seg type="word" me_root="us" pos="pron%pl_obj">vs</seg><seg type="word" me_root="ben" pos="v%pr_2">art</seg><seg type="word" me_root="crist" pos="n#propn%gen">Crystes</seg><seg type="word" me_root="moder" pos="n">modir</seg><seg type="word" me_root="dere" pos="adj1">deere</seg>
</l>
<l n="82">
<seg type="word" me_root="wel" pos="adv">Wel</seg><seg type="word" me_root="mouen" pos="v3%pr_3">may</seg><seg type="word" me_root="the" pos="def_art">the</seg><seg type="word" me_root="fend" pos="n">feend</seg><seg type="word" me_root="abaishen" pos="v%ppl">abassht</seg><seg type="word" me_root="ben" pos="v%pr_pl">been</seg><seg type="word" me_root="in" pos="prep">in</seg><seg type="word" me_root="his" pos="pron1%gen">his</seg><seg type="word" me_root="chere" pos="n1">cheere</seg>
</l>
<l n="83">
<seg type="word" me_root="thin" pos="pron%gen">Thy</seg><seg type="word" me_root="servaunt" pos="n%pl">seruant3</seg><seg type="word" me_root="that" pos="pron_rel">that</seg><seg type="word" me_root="so" pos="adv">so</seg><seg type="word" me_root="ofte-sithes" pos="adv">often-sythe</seg><seg type="word" me_root="assaillen" pos="v%pr_3">assaillith</seg>
</l>
<l n="84">
<seg type="word" me_root="and" pos="conj">And</seg><seg type="word" me_root="thurgh" pos="prep">thurgh</seg><seg type="word" me_root="thin" pos="pron%gen">thyn</seg><seg type="word" me_root="help" pos="n">help,</seg><seg type="word" me_root="his" pos="pron1%gen">his</seg><seg type="word" me_root="labour" pos="n">labour</seg><seg type="word" me_root="nought" pos="pron">naght</seg><seg type="word" me_root="availen" pos="v%pr_3">auaillith</seg>
</l>
</lg>
<lg type="stanza" n="13" rhyme="ababbcc">
<l n="85">
<seg type="word" me_root="bi" pos="prep">By</seg><seg type="word" me_root="the" pos="pron2%obj">thee</seg><seg type="word" me_root="thin" pos="pron%gen">thy</seg><seg type="word" me_root="sone" pos="n">sone</seg><seg type="word" me_root="graunten" pos="v%pr_3">grantith</seg><seg type="word" me_root="foryevenesse" pos="n">foryevenesse</seg>
</l>
<l n="86">
<seg type="word" me_root="to" pos="prep">To</seg><seg type="word" me_root="sinful" pos="adj">synful</seg><seg type="word" me_root="man" pos="n%pl">men</seg><seg type="word" me_root="to" pos="prep">to</seg><seg type="word" me_root="labourere" pos="n%pl">laboreres</seg><seg type="word" me_root="reste" pos="n1">reste</seg>
</l>
<l n="87">
<seg type="word" me_root="to" pos="prep">To</seg><seg type="word" me_root="hem" pos="pron%pl_obj">hem</seg><seg type="word" me_root="that" pos="pron_rel">that</seg><seg type="word" me_root="ben" pos="v%pr_pl">been</seg><seg type="word" me_root="in" pos="prep">in</seg><seg type="word" me_root="peril" pos="n">peril</seg><seg type="word" me_root="sikernesse" pos="n">sikirnesse</seg>
</l>
<l n="88">
<seg type="word" me_root="to" pos="prep">To</seg><seg type="word" me_root="sik" pos="adj">seek</seg><seg type="word" me_root="man" pos="n%pl">men</seg><seg type="word" me_root="helthe" pos="n">helthe,</seg><seg type="word" me_root="swich" pos="gram_adj">swich</seg><seg type="word" me_root="righte" pos="adv">right</seg><seg type="word" me_root="as" pos="conj">as</seg><seg type="word" me_root="hem" pos="pron%pl_obj">hem</seg><seg type="word" me_root="listen" pos="v1%pr_3">leste</seg>
</l>
<l n="89">
<seg type="word" me_root="of" pos="prep">Of</seg><seg type="word" me_root="creature" pos="n%pl">creatures</seg><seg type="word" me_root="al" pos="gram_adj">alle</seg><seg type="word" me_root="o" pos="interj">o</seg><seg type="word" me_root="thou" pos="pron%nom">thou</seg><seg type="word" me_root="the" pos="def_art">the</seg><seg type="word" me_root="best" pos="adjas_n%sup">beste</seg>
</l>
<l n="90">
<seg type="word" me_root="feith" pos="n">Feith</seg><seg type="word" me_root="amonges" pos="prep">among</seg><seg type="word" me_root="frend" pos="n%pl">freendes</seg><seg type="word" me_root="graunten" pos="v%ppl">grantid</seg><seg type="word" me_root="ben" pos="v%pr_3">is</seg><seg type="word" me_root="bi" pos="prep">by</seg><seg type="word" me_root="the" pos="pron2%obj">thee</seg>
</l>
<l n="91">
<seg type="word" me_root="and" pos="conj">And</seg><seg type="word" me_root="bitwixe" pos="prep">betwixt</seg><seg type="word" me_root="fo" pos="n%pl">foos</seg><seg type="word" me_root="pes" pos="n">pees</seg><seg type="word" me_root="and" pos="conj">and</seg><seg type="word" me_root="tranquillite" pos="n">tranquillitee</seg>
</l>
</lg>
<lg type="stanza" n="14" rhyme="ababbcc">
<l n="92">
<seg type="word" me_root="to" pos="prep">To</seg><seg type="word" me_root="hem" pos="pron%pl_obj">hem</seg><seg type="word" me_root="that" pos="pron_rel">that</seg><seg type="word" me_root="in" pos="prep">in</seg><seg type="word" me_root="disese" pos="n">disese</seg><seg type="word" me_root="and" pos="conj">and</seg><seg type="word" me_root="angwisshe" pos="n">angwissh</seg><seg type="word" me_root="ben" pos="v%pr_pl">be</seg>
</l>
<l n="93">
<seg type="word" me_root="graunten" pos="v%ppl">Grauntid</seg><seg type="word" me_root="ben" pos="v%pr_3">is</seg><seg type="word" me_root="also" pos="adv">also</seg><seg type="word" me_root="consolacioun" pos="n">consolacioun</seg>
</l>
<l n="94">
<seg type="word" me_root="in" pos="prep">In</seg><seg type="word" me_root="thing" pos="n%pl">thynges</seg><seg type="word" me_root="that" pos="pron_rel">that</seg><seg type="word" me_root="ben" pos="v%pr_pl">been</seg><seg type="word" me_root="doutous" pos="adj">doutous,</seg><seg type="word" me_root="certainte" pos="n">certaintee</seg>
</l>
<l n="95">
<seg type="word" me_root="solas" pos="n">Solace</seg><seg type="word" me_root="and" pos="conj">and</seg><seg type="word" me_root="joie" pos="n">joie</seg><seg type="word" me_root="in" pos="prep">in</seg><seg type="word" me_root="tribulacioun" pos="n">tribulacioun</seg>
</l>
<l n="96">
<seg type="word" me_root="in" pos="prep">In</seg><seg type="word" me_root="exil" pos="n1">exyl</seg><seg type="word" me_root="reconciliacioun" pos="n">reconsiliacioun</seg>
</l>
<l n="97">
<seg type="word" me_root="in" pos="prep">In</seg><seg type="word" me_root="perishinge" pos="ger">perisshynge</seg><seg type="word" me_root="siker" pos="adj">sikir</seg><seg type="word" me_root="haven" pos="n1">havene</seg><seg type="word" me_root="and" pos="conj">and</seg><seg type="word" me_root="port" pos="n2">port</seg>
</l>
<l n="98">
<seg type="word" me_root="thus" pos="adv">Thus</seg><seg type="word" me_root="ben" pos="v%pr_pron">artow</seg><seg type="word" me_root="everiwhere" pos="adv">everywhere</seg><seg type="word" me_root="al" pos="gram_adj">al</seg><seg type="word" me_root="oure" pos="pron%gen">our</seg><seg type="word" me_root="comfort" pos="n">confort</seg>
</l>
</lg>
<lg type="stanza" n="15" rhyme="ababbcc">
<l n="99">
<seg type="word" me_root="sin" pos="conj">Syn</seg><seg type="word" me_root="swich" pos="gram_adj">swich</seg><seg type="word" me_root="pouere" pos="n">power</seg><seg type="word" me_root="to" pos="prep">to</seg><seg type="word" me_root="the" pos="pron2%obj">thee</seg><seg type="word" me_root="committen" pos="v%ppl">committid</seg><seg type="word" me_root="ben" pos="v%pr_3">is</seg>
</l>
<l n="100">
<seg type="word" me_root="that" pos="conj">That</seg><seg type="word" me_root="soule" pos="n">soule</seg><seg type="word" me_root="of" pos="prep">of</seg><seg type="word" me_root="man" pos="n">man</seg><seg type="word" me_root="ben" pos="v%pr_3">is</seg><seg type="word" me_root="as" pos="conj">as</seg><seg type="word" me_root="the" pos="pron2%obj">thee</seg><seg type="word" me_root="listen" pos="v1%pr_3">list</seg><seg type="word" me_root="hit" pos="pron">it</seg><seg type="word" me_root="haven" pos="v%inf">have</seg>
</l>
<l n="101">
<seg type="word" me_root="amenden" pos="v%imp">Amende</seg><seg type="word" me_root="at" pos="prep">at</seg><seg type="word" me_root="oure" pos="pron%gen">oure</seg><seg type="word" me_root="askinge" pos="ger">axynge</seg><seg type="word" me_root="that" pos="pron_rel">that</seg><seg type="word" me_root="ben" pos="v%pr_3">is</seg><seg type="word" me_root="mis" pos="adj">mis</seg>
</l>
<l n="102">
<seg type="word" me_root="of" pos="prep">Of</seg><seg type="word" me_root="duete" pos="n">duetee</seg><seg type="word" me_root="we" pos="pron%pl_nom">we</seg><seg type="word" me_root="willen" pos="v%pr_pl">wole</seg><seg type="word" me_root="hit" pos="pron">it</seg><seg type="word" me_root="asken" pos="v%inf">axe</seg><seg type="word" me_root="and" pos="conj">and</seg><seg type="word" me_root="craven" pos="v%inf">crave</seg>
</l>
<l n="103">
<seg type="word" me_root="in" pos="prep">In</seg><seg type="word" me_root="the" pos="pron2%obj">thee</seg><seg type="word" me_root="nexte" pos="prep">next</seg><seg type="word" me_root="god" pos="n1#propn">God,</seg><seg type="word" me_root="ben" pos="v%pr_3">is</seg><seg type="word" me_root="al" pos="gram_adj">al</seg><seg type="word" me_root="that" pos="pron_rel">that</seg><seg type="word" me_root="us" pos="pron%pl_obj">vs</seg><seg type="word" me_root="mouen" pos="v3%pr_3">may</seg><seg type="word" me_root="saven" pos="v%inf">saue</seg>
</l>
<l n="104">
<seg type="word" me_root="thou" pos="pron%nom">Thou</seg><seg type="word" me_root="as" pos="conj">as</seg><seg type="word" me_root="the" pos="pron2%obj">thee</seg><seg type="word" me_root="listen" pos="v1%pr_3">list</seg><seg type="word" me_root="his" pos="pron1%gen">his</seg><seg type="word" me_root="herte" pos="n">herte</seg><seg type="word" me_root="mouen" pos="v3%pr_2">mayst</seg><seg type="word" me_root="enclinen" pos="v%inf">enclyne</seg>
</l>
<l n="105">
<seg type="word" me_root="and" pos="conj">And</seg><seg type="word" me_root="he" pos="pron1%nom">he</seg><seg type="word" me_root="consenten" pos="v%pr_3">consentith</seg><seg type="word" me_root="wel" pos="adv">wel</seg><seg type="word" me_root="that" pos="conj">that</seg><seg type="word" me_root="thou" pos="pron%nom">thou</seg><seg type="word" me_root="hit" pos="pron">it</seg><seg type="word" me_root="minen" pos="v%pr_2">myne</seg>
</l>
</lg>
<lg type="stanza" n="16" rhyme="ababbcc">
<l n="106">
<seg type="word" me_root="thin" pos="pron%gen">Thy</seg><seg type="word" me_root="sone" pos="n">sone</seg><seg type="word" me_root="haven" pos="v%pr_3">hath</seg><seg type="word" me_root="bien" pos="v%ppl">boght</seg><seg type="word" me_root="oure" pos="pron%gen">our</seg><seg type="word" me_root="soule" pos="n%pl">soules</seg><seg type="word" me_root="at" pos="prep">at</seg><seg type="word" me_root="swich" pos="gram_adj">swich</seg><seg type="word" me_root="pris" pos="n1">prys</seg>
</l>
<l n="107">
<seg type="word" me_root="that" pos="conj">That</seg><seg type="word" me_root="dere" pos="adj1%comp">derrer</seg><seg type="word" me_root="mouen" pos="v3%pt_3">mighte</seg><seg type="word" me_root="no-thing" pos="pron">nothyng</seg><seg type="word" me_root="haven" pos="v%inf">han</seg><seg type="word" me_root="ben" pos="v%ppl">be</seg><seg type="word" me_root="bien" pos="v%ppl">boght</seg>
</l>
<l n="108">
<seg type="word" me_root="and" pos="conj">And</seg><seg type="word" me_root="he" pos="pron1%nom">he</seg><seg type="word" me_root="a" pos="indef_art">a</seg><seg type="word" me_root="chap-man" pos="n">chapman</seg><seg type="word" me_root="ben" pos="v%pr_3">is</seg><seg type="word" me_root="not" pos="adv">nat</seg><seg type="word" me_root="so" pos="adv">so</seg><seg type="word" me_root="unwis" pos="adj">vnwys</seg>
</l>
<l n="109">
<seg type="word" me_root="though" pos="conj">Thogh</seg><seg type="word" me_root="that" pos="part">that</seg><seg type="word" me_root="we" pos="pron%pl_nom">we</seg><seg type="word" me_root="sinful" pos="adj">synful</seg><seg type="word" me_root="ben" pos="v%pr_pl">been</seg><seg type="word" me_root="in" pos="prep">in</seg><seg type="word" me_root="dede" pos="n">deede</seg><seg type="word" me_root="and" pos="conj">and</seg><seg type="word" me_root="thought" pos="n">thoght</seg>
</l>
<l n="110">
<seg type="word" me_root="oure" pos="pron%gen">Our</seg><seg type="word" me_root="soule" pos="n%pl">soules</seg><seg type="word" me_root="lightli" pos="adv">lightly</seg><seg type="word" me_root="lesen" pos="v4%inf">leese</seg><seg type="word" me_root="he" pos="pron1%nom">he</seg><seg type="word" me_root="thinken" pos="v2%pt_3">thoghte</seg><seg type="word" me_root="hit" pos="pron">it</seg><seg type="word" me_root="nought" pos="adv">noght</seg>
</l>
<l n="111">
<seg type="word" me_root="he" pos="pron1%nom">He</seg><seg type="word" me_root="merci" pos="n1">mercy</seg><seg type="word" me_root="wernen" pos="v%pr_3">werneth</seg><seg type="word" me_root="never" pos="adv">neuere</seg><seg type="word" me_root="at" pos="prep">at</seg><seg type="word" me_root="thin" pos="pron%gen">thyn</seg><seg type="word" me_root="instaunce" pos="n">instance</seg>
</l>
<l n="112">
<seg type="word" me_root="for-whi" pos="adv&amp;conj">Forwhy</seg><seg type="word" me_root="we" pos="pron%pl_nom">we</seg><seg type="word" me_root="the" pos="pron2%obj">thee</seg><seg type="word" me_root="preien" pos="v1%pr_pl">preye</seg><seg type="word" me_root="of" pos="prep">of</seg><seg type="word" me_root="continuaunce" pos="n">continuance</seg>
</l>
</lg>
<lg type="stanza" n="17" rhyme="ababbcc">
<l n="113">
<seg type="word" me_root="oure" pos="pron%gen">Our</seg><seg type="word" me_root="redemptoure" pos="n">Redemptour</seg><seg type="word" me_root="bi" pos="prep">by</seg><seg type="word" me_root="the" pos="pron2%obj">thee</seg><seg type="word" me_root="moder" pos="n">modir</seg><seg type="word" me_root="of" pos="prep">of</seg><seg type="word" me_root="grace" pos="n">grace</seg>
</l>
<l n="114">
<seg type="word" me_root="graunten" pos="v%imp">Grauntith</seg><seg type="word" me_root="honour" pos="n">honour</seg><seg type="word" me_root="joie" pos="n">joie</seg><seg type="word" me_root="and" pos="conj">and</seg><seg type="word" me_root="eternite" pos="n">eternitee</seg>
</l>
<l n="115">
<seg type="word" me_root="leten" pos="v%imp">Let</seg><seg type="word" me_root="sen" pos="v1%inf">see</seg><seg type="word" me_root="the" pos="def_art">the</seg><seg type="word" me_root="merci" pos="n1">mercy</seg><seg type="word" me_root="of" pos="prep">of</seg><seg type="word" me_root="thin" pos="pron%gen">thy</seg><seg type="word" me_root="sone" pos="n">sone</seg><seg type="word" me_root="embracen" pos="v%imp">embrace</seg>
</l>
<l n="116">
<seg type="word" me_root="preven" pos="v%imp">Preeue</seg><seg type="word" me_root="the" pos="pron2%obj">thee</seg><seg type="word" me_root="swich" pos="pron">swich</seg><seg type="word" me_root="as" pos="conj">as</seg><seg type="word" me_root="thou" pos="pron%nom">thou</seg><seg type="word" me_root="ben" pos="v%pr_2">art</seg><seg type="word" me_root="wonen" pos="v1%ppl">wont</seg><seg type="word" me_root="to" pos="part">to</seg><seg type="word" me_root="ben" pos="v%inf">be</seg>
</l>
<l n="117">
<seg type="word" me_root="and" pos="conj">And</seg><seg type="word" me_root="thanne" pos="adv">thanne</seg><seg type="word" me_root="of" pos="prep">of</seg><seg type="word" me_root="grace" pos="n">grace</seg><seg type="word" me_root="seur" pos="adj">seur</seg><seg type="word" me_root="inough" pos="adv">ynow</seg><seg type="word" me_root="ben" pos="v%pr_pl">been</seg><seg type="word" me_root="we" pos="pron%pl_nom">we</seg>
</l>
<l n="118">
<seg type="word" me_root="for" pos="conj">For</seg><seg type="word" me_root="ever" pos="adv">evere</seg><seg type="word" me_root="er" pos="prep">or</seg><seg type="word" me_root="this" pos="pron">this</seg><seg type="word" me_root="haven" pos="v%pr_3">hath</seg><seg type="word" me_root="ben" pos="v%ppl">been</seg><seg type="word" me_root="thin" pos="pron%gen">thy</seg><seg type="word" me_root="bisinesse" pos="n">bysynesse</seg>
</l>
<l n="119">
<seg type="word" me_root="to" pos="part">To</seg><seg type="word" me_root="purchasen" pos="v%inf">purchace</seg><seg type="word" me_root="of" pos="prep">of</seg><seg type="word" me_root="oure" pos="pron%gen">our</seg><seg type="word" me_root="gilt" pos="n1">gilt</seg><seg type="word" me_root="foryevenesse" pos="n">foryevenesse</seg>
</l>
</lg>
<lg type="stanza" n="18" rhyme="ababbcc">
<l n="120">
<seg type="word" me_root="and" pos="conj">And</seg><seg type="word" me_root="nou" pos="adv">now</seg><seg type="word" me_root="to" pos="part">to</seg><seg type="word" me_root="stinten" pos="v%inf">stynte</seg><seg type="word" me_root="of" pos="prep">of</seg><seg type="word" me_root="that" pos="art&amp;gram_adj">that</seg><seg type="word" me_root="helplich" pos="adj">helply</seg><seg type="word" me_root="custume" pos="n">custume</seg>
</l>
<l n="121">
<seg type="word" me_root="that" pos="pron_rel">That</seg><seg type="word" me_root="unto" pos="prep">vnto</seg><seg type="word" me_root="man-kinde" pos="n">mankynde</seg><seg type="word" me_root="ben" pos="v%pr_3">is</seg><seg type="word" me_root="so" pos="adv">so</seg><seg type="word" me_root="profitable" pos="adj">profitable</seg>
</l>
<l n="122">
<seg type="word" me_root="no" pos="gram_adj">No</seg><seg type="word" me_root="wight" pos="n">wight</seg><seg type="word" me_root="on" pos="prep">on</seg><seg type="word" me_root="him" pos="pron%obj">him</seg><seg type="word" me_root="connen" pos="v%pr_3">can</seg><seg type="word" me_root="taken" pos="v%inf">taken</seg><seg type="word" me_root="or" pos="conj">or</seg><seg type="word" me_root="presumen" pos="v%inf">presume</seg>
</l>
<l n="123">
<seg type="word" me_root="thin" pos="pron%gen">Thy</seg><seg type="word" me_root="kinde" pos="n">kynde</seg><seg type="word" me_root="ben" pos="v%pr_3">is</seg><seg type="word" me_root="not" pos="adv">nat</seg><seg type="word" me_root="forto" pos="part">forto</seg><seg type="word" me_root="to" pos="part">to</seg><seg type="word" me_root="ben" pos="v%inf">be</seg><seg type="word" me_root="chaungeable" pos="adj">changeable</seg>
</l>
<l n="124">
<seg type="word" me_root="but" pos="conj">But</seg><seg type="word" me_root="in" pos="prep">in</seg><seg type="word" me_root="vertu" pos="n">vertu</seg><seg type="word" me_root="to" pos="part">to</seg><seg type="word" me_root="ben" pos="v%inf">be</seg><seg type="word" me_root="constaunt" pos="adj">constant</seg><seg type="word" me_root="and" pos="conj">and</seg><seg type="word" me_root="stable" pos="adj">stable</seg>
</l>
<l n="125">
<seg type="word" me_root="and" pos="conj">And</seg><seg type="word" me_root="so" pos="adv">so</seg><seg type="word" me_root="thou" pos="pron%nom">thou</seg><seg type="word" me_root="ben" pos="v%pr_2">art</seg><seg type="word" me_root="ladie" pos="n">lady</seg><seg type="word" me_root="withouten" pos="prep">withouten</seg><seg type="word" me_root="faile" pos="n">faille</seg>
</l>
<l n="126">
<seg type="word" me_root="we" pos="pron%pl_nom">We</seg><seg type="word" me_root="douten" pos="v%pr_pl">doute</seg><seg type="word" me_root="hit" pos="pron">it</seg><seg type="word" me_root="nought" pos="adv">naght</seg><seg type="word" me_root="nou" pos="adv">now</seg><seg type="word" me_root="don" pos="v1%imp">do</seg><seg type="word" me_root="forth" pos="adv">foorth</seg><seg type="word" me_root="thin" pos="pron%gen">thy</seg><seg type="word" me_root="travail" pos="n">trauaille</seg>
</l>
</lg>
<lg type="stanza" n="19" rhyme="ababbcc">
<l n="127">
<seg type="word" me_root="ladie" pos="n">Lady</seg><seg type="word" me_root="in" pos="prep">in</seg><seg type="word" me_root="whom" pos="pron%obj">whom</seg><seg type="word" me_root="al" pos="gram_adj">al</seg><seg type="word" me_root="vertu" pos="n">vertu</seg><seg type="word" me_root="haven" pos="v%pr_3">hath</seg><seg type="word" me_root="his" pos="pron1%gen">his</seg><seg type="word" me_root="reste" pos="n1">reste</seg>
</l>
<l n="128">
<seg type="word" me_root="moder" pos="n">Modir</seg><seg type="word" me_root="of" pos="prep">of</seg><seg type="word" me_root="merci" pos="n1">mercy</seg><seg type="word" me_root="moder" pos="n">modir</seg><seg type="word" me_root="of" pos="prep">of</seg><seg type="word" me_root="pite" pos="n">pitee</seg>
</l>
<l n="129">
<seg type="word" me_root="of" pos="prep">Of</seg><seg type="word" me_root="al" pos="gram_adj">al</seg><seg type="word" me_root="bounte" pos="n">bountee</seg><seg type="word" me_root="thou" pos="pron%nom">thou</seg><seg type="word" me_root="verrei" pos="adj">verray</seg><seg type="word" me_root="cofre" pos="n">cofre</seg><seg type="word" me_root="and" pos="conj">and</seg><seg type="word" me_root="cheste" pos="n">cheste</seg>
</l>
<l n="130">
<seg type="word" me_root="defenden" pos="v%imp">Deffende</seg><seg type="word" me_root="us" pos="pron%pl_obj">vs</seg><seg type="word" me_root="from" pos="prep">fro</seg><seg type="word" me_root="the" pos="def_art">the</seg><seg type="word" me_root="fend" pos="n%gen">feendes</seg><seg type="word" me_root="sotilte" pos="n">sotiltee</seg>
</l>
<l n="131">
<seg type="word" me_root="that" pos="conj">That</seg><seg type="word" me_root="us" pos="pron%pl_obj">vs</seg><seg type="word" me_root="not" pos="adv">nat</seg><seg type="word" me_root="greven" pos="v%pr_3">greeve</seg><seg type="word" me_root="his" pos="pron1%gen">his</seg><seg type="word" me_root="gret" pos="adj%sg">greet</seg><seg type="word" me_root="iniquite" pos="n">iniquitee</seg>
</l>
<l n="132">
<seg type="word" me_root="thin" pos="pron%gen">Thy</seg><seg type="word" me_root="tender" pos="adj">tendre</seg><seg type="word" me_root="love" pos="n1">love</seg><seg type="word" me_root="upon" pos="prep">vpon</seg><seg type="word" me_root="us" pos="pron%pl_obj">vs</seg><seg type="word" me_root="wrecche" pos="n%pl">wrecches</seg><seg type="word" me_root="preven" pos="v%imp">preeue</seg>
</l>
<l n="133">
<seg type="word" me_root="that" pos="pron_rel">That</seg><seg type="word" me_root="ben" pos="v%pr_pl">been</seg><seg type="word" me_root="the" pos="def_art">the</seg><seg type="word" me_root="sone" pos="n%pl">sones</seg><seg type="word" me_root="exiled" pos="ppl#adj">exylid</seg><seg type="word" me_root="of" pos="prep">of</seg><seg type="word" me_root="eve" pos="n#propn">Eeve</seg>
</l>
</lg>
<lg type="stanza" n="20" rhyme="ababbcc">
<l n="134">
<seg type="word" me_root="unto" pos="prep">Vnto</seg><seg type="word" me_root="thin" pos="pron%gen">thy</seg><seg type="word" me_root="blessed" pos="ppl">blissid</seg><seg type="word" me_root="sone" pos="n">sone</seg><seg type="word" me_root="us" pos="pron%pl_obj">vs</seg><seg type="word" me_root="reconcilen" pos="v%imp">reconsyle</seg>
</l>
<l n="135">
<seg type="word" me_root="for" pos="conj">For</seg><seg type="word" me_root="to" pos="prep">to</seg><seg type="word" me_root="that" pos="art&amp;gram_adj">that</seg><seg type="word" me_root="ende" pos="n1">ende</seg><seg type="word" me_root="and" pos="conj">and</seg><seg type="word" me_root="unto" pos="prep">vnto</seg><seg type="word" me_root="that" pos="art&amp;gram_adj">that</seg><seg type="word" me_root="entente" pos="n">entente</seg>
</l>
<l n="136">
<seg type="word" me_root="as" pos="conj">As</seg><seg type="word" me_root="thou" pos="pron%nom">thou</seg><seg type="word" me_root="wel" pos="adv">wel</seg><seg type="word" me_root="witen" pos="v1%pr_2">woost</seg><seg type="word" me_root="in-to" pos="prep">into</seg><seg type="word" me_root="this" pos="gram_adj">this</seg><seg type="word" me_root="wrecched" pos="adj">wrecchid</seg><seg type="word" me_root="ile" pos="n1">yle</seg>
</l>
<l n="137">
<seg type="word" me_root="for" pos="prep">For</seg><seg type="word" me_root="oure" pos="pron%gen">our</seg><seg type="word" me_root="bihove" pos="n">behoue</seg><seg type="word" me_root="his" pos="pron1%gen">his</seg><seg type="word" me_root="fader" pos="n">fadir</seg><seg type="word" me_root="him" pos="pron%obj">him</seg><seg type="word" me_root="doun" pos="adv">doun</seg><seg type="word" me_root="senden" pos="v2%pt_3">sente</seg>
</l>
<l n="138">
<seg type="word" me_root="in" pos="prep">In</seg><seg type="word" me_root="man" pos="n%gen">mannes</seg><seg type="word" me_root="love" pos="n1">love</seg><seg type="word" me_root="hou" pos="adv&amp;conj">how</seg><seg type="word" me_root="ferventli" pos="adv">fervently</seg><seg type="word" me_root="he" pos="pron1%nom">he</seg><seg type="word" me_root="brennen" pos="v%pt_3">brente</seg>
</l>
<l n="139">
<seg type="word" me_root="his" pos="pron1%gen">His</seg><seg type="word" me_root="passioun" pos="n">passion</seg><seg type="word" me_root="witnesse" pos="n">witnesse</seg><seg type="word" me_root="beren" pos="v1%inf">bere</seg><seg type="word" me_root="mouen" pos="v3%pr_3">may</seg>
</l>
<l n="140">
<seg type="word" me_root="remembren" pos="v%imp">Remembre</seg><seg type="word" me_root="on" pos="prep">on</seg><seg type="word" me_root="that" pos="pron">that</seg><seg type="word" me_root="and" pos="conj">and</seg><seg type="word" me_root="preien" pos="v1%imp">preye</seg><seg type="word" me_root="for" pos="prep">for</seg><seg type="word" me_root="us" pos="pron%pl_obj">vs</seg><seg type="word" me_root="ai" pos="adv">ay</seg>
</l>
</lg>
<!-- <lg type="stanza" n="21" rhyme="ababbcc">
<l n="0">
<seg type="word" me_root="him" pos="pron%obj">him</seg><seg type="word" me_root="doun" pos="adv">doun</seg><seg type="word" me_root="senden" pos="v2%pt_3">sente</seg>
</l>
<l n="138">
<seg type="word" me_root="in" pos="prep">In</seg><seg type="word" me_root="man" pos="n%gen">mannes</seg><seg type="word" me_root="love" pos="n1">love</seg><seg type="word" me_root="hou" pos="adv&amp;conj">how</seg><seg type="word" me_root="ferventli" pos="adv">fervently</seg><seg type="word" me_root="he" pos="pron1%nom">he</seg><seg type="word" me_root="brennen" pos="v%pt_3">brente</seg>
</l>
<l n="139">
<seg type="word" me_root="his" pos="pron1%gen">His</seg><seg type="word" me_root="passioun" pos="n">passion</seg><seg type="word" me_root="witnesse" pos="n">witnesse</seg><seg type="word" me_root="beren" pos="v1%inf">bere</seg><seg type="word" me_root="mouen" pos="v3%pr_3">may</seg>
</l>
<l n="140">
<seg type="word" me_root="remembren" pos="v%imp">Remembre</seg>
</l>
</lg>-->
</poem>
