<?xml version="1.0" encoding="UTF-8"?>
<poem id="11-hoc">
<lg type="stanza" n="1" rhyme="ababbcbbc">
<l n="1">
<seg type="word" me_root="unto" pos="prep">Vnto</seg><seg type="word" me_root="the" pos="def_art">the</seg><seg type="word" me_root="real" pos="adj1">rial</seg><seg type="word" me_root="egle" pos="n%gen">egles</seg><seg type="word" me_root="excellence" pos="n">excellence</seg>
</l>
<l n="2">
<seg type="word" me_root="ich" pos="pron%nom">I</seg><seg type="word" me_root="humble" pos="adj">humble</seg><seg type="word" me_root="clerk" pos="n">Clerc</seg><seg type="word" me_root="with" pos="prep">with</seg><seg type="word" me_root="al" pos="gram_adj">al</seg><seg type="word" me_root="herte" pos="n%gen">hertes</seg><seg type="word" me_root="humblesse" pos="n">humblesse</seg>
</l>
<l n="3">
<seg type="word" me_root="this" pos="gram_adj">This</seg><seg type="word" me_root="bok" pos="n1">book</seg><seg type="word" me_root="presenten" pos="v%pr_1">presente</seg><seg type="word" me_root="and" pos="conj">and</seg><seg type="word" me_root="of" pos="prep">of</seg><seg type="word" me_root="your" pos="pron%pl_gen">your</seg><seg type="word" me_root="reverence" pos="n">reuerence</seg>
</l>
<l n="4">
<seg type="word" me_root="bisechen" pos="v%pr_1">Byseeche</seg><seg type="word" me_root="ich" pos="pron%nom">I</seg><seg type="word" me_root="pardoun" pos="n">pardon</seg><seg type="word" me_root="and" pos="conj">and</seg><seg type="word" me_root="foryevenesse" pos="n">foryevenesse</seg>
</l>
<l n="5">
<seg type="word" me_root="that" pos="conj">That</seg><seg type="word" me_root="of" pos="prep">of</seg><seg type="word" me_root="min" pos="pron%gen">myn</seg><seg type="word" me_root="ignoraunce" pos="n">ignorance</seg><seg type="word" me_root="and" pos="conj">and</seg><seg type="word" me_root="leuednesse" pos="n">lewdenesse</seg>
</l>
<l n="6">
<seg type="word" me_root="not" pos="adv">Nat</seg><seg type="word" me_root="haven" pos="v%pr_1">have</seg><seg type="word" me_root="ich" pos="pron%nom">I</seg><seg type="word" me_root="writen" pos="v%ppl">write</seg><seg type="word" me_root="hit" pos="pron">it</seg><seg type="word" me_root="in" pos="prep">in</seg><seg type="word" me_root="so" pos="adv">so</seg><seg type="word" me_root="godli" pos="adj2">goodly</seg><seg type="word" me_root="wise" pos="n2">wyse</seg>
</l>
<l n="7">
<seg type="word" me_root="as" pos="conj">As</seg><seg type="word" me_root="that" pos="part">that</seg><seg type="word" me_root="me" pos="pron2%obj">me</seg><seg type="word" me_root="ouen" pos="v%pt_3">oghte</seg><seg type="word" me_root="unto" pos="prep">vnto</seg><seg type="word" me_root="your" pos="pron%pl_gen">your</seg><seg type="word" me_root="worthinesse" pos="n">worthynesse</seg>
</l>
<l n="8">
<seg type="word" me_root="min" pos="pron%gen">Myn</seg><seg type="word" me_root="eie" pos="n1%pl">yen</seg><seg type="word" me_root="haven" pos="v%pr_3">hath</seg><seg type="word" me_root="custumed" pos="ppl#adj">custumed</seg><seg type="word" me_root="bisinesse" pos="n">bysynesse</seg>
</l>
<l n="9">
<seg type="word" me_root="so" pos="adv">So</seg><seg type="word" me_root="daswen" pos="v%ppl">daswed</seg><seg type="word" me_root="that" pos="conj">that</seg><seg type="word" me_root="ich" pos="pron%nom">I</seg><seg type="word" me_root="mouen" pos="v3%pr_1">may</seg><seg type="word" me_root="no" pos="gram_adj">no</seg><seg type="word" me_root="bet" pos="adv%comp">bet</seg><seg type="word" me_root="suffisen" pos="v%inf">souffyse</seg>
</l>
</lg>
<lg type="stanza" n="2" rhyme="ababbcbbc">
<l n="10">
<seg type="word" me_root="ich" pos="pron%nom">I</seg><seg type="word" me_root="dreden" pos="v%pr_1">dreede</seg><seg type="word" me_root="leste" pos="conj">lest</seg><seg type="word" me_root="that" pos="part">that</seg><seg type="word" me_root="min" pos="pron%gen">my</seg><seg type="word" me_root="maister" pos="n">maistir</seg><seg type="word" me_root="massy" pos="n#propn">Massy</seg>
</l>
<l n="11">
<seg type="word" me_root="that" pos="pron_rel">That</seg><seg type="word" me_root="ben" pos="v%pr_3">is</seg><seg type="word" me_root="of" pos="prep">of</seg><seg type="word" me_root="fructuous" pos="adj">fructuous</seg><seg type="word" me_root="intelligence" pos="n">intelligence</seg>
</l>
<l n="12">
<seg type="word" me_root="whan" pos="adv&amp;conj">Whan</seg><seg type="word" me_root="he" pos="pron1%nom">he</seg><seg type="word" me_root="biholden" pos="v%pr_3">beholdith</seg><seg type="word" me_root="hou" pos="adv&amp;conj">how</seg><seg type="word" me_root="unconningli" pos="adv">vnconnyngly</seg>
</l>
<l n="13">
<seg type="word" me_root="min" pos="pron%gen">My</seg><seg type="word" me_root="bok" pos="n1">book</seg><seg type="word" me_root="ben" pos="v%pr_3">is</seg><seg type="word" me_root="metren" pos="v%ppl">metrid</seg><seg type="word" me_root="hou" pos="adv&amp;conj">how</seg><seg type="word" me_root="raue" pos="adj">raw</seg><seg type="word" me_root="min" pos="pron%gen">my</seg><seg type="word" me_root="sentence" pos="n">sentence</seg>
</l>
<l n="14">
<seg type="word" me_root="hou" pos="adv&amp;conj">How</seg><seg type="word" me_root="feble" pos="adj">feeble</seg><seg type="word" me_root="ek" pos="adv">eek</seg><seg type="word" me_root="ben" pos="v%pr_pl">been</seg><seg type="word" me_root="min" pos="pron%gen">my</seg><seg type="word" me_root="colour" pos="n%pl">colours;</seg><seg type="word" me_root="his" pos="pron1%gen">his</seg><seg type="word" me_root="prudence" pos="n">prudence</seg>
</l>
<l n="15">
<seg type="word" me_root="shulen" pos="v1%pr_3">Shal</seg><seg type="word" me_root="sore" pos="adv">sore</seg><seg type="word" me_root="encombren" pos="v%ppl">encombrid</seg><seg type="word" me_root="ben" pos="v%inf">been</seg><seg type="word" me_root="of" pos="prep">of</seg><seg type="word" me_root="min" pos="pron%gen">my</seg><seg type="word" me_root="folie" pos="n">folie</seg>
</l>
<l n="16">
<seg type="word" me_root="but" pos="conj">But</seg><seg type="word" me_root="yet" pos="adv">yit</seg><seg type="word" me_root="trusten" pos="v%pr_1">truste</seg><seg type="word" me_root="ich" pos="pron%nom">I</seg><seg type="word" me_root="that" pos="conj">that</seg><seg type="word" me_root="his" pos="pron1%gen">his</seg><seg type="word" me_root="benevolence" pos="n">beneuolence</seg>
</l>
<l n="17">
<seg type="word" me_root="compleinen" pos="v%inf">Conpleyne</seg><seg type="word" me_root="willen" pos="v%pr_3">wole</seg><seg type="word" me_root="min" pos="pron%gen">myn</seg><seg type="word" me_root="insipience" pos="n">insipience</seg>
</l>
<l n="18">
<seg type="word" me_root="secretli" pos="adv">Secreetly</seg><seg type="word" me_root="and" pos="conj">and</seg><seg type="word" me_root="what" pos="pron">what</seg><seg type="word" me_root="ben" pos="v%pr_3">is</seg><seg type="word" me_root="mis" pos="adv">mis</seg><seg type="word" me_root="rectifien" pos="v%inf">rectifie</seg>
</l>
</lg>
<lg type="stanza" n="3" rhyme="ababbcbbc">
<l n="19">
<seg type="word" me_root="thou" pos="pron%nom">Thow</seg><seg type="word" me_root="bok" pos="n1">book</seg><seg type="word" me_root="bi" pos="prep">by</seg><seg type="word" me_root="licence" pos="n">licence</seg><seg type="word" me_root="of" pos="prep">of</seg><seg type="word" me_root="min" pos="pron%gen">my</seg><seg type="word" me_root="lord" pos="n%gen">lordes</seg><seg type="word" me_root="grace" pos="n">grace</seg>
</l>
<l n="20">
<seg type="word" me_root="to" pos="prep">To</seg><seg type="word" me_root="the" pos="pron2%obj">thee</seg><seg type="word" me_root="speken" pos="v%pr_1">speke</seg><seg type="word" me_root="ich" pos="pron%nom">I</seg><seg type="word" me_root="and" pos="conj">and</seg><seg type="word" me_root="this" pos="gram_adj">this</seg><seg type="word" me_root="ich" pos="pron%nom">I</seg><seg type="word" me_root="to" pos="prep">to</seg><seg type="word" me_root="the" pos="pron2%obj">thee</seg><seg type="word" me_root="seien" pos="v1%pr_1">seye</seg>
</l>
<l n="21">
<seg type="word" me_root="ich" pos="pron%nom">I</seg><seg type="word" me_root="chargen" pos="v%pr_1">charge</seg><seg type="word" me_root="the" pos="pron2%obj">thee</seg><seg type="word" me_root="gon" pos="v%imp">go</seg><seg type="word" me_root="sheuen" pos="v1%inf">shewe</seg><seg type="word" me_root="thou" pos="pron%nom">thow</seg><seg type="word" me_root="thin" pos="pron%gen">thy</seg><seg type="word" me_root="face" pos="n">face</seg>
</l>
<l n="22">
<seg type="word" me_root="biforen" pos="prep">Beforn</seg><seg type="word" me_root="min" pos="pron%gen">my</seg><seg type="word" me_root="seien" pos="v1#adj%ppl">seid</seg><seg type="word" me_root="maister" pos="n">Maistir</seg><seg type="word" me_root="and" pos="conj">and</seg><seg type="word" me_root="to" pos="prep">to</seg><seg type="word" me_root="him" pos="pron%obj">him</seg><seg type="word" me_root="preien" pos="v1%imp">preye</seg>
</l>
<l n="23">
<seg type="word" me_root="on" pos="prep">On</seg><seg type="word" me_root="min" pos="pron%gen">my</seg><seg type="word" me_root="bihalve" pos="n">behalue</seg><seg type="word" me_root="that" pos="conj">that</seg><seg type="word" me_root="he" pos="pron1%nom">he</seg><seg type="word" me_root="peisen" pos="v%pr_3">peise</seg><seg type="word" me_root="and" pos="conj">and</seg><seg type="word" me_root="weien" pos="v1%pr_3">weye</seg>
</l>
<l n="24">
<seg type="word" me_root="what" pos="pron">What</seg><seg type="word" me_root="min" pos="pron%gen">myn</seg><seg type="word" me_root="entente" pos="n">entente</seg><seg type="word" me_root="ben" pos="v%pr_3">is</seg><seg type="word" me_root="that" pos="pron_rel">that</seg><seg type="word" me_root="ich" pos="pron%nom">I</seg><seg type="word" me_root="speken" pos="v%pr_1">speke</seg><seg type="word" me_root="in" pos="prep">in</seg><seg type="word" me_root="the" pos="pron2%obj">thee</seg>
</l>
<l n="25">
<seg type="word" me_root="for" pos="conj">For</seg><seg type="word" me_root="rethorike" pos="n">rethorik</seg><seg type="word" me_root="haven" pos="v%pr_3">hath</seg><seg type="word" me_root="hiden" pos="v%ppl">hid</seg><seg type="word" me_root="me" pos="pron2%obj">me</seg><seg type="word" me_root="the" pos="def_art">the</seg><seg type="word" me_root="keie" pos="n1">keye</seg>
</l>
<l n="26">
<seg type="word" me_root="of" pos="prep">Of</seg><seg type="word" me_root="his" pos="pron1%gen">his</seg><seg type="word" me_root="tresour" pos="n">tresor</seg><seg type="word" me_root="not" pos="adv">nat</seg><seg type="word" me_root="deinen" pos="v1%pr_3">deyneth</seg><seg type="word" me_root="hire" pos="pron1%fem_gen">hir</seg><seg type="word" me_root="nobleie" pos="n">nobleye</seg>
</l>
<l n="27">
<seg type="word" me_root="delen" pos="v%inf">Dele</seg><seg type="word" me_root="with" pos="prep">with</seg><seg type="word" me_root="non" pos="gram_adj">noon</seg><seg type="word" me_root="so" pos="adv">so</seg><seg type="word" me_root="ignoraunt" pos="adj">ignorant</seg><seg type="word" me_root="as" pos="conj">as</seg><seg type="word" me_root="me" pos="pron2%obj">me</seg>
</l>
</lg>
<!-- <lg type="stanza" n="4" rhyme="ababbcbbc">
<l n="0">
<seg type="word" me_root="in" pos="prep">in</seg><seg type="word" me_root="the" pos="pron2%">thee</seg>
</l>
</lg> -->
</poem>
