<?xml version="1.0" encoding="UTF-8"?>
<poem id="27-hoc">
<lg type="stanza" n="1" rhyme="ababbcc">
<l n="1">
<seg type="word" me_root="who-so" pos="pron%nom">Whoso</seg><seg type="word" me_root="desiren" pos="v%pr_3">desirith</seg><seg type="word" me_root="to" pos="part">to</seg><seg type="word" me_root="geten" pos="v1%inf">gete</seg><seg type="word" me_root="and" pos="conj">and</seg><seg type="word" me_root="conqueren" pos="v%inf">conquere</seg>
</l>
<l n="2">
<seg type="word" me_root="the" pos="def_art">The</seg><seg type="word" me_root="blisse" pos="n">blisse</seg><seg type="word" me_root="of" pos="prep">of</seg><seg type="word" me_root="heven" pos="n">heuene</seg><seg type="word" me_root="nedeful" pos="adj">needful</seg><seg type="word" me_root="ben" pos="v%pr_3">is</seg><seg type="word" me_root="a" pos="indef_art">a</seg><seg type="word" me_root="gide" pos="n">guyde</seg>
</l>
<l n="3">
<seg type="word" me_root="him" pos="pron%obj">Him</seg><seg type="word" me_root="to" pos="part">to</seg><seg type="word" me_root="conduen" pos="v%inf">condue</seg><seg type="word" me_root="and" pos="conj">and</seg><seg type="word" me_root="forto" pos="part">forto</seg><seg type="word" me_root="to" pos="part">to</seg><seg type="word" me_root="bringen" pos="v%inf">brynge</seg><seg type="word" me_root="him" pos="pron%obj">him</seg><seg type="word" me_root="ther" pos="adv">there</seg>
</l>
<l n="4">
<seg type="word" me_root="and" pos="conj">And</seg><seg type="word" me_root="so" pos="adv">so</seg><seg type="word" me_root="god" pos="adj">good</seg><seg type="word" me_root="knouen" pos="v%pr_1">knowe</seg><seg type="word" me_root="ich" pos="pron%nom">I</seg><seg type="word" me_root="non" pos="pron">noon</seg><seg type="word" me_root="for" pos="prep">for</seg><seg type="word" me_root="man" pos="n%gen">mannes</seg><seg type="word" me_root="side" pos="n">syde</seg>
</l>
<l n="5">
<seg type="word" me_root="as" pos="conj">As</seg><seg type="word" me_root="the" pos="def_art">the</seg><seg type="word" me_root="rote" pos="n4">roote</seg><seg type="word" me_root="of" pos="prep">of</seg><seg type="word" me_root="humblesse" pos="n">humblesse</seg><seg type="word" me_root="and" pos="conj">and</seg><seg type="word" me_root="fo" pos="n">fo</seg><seg type="word" me_root="to" pos="prep">to</seg><seg type="word" me_root="pride" pos="n2">pryde</seg>
</l>
<l n="6">
<seg type="word" me_root="that" pos="art&amp;gram_adj">That</seg><seg type="word" me_root="ladie" pos="n">lady</seg><seg type="word" me_root="of" pos="prep">of</seg><seg type="word" me_root="whos" pos="pron%gen">whos</seg><seg type="word" me_root="tete" pos="n%pl">tetes</seg><seg type="word" me_root="virginal" pos="adj">virginal</seg>
</l>
<l n="7">
<seg type="word" me_root="souken" pos="v%pt_pl">Sook</seg><seg type="word" me_root="oure" pos="pron%gen">our</seg><seg type="word" me_root="redemptoure" pos="n">Redemptour</seg><seg type="word" me_root="the" pos="def_art">the</seg><seg type="word" me_root="makere" pos="n">makere</seg><seg type="word" me_root="of" pos="prep">of</seg><seg type="word" me_root="al" pos="gram_adjas_n">al</seg>
</l>
</lg>
<lg type="stanza" n="2" rhyme="ababbcc">
<l n="8">
<seg type="word" me_root="bitwixe" pos="prep">Betwixt</seg><seg type="word" me_root="god" pos="n1#propn">God</seg><seg type="word" me_root="and" pos="conj">and</seg><seg type="word" me_root="man" pos="n">man</seg><seg type="word" me_root="ben" pos="v%pr_3">is</seg><seg type="word" me_root="she" pos="pron%nom">shee</seg><seg type="word" me_root="mediatrice" pos="n">mediatrice</seg>
</l>
<l n="9">
<seg type="word" me_root="for" pos="prep">For</seg><seg type="word" me_root="oure" pos="pron%gen">oure</seg><seg type="word" me_root="offense" pos="n%pl">offenses</seg><seg type="word" me_root="merci" pos="n1">mercy</seg><seg type="word" me_root="to" pos="part">to</seg><seg type="word" me_root="purchasen" pos="v%inf">purchace</seg>
</l>
<l n="10">
<seg type="word" me_root="she" pos="pron%nom">Shee</seg><seg type="word" me_root="ben" pos="v%pr_3">is</seg><seg type="word" me_root="oure" pos="pron%gen">our</seg><seg type="word" me_root="seur" pos="adj">seur</seg><seg type="word" me_root="sheld" pos="n">sheeld</seg><seg type="word" me_root="ayen" pos="prep">ageyn</seg><seg type="word" me_root="the" pos="def_art">the</seg><seg type="word" me_root="malice" pos="n">malice</seg>
</l>
<l n="11">
<seg type="word" me_root="of" pos="prep">Of</seg><seg type="word" me_root="the" pos="def_art">the</seg><seg type="word" me_root="fend" pos="n">feend,</seg><seg type="word" me_root="that" pos="pron_rel">that</seg><seg type="word" me_root="oure" pos="pron%gen">our</seg><seg type="word" me_root="soule" pos="n%pl">soules</seg><seg type="word" me_root="willen" pos="v%pt_3">wolde</seg><seg type="word" me_root="embracen" pos="v%inf">embrace</seg>
</l>
<l n="12">
<seg type="word" me_root="and" pos="conj">And</seg><seg type="word" me_root="carien" pos="v%inf">carie</seg><seg type="word" me_root="hem" pos="pron%pl_obj">hem</seg><seg type="word" me_root="unto" pos="prep">vnto</seg><seg type="word" me_root="that" pos="art&amp;gram_adj">that</seg><seg type="word" me_root="horrible" pos="adj">horrible</seg><seg type="word" me_root="place" pos="n">place</seg>
</l>
<l n="13">
<seg type="word" me_root="wher-as" pos="adv">Whereas</seg><seg type="word" me_root="eternal" pos="adj">eternel</seg><seg type="word" me_root="peine" pos="n">peyne</seg><seg type="word" me_root="ben" pos="v%pr_3">is</seg><seg type="word" me_root="and" pos="conj">and</seg><seg type="word" me_root="torment" pos="n">torment</seg>
</l>
<l n="14">
<seg type="word" me_root="more" pos="adv">More</seg><seg type="word" me_root="than" pos="conj">than</seg><seg type="word" me_root="mouen" pos="v3%pr_3">may</seg><seg type="word" me_root="ben" pos="v%inf">be</seg><seg type="word" me_root="speken" pos="v%ppl">spoke</seg><seg type="word" me_root="of" pos="prep">of</seg><seg type="word" me_root="thinken" pos="v2%ppl">thoght</seg><seg type="word" me_root="or" pos="conj">or</seg><seg type="word" me_root="menen" pos="v1%ppl">ment</seg>
</l>
</lg>
<lg type="stanza" n="3" rhyme="ababbcc">
<l n="15">
<seg type="word" me_root="nou" pos="adv">Now</seg><seg type="word" me_root="sin" pos="conj">syn</seg><seg type="word" me_root="that" pos="conj">that</seg><seg type="word" me_root="ladie" pos="n">lady</seg><seg type="word" me_root="noble" pos="adj">noble</seg><seg type="word" me_root="and" pos="conj">and</seg><seg type="word" me_root="glorious" pos="adj">glorious</seg>
</l>
<l n="16">
<seg type="word" me_root="to" pos="prep">To</seg><seg type="word" me_root="al" pos="gram_adj">al</seg><seg type="word" me_root="man-kinde" pos="n">mankynde</seg><seg type="word" me_root="haven" pos="v%pr_3">hath</seg><seg type="word" me_root="so" pos="adv">so</seg><seg type="word" me_root="gret" pos="adj%sg">greet</seg><seg type="word" me_root="chierte" pos="n">cheertee</seg>
</l>
<l n="17">
<seg type="word" me_root="that" pos="conj">That</seg><seg type="word" me_root="in" pos="prep">in</seg><seg type="word" me_root="this" pos="gram_adj">this</seg><seg type="word" me_root="sliper" pos="adj">slipir</seg><seg type="word" me_root="lif" pos="n">lyf</seg><seg type="word" me_root="and" pos="conj">and</seg><seg type="word" me_root="perilous" pos="adj">perillous</seg>
</l>
<l n="18">
<seg type="word" me_root="staf" pos="n">Staf</seg><seg type="word" me_root="of" pos="prep">of</seg><seg type="word" me_root="comfort" pos="n">confort</seg><seg type="word" me_root="and" pos="conj">and</seg><seg type="word" me_root="help" pos="n">help</seg><seg type="word" me_root="to" pos="prep">to</seg><seg type="word" me_root="man" pos="n">man</seg><seg type="word" me_root="ben" pos="v%pr_3">is</seg><seg type="word" me_root="she" pos="pron%nom">shee</seg>
</l>
<l n="19">
<seg type="word" me_root="convenient" pos="adj">Convenient</seg><seg type="word" me_root="ben" pos="v%pr_3">is</seg><seg type="word" me_root="that" pos="conj">that</seg><seg type="word" me_root="to" pos="prep">to</seg><seg type="word" me_root="that" pos="art&amp;gram_adj">that</seg><seg type="word" me_root="ladie" pos="n">lady</seg><seg type="word" me_root="fre" pos="adj">free</seg>
</l>
<l n="20">
<seg type="word" me_root="we" pos="pron%pl_nom">We</seg><seg type="word" me_root="don" pos="v1%pr_pl">do</seg><seg type="word" me_root="servise" pos="n">seruice</seg><seg type="word" me_root="honour" pos="n">honour</seg><seg type="word" me_root="and" pos="conj">and</seg><seg type="word" me_root="plesaunce" pos="n">plesance</seg>
</l>
<l n="21">
<seg type="word" me_root="and" pos="conj">And</seg><seg type="word" me_root="to" pos="prep">to</seg><seg type="word" me_root="that" pos="art&amp;gram_adj">that</seg><seg type="word" me_root="ende" pos="n1">ende</seg><seg type="word" me_root="her" pos="adv">heere</seg><seg type="word" me_root="ben" pos="v%pr_3">is</seg><seg type="word" me_root="a" pos="indef_art">a</seg><seg type="word" me_root="remembraunce" pos="n">remembrance</seg>
</l>
</lg>
<!-- <lg type="stanza" n="4" rhyme="ababbcc">
<l n="0">
<seg type="word" me_root="man" pos="n">man</seg><seg type="word" me_root="ben" pos="v%pr_3">is</seg><seg type="word" me_root="she" pos="pron%nom">shee</seg>
</l>
<l n="19">
<seg type="word" me_root="convenient" pos="adj">Convenient</seg><seg type="word" me_root="ben" pos="v%pr_3">is</seg><seg type="word" me_root="that" pos="conj">that</seg><seg type="word" me_root="to" pos="prep">to</seg><seg type="word" me_root="that" pos="art&amp;gram_adj">that</seg><seg type="word" me_root="ladie" pos="n">lady</seg><seg type="word" me_root="fre" pos="adj">free</seg>
</l>
<l n="20">
<seg type="word" me_root="we" pos="pron%pl_nom">We</seg><seg type="word" me_root="don" pos="v1%pr_pl">do</seg><seg type="word" me_root="servise" pos="n">seruice</seg><seg type="word" me_root="honour" pos="n">honour</seg><seg type="word" me_root="and" pos="conj">and</seg><seg type="word" me_root="plesaunce" pos="n">plesance</seg>
</l>
<l n="21">
<seg type="word" me_root="and" pos="conj">And</seg><seg type="word" me_root="to" pos="prep">to</seg><seg type="word" me_root="that" pos="art&amp;gram_adj">that</seg><seg type="word" me_root="nde" pos="ende">ende</seg>
</l>
</lg> -->
</poem>
