<?xml version="1.0" encoding="UTF-8"?>
<poem id="22-hoc">
<lg type="stanza" n="1" rhyme="ababbcc">
<l n="1">
<seg type="word" me_root="to" pos="prep">To</seg><seg type="word" me_root="the" pos="pron2%obj">thee</seg><seg type="word" me_root="we" pos="pron%pl_nom">we</seg><seg type="word" me_root="maken" pos="v1%pr_pl">make</seg><seg type="word" me_root="oure" pos="pron%gen">oure</seg><seg type="word" me_root="invocacioun" pos="n">inuocacioun</seg>
</l>
<l n="2">
<seg type="word" me_root="thou" pos="pron%nom">Thou</seg><seg type="word" me_root="god" pos="n1#propn">God,</seg><seg type="word" me_root="the" pos="def_art">the</seg><seg type="word" me_root="fader" pos="n">fadir</seg><seg type="word" me_root="which" pos="pron">which</seg><seg type="word" me_root="unto" pos="prep">vnto</seg><seg type="word" me_root="us" pos="pron%pl_obj">vs</seg><seg type="word" me_root="al" pos="gram_adj">alle</seg>
</l>
<l n="3">
<seg type="word" me_root="ben" pos="v%pr_2">Art</seg><seg type="word" me_root="ever-mor" pos="adv">everemo</seg><seg type="word" me_root="for" pos="prep">for</seg><seg type="word" me_root="oure" pos="pron%gen">our</seg><seg type="word" me_root="savacioun" pos="n">sauuacion</seg>
</l>
<l n="4">
<seg type="word" me_root="redi" pos="adj3">Reedy</seg><seg type="word" me_root="to" pos="part">to</seg><seg type="word" me_root="heren" pos="v%inf">heere</seg><seg type="word" me_root="us" pos="pron%pl_obj">vs</seg><seg type="word" me_root="whan" pos="adv&amp;conj">whan</seg><seg type="word" me_root="we" pos="pron%pl_nom">we</seg><seg type="word" me_root="to" pos="prep">to</seg><seg type="word" me_root="the" pos="pron2%obj">thee</seg><seg type="word" me_root="callen" pos="v%pr_pl">calle</seg>
</l>
<l n="5">
<seg type="word" me_root="in" pos="prep">In</seg><seg type="word" me_root="ani" pos="gram_adj">any</seg><seg type="word" me_root="cause" pos="n">cause</seg><seg type="word" me_root="that" pos="pron_rel">that</seg><seg type="word" me_root="mouen" pos="v3%pr_3">may</seg><seg type="word" me_root="happen" pos="v1%inf">happe</seg><seg type="word" me_root="and" pos="conj">and</seg><seg type="word" me_root="fallen" pos="v%inf">falle</seg>
</l>
<l n="6">
<seg type="word" me_root="as" pos="conj">As</seg><seg type="word" me_root="fer" pos="adv">fer</seg><seg type="word" me_root="as" pos="conj">as</seg><seg type="word" me_root="sounen" pos="v%pr_3">sowneth</seg><seg type="word" me_root="in-to" pos="prep">into</seg><seg type="word" me_root="right-wisnesse" pos="n">Rightwisnesse</seg>
</l>
<l n="7">
<seg type="word" me_root="which" pos="pron">Which</seg><seg type="word" me_root="exceden" pos="v%inf">excede</seg><seg type="word" me_root="not" pos="adv">nat</seg><seg type="word" me_root="mouen" pos="v3%pr_3">may</seg><seg type="word" me_root="thin" pos="pron%gen">thy</seg><seg type="word" me_root="blisfulnesse" pos="n">blisfulnesse</seg>
</l>
</lg>
<lg type="stanza" n="2" rhyme="ababbcc">
<l n="8">
<seg type="word" me_root="for" pos="conj">For</seg><seg type="word" me_root="thou" pos="pron%nom">thou</seg><seg type="word" me_root="fader" pos="n">fadir</seg><seg type="word" me_root="ben" pos="v%pr_2">art</seg><seg type="word" me_root="treuth" pos="n">trouthe</seg><seg type="word" me_root="and" pos="conj">and</seg><seg type="word" me_root="verite" pos="n">veritee</seg>
</l>
<l n="9">
<seg type="word" me_root="thin" pos="pron%gen">Thyn</seg><seg type="word" me_root="ouen" pos="adj">owne</seg><seg type="word" me_root="sone" pos="n">sone</seg><seg type="word" me_root="that" pos="art&amp;gram_adj">that</seg><seg type="word" me_root="same" pos="pron">same</seg><seg type="word" me_root="ben" pos="v%pr_3">is</seg><seg type="word" me_root="also" pos="adv">also</seg>
</l>
<l n="10">
<seg type="word" me_root="and" pos="conj">And</seg><seg type="word" me_root="sin" pos="conj">syn</seg><seg type="word" me_root="hit" pos="pron">it</seg><seg type="word" me_root="so" pos="adv">so</seg><seg type="word" me_root="ben" pos="v%pr_3">is</seg><seg type="word" me_root="what" pos="pron_interr">what</seg><seg type="word" me_root="mouen" pos="v3%pr_3">may</seg><seg type="word" me_root="bettre" pos="adj%comp">bettre</seg><seg type="word" me_root="ben" pos="v%inf">be</seg>
</l>
<l n="11">
<seg type="word" me_root="if" pos="conj">If</seg><seg type="word" me_root="that" pos="part">that</seg><seg type="word" me_root="a" pos="indef_art">a</seg><seg type="word" me_root="man" pos="n">man</seg><seg type="word" me_root="shulen" pos="v1%pr_3">shal</seg><seg type="word" me_root="to" pos="prep">to</seg><seg type="word" me_root="the" pos="def_art">the</seg><seg type="word" me_root="treuth" pos="n">truthe</seg><seg type="word" me_root="gon" pos="v%inf">go</seg>
</l>
<l n="12">
<seg type="word" me_root="thanne" pos="adv">Than</seg><seg type="word" me_root="preien" pos="v1%inf">preye</seg><seg type="word" me_root="the" pos="pron2%obj">thee</seg><seg type="word" me_root="withouten" pos="prep">withouten</seg><seg type="word" me_root="word" pos="n%pl">wordes</seg><seg type="word" me_root="mo" pos="adv">mo</seg>
</l>
<l n="13">
<seg type="word" me_root="fader" pos="n">Fadir</seg><seg type="word" me_root="of" pos="prep">of</seg><seg type="word" me_root="heven" pos="n">heuene</seg><seg type="word" me_root="in" pos="prep">in</seg><seg type="word" me_root="thin" pos="pron%gen">thy</seg><seg type="word" me_root="sone" pos="n%gen">sones</seg><seg type="word" me_root="name" pos="n">name</seg>
</l>
<l n="14">
<seg type="word" me_root="foryeven" pos="v%imp">Foryeve</seg><seg type="word" me_root="oure" pos="pron%gen">our</seg><seg type="word" me_root="gilt" pos="n1%pl">giltes</seg><seg type="word" me_root="and" pos="conj">and</seg><seg type="word" me_root="relesen" pos="v1%imp">relesse</seg><seg type="word" me_root="oure" pos="pron%gen">our</seg><seg type="word" me_root="blame" pos="n">blame</seg>
</l>
</lg>
<lg type="stanza" n="3" rhyme="ababbcc">
<l n="15">
<seg type="word" me_root="fader" pos="n">Fadir</seg><seg type="word" me_root="and" pos="conj">and</seg><seg type="word" me_root="sone" pos="n">sone</seg><seg type="word" me_root="ye" pos="pron%pl%nom">yee</seg><seg type="word" me_root="ben" pos="v%pr_pl">been</seg><seg type="word" me_root="knitten" pos="v%ppl">knyt</seg><seg type="word" me_root="forever" pos="adv">forevere</seg>
</l>
<l n="16">
<seg type="word" me_root="so" pos="adv">So</seg><seg type="word" me_root="sadli" pos="adv">sadly</seg><seg type="word" me_root="that" pos="conj">that</seg><seg type="word" me_root="no-thing" pos="pron">nothyng</seg><seg type="word" me_root="that" pos="pron_rel">that</seg><seg type="word" me_root="man" pos="n">man</seg><seg type="word" me_root="mouen" pos="v3%pr_3">may</seg><seg type="word" me_root="thinken" pos="v2%inf">thynke</seg>
</l>
<l n="17">
<seg type="word" me_root="or" pos="conj">Or</seg><seg type="word" me_root="speken" pos="v%inf">speke</seg><seg type="word" me_root="you" pos="pron%pl_obj">yow</seg><seg type="word" me_root="mouen" pos="v3%pr_3">may</seg><seg type="word" me_root="unbinden" pos="v%inf">vnbynde</seg><seg type="word" me_root="or" pos="conj">or</seg><seg type="word" me_root="disseveren" pos="v%inf">dissevere</seg>
</l>
<l n="18">
<seg type="word" me_root="thanne" pos="adv">Than</seg><seg type="word" me_root="fader" pos="n">fadir</seg><seg type="word" me_root="leten" pos="v%imp">lat</seg><seg type="word" me_root="oure" pos="pron%gen">our</seg><seg type="word" me_root="preiere" pos="n2">preyere</seg><seg type="word" me_root="in" pos="prep">in</seg><seg type="word" me_root="the" pos="pron2%obj">thee</seg><seg type="word" me_root="sinken" pos="v%inf">synke</seg>
</l>
<l n="19">
<seg type="word" me_root="and" pos="conj">And</seg><seg type="word" me_root="of" pos="prep">of</seg><seg type="word" me_root="thin" pos="pron%gen">thy</seg><seg type="word" me_root="pitous" pos="adj">pitous</seg><seg type="word" me_root="merci" pos="n1">mercy</seg><seg type="word" me_root="yeven" pos="v%imp">yeue</seg><seg type="word" me_root="us" pos="pron%pl_obj">vs</seg><seg type="word" me_root="drinke" pos="n">drynke</seg>
</l>
<l n="20">
<seg type="word" me_root="in" pos="prep">In</seg><seg type="word" me_root="tokene" pos="n">tokne</seg><seg type="word" me_root="that" pos="part">that</seg><seg type="word" me_root="ther" pos="adv">ther</seg><seg type="word" me_root="ben" pos="v%pr_3">is</seg><seg type="word" me_root="no" pos="gram_adj">no</seg><seg type="word" me_root="variaunce" pos="n">variance</seg>
</l>
<l n="21">
<seg type="word" me_root="bitwixe" pos="prep">Betwixt</seg><seg type="word" me_root="you" pos="pron%pl_obj">yow</seg><seg type="word" me_root="two" pos="num#n">two</seg><seg type="word" me_root="that" pos="pron_rel">that</seg><seg type="word" me_root="ben" pos="v%pr_pl">been</seg><seg type="word" me_root="but" pos="conj">but</seg><seg type="word" me_root="o" pos="num#adj">o</seg><seg type="word" me_root="substaunce" pos="n">substance</seg>
</l>
</lg>
<lg type="stanza" n="4" rhyme="ababbcc">
<l n="22">
<seg type="word" me_root="o" pos="interj">O</seg><seg type="word" me_root="fader" pos="n">fadir</seg><seg type="word" me_root="god" pos="n1#propn">God,</seg><seg type="word" me_root="king" pos="n">kyng</seg><seg type="word" me_root="of" pos="prep">of</seg><seg type="word" me_root="eterne" pos="adj">eterne</seg><seg type="word" me_root="glorie" pos="n">glorie</seg>
</l>
<l n="23">
<seg type="word" me_root="with" pos="prep">With</seg><seg type="word" me_root="herte" pos="n">herte</seg><seg type="word" me_root="repentaunt" pos="adj">repentaunt</seg><seg type="word" me_root="we" pos="pron%pl_nom">we</seg><seg type="word" me_root="the" pos="pron2%obj">thee</seg><seg type="word" me_root="bisechen" pos="v%pr_pl">byseeche</seg>
</l>
<l n="24">
<seg type="word" me_root="that" pos="conj">That</seg><seg type="word" me_root="thou" pos="pron%nom">thou</seg><seg type="word" me_root="haven" pos="v%pr_2">have</seg><seg type="word" me_root="of" pos="prep">of</seg><seg type="word" me_root="thin" pos="pron%gen">thy</seg><seg type="word" me_root="sone" pos="n">sone</seg><seg type="word" me_root="swich" pos="gram_adj">swich</seg><seg type="word" me_root="memorie" pos="n">memorie</seg>
</l>
<l n="25">
<seg type="word" me_root="that" pos="conj">That</seg><seg type="word" me_root="thin" pos="pron%gen">thy</seg><seg type="word" me_root="pite" pos="n">pitee</seg><seg type="word" me_root="ben" pos="v%pr_3">be</seg><seg type="word" me_root="no-thing" pos="adv">nothyng</seg><seg type="word" me_root="forto" pos="part">forto</seg><seg type="word" me_root="to" pos="part">to</seg><seg type="word" me_root="sechen" pos="v%inf">seeche</seg>
</l>
<l n="26">
<seg type="word" me_root="oure" pos="pron%gen">Our</seg><seg type="word" me_root="sorwe" pos="n%pl">sorwes</seg><seg type="word" me_root="forto" pos="part">forto</seg><seg type="word" me_root="to" pos="part">to</seg><seg type="word" me_root="augmenten" pos="v%inf">augmente</seg><seg type="word" me_root="or" pos="conj">or</seg><seg type="word" me_root="to" pos="part">to</seg><seg type="word" me_root="eken" pos="v%inf">eeche</seg>
</l>
<l n="27">
<seg type="word" me_root="but" pos="conj">But</seg><seg type="word" me_root="that" pos="conj">that</seg><seg type="word" me_root="bi" pos="prep">by</seg><seg type="word" me_root="him" pos="pron%obj">him</seg><seg type="word" me_root="thin" pos="pron%gen">thyn</seg><seg type="word" me_root="ire" pos="n">ire</seg><seg type="word" me_root="asswagen" pos="v%ppl">asswagid</seg><seg type="word" me_root="ben" pos="v%pr_3">be</seg>
</l>
<l n="28">
<seg type="word" me_root="bi" pos="prep">By</seg><seg type="word" me_root="cause" pos="n">cause</seg><seg type="word" me_root="that" pos="conj">that</seg><seg type="word" me_root="thin" pos="pron%gen">thyn</seg><seg type="word" me_root="ouen" pos="adj">owne</seg><seg type="word" me_root="sone" pos="n">sone</seg><seg type="word" me_root="ben" pos="v%pr_3">is</seg><seg type="word" me_root="he" pos="pron1%nom">he</seg>
</l>
</lg>
<lg type="stanza" n="5" rhyme="ababbcc">
<l n="29">
<seg type="word" me_root="for" pos="conj">For</seg><seg type="word" me_root="often" pos="adv">often</seg><seg type="word" me_root="bi" pos="prep">by</seg><seg type="word" me_root="the" pos="def_art">the</seg><seg type="word" me_root="intercessioun" pos="n">intercessioun</seg>
</l>
<l n="30">
<seg type="word" me_root="of" pos="prep">Of</seg><seg type="word" me_root="sone" pos="n%pl">sones</seg><seg type="word" me_root="ben" pos="v%pr_3">is</seg><seg type="word" me_root="the" pos="def_art">the</seg><seg type="word" me_root="fader" pos="n%gen">fadres</seg><seg type="word" me_root="wrath" pos="n">wratthe</seg><seg type="word" me_root="appesen" pos="v%ppl">appesid</seg>
</l>
<l n="31">
<seg type="word" me_root="and" pos="conj">And</seg><seg type="word" me_root="thei" pos="pron%pl_nom">they</seg><seg type="word" me_root="that" pos="pron_rel">that</seg><seg type="word" me_root="for" pos="prep">for</seg><seg type="word" me_root="here" pos="pron%pl_gen">hir</seg><seg type="word" me_root="gilt" pos="n1">gilt</seg><seg type="word" me_root="ben" pos="v%pt_pl">were</seg><seg type="word" me_root="in" pos="prep">in</seg><seg type="word" me_root="prisoun" pos="n">prisoun</seg>
</l>
<l n="32">
<seg type="word" me_root="in" pos="prep">In</seg><seg type="word" me_root="iren" pos="adj">yren</seg><seg type="word" me_root="bond" pos="n%pl">bondes</seg><seg type="word" me_root="grevousli" pos="adv">grevously</seg><seg type="word" me_root="disesen" pos="v%ppl">disesid</seg>
</l>
<l n="33">
<seg type="word" me_root="deliveren" pos="v%ppl">Delivred</seg><seg type="word" me_root="ben" pos="v%pr_pl">been</seg><seg type="word" me_root="and" pos="conj">and</seg><seg type="word" me_root="of" pos="prep">of</seg><seg type="word" me_root="here" pos="pron%pl_gen">hir</seg><seg type="word" me_root="bond" pos="n%pl">bondes</seg><seg type="word" me_root="esen" pos="v%ppl">esid</seg>
</l>
<l n="34">
<seg type="word" me_root="that" pos="pron_rel">That</seg><seg type="word" me_root="shulen" pos="v1%pt_3">sholde</seg><seg type="word" me_root="haven" pos="v%inf">han</seg><seg type="word" me_root="rennen" pos="v1%ppl">ronne</seg><seg type="word" me_root="in-to" pos="prep">into</seg><seg type="word" me_root="deth" pos="n%gen">dethes</seg><seg type="word" me_root="sentence" pos="n">sentence</seg>
</l>
<l n="35">
<seg type="word" me_root="haven" pos="v%pt_3">Hadde</seg><seg type="word" me_root="not" pos="adv">nat</seg><seg type="word" me_root="ben" pos="v%ppl">be</seg><seg type="word" me_root="the" pos="def_art">the</seg><seg type="word" me_root="sone" pos="n%gen">sones</seg><seg type="word" me_root="reverence" pos="n">reuerence</seg>
</l>
</lg>
<lg type="stanza" n="6" rhyme="ababbcc">
<l n="36">
<seg type="word" me_root="and" pos="conj">And</seg><seg type="word" me_root="not" pos="adv">nat</seg><seg type="word" me_root="onli" pos="adv">oonly</seg><seg type="word" me_root="yet" pos="adv">yit</seg><seg type="word" me_root="graunten" pos="v%ppl">grauntid</seg><seg type="word" me_root="ben" pos="v%pt_3">was</seg><seg type="word" me_root="here" pos="pron%pl_gen">hir</seg><seg type="word" me_root="lif" pos="n">lyf</seg>
</l>
<l n="37">
<seg type="word" me_root="but" pos="conj">But</seg><seg type="word" me_root="over" pos="prep">ouer</seg><seg type="word" me_root="that" pos="pron">that</seg><seg type="word" me_root="haven" pos="v%pr_pl">han</seg><seg type="word" me_root="haven" pos="v%ppl">had</seg><seg type="word" me_root="encres" pos="n">encrees</seg><seg type="word" me_root="of" pos="prep">of</seg><seg type="word" me_root="grace" pos="n">grace</seg>
</l>
<l n="38">
<seg type="word" me_root="tho" pos="gram_adj%pl">Tho</seg><seg type="word" me_root="sone" pos="n%pl">sones</seg><seg type="word" me_root="ek" pos="adv">eek</seg><seg type="word" me_root="ben" pos="v%pt_pl">weren</seg><seg type="word" me_root="so" pos="adv">so</seg><seg type="word" me_root="ententif" pos="adj">ententyf</seg>
</l>
<l n="39">
<seg type="word" me_root="that" pos="conj">That</seg><seg type="word" me_root="of" pos="prep">of</seg><seg type="word" me_root="here" pos="pron%pl_gen">hir</seg><seg type="word" me_root="fader" pos="n%pl">fadres</seg><seg type="word" me_root="connen" pos="v%pt_pl">kowden</seg><seg type="word" me_root="thei" pos="pron%pl_nom">they</seg><seg type="word" me_root="purchasen" pos="v%inf">purchace</seg>
</l>
<l n="40">
<seg type="word" me_root="so" pos="adv">So</seg><seg type="word" me_root="gret" pos="adj%sg">greet</seg><seg type="word" me_root="love" pos="n1">love</seg><seg type="word" me_root="with-inne" pos="prep">withynne</seg><seg type="word" me_root="a" pos="indef_art">a</seg><seg type="word" me_root="litel" pos="adj">litil</seg><seg type="word" me_root="space" pos="n">space</seg>
</l>
<l n="41">
<seg type="word" me_root="unto" pos="prep">Vnto</seg><seg type="word" me_root="the" pos="def_art">the</seg><seg type="word" me_root="gilti" pos="adj">gilty</seg><seg type="word" me_root="folk" pos="n">folk</seg><seg type="word" me_root="of" pos="prep">of</seg><seg type="word" me_root="which" pos="pron">which</seg><seg type="word" me_root="ich" pos="pron%nom">I</seg><seg type="word" me_root="speken" pos="v%pt_1">spak</seg>
</l>
<l n="42">
<seg type="word" me_root="that" pos="conj">That</seg><seg type="word" me_root="of" pos="prep">of</seg><seg type="word" me_root="god" pos="adj">good</seg><seg type="word" me_root="lordshipe" pos="n">lordshipe</seg><seg type="word" me_root="haven" pos="v%pt_pl">hadde</seg><seg type="word" me_root="thei" pos="pron%pl_nom">they</seg><seg type="word" me_root="no" pos="gram_adj">no</seg><seg type="word" me_root="lak" pos="n">lak</seg>
</l>
</lg>
<lg type="stanza" n="7" rhyme="ababbcc">
<l n="43">
<seg type="word" me_root="thus" pos="adv">Thus</seg><seg type="word" me_root="from" pos="prep">fro</seg><seg type="word" me_root="servaunt" pos="n%pl">seruantz</seg><seg type="word" me_root="voiden" pos="v%imp">voidith</seg><seg type="word" me_root="malencolie" pos="n">malencolie</seg>
</l>
<l n="44">
<seg type="word" me_root="of" pos="prep">Of</seg><seg type="word" me_root="lord" pos="n%pl">lordes</seg><seg type="word" me_root="at" pos="prep">at</seg><seg type="word" me_root="here" pos="pron%pl_gen">hir</seg><seg type="word" me_root="sone" pos="n%gen">sones</seg><seg type="word" me_root="god" pos="adj">good</seg><seg type="word" me_root="instaunce" pos="n">instaunce</seg>
</l>
<l n="45">
<seg type="word" me_root="al-mighti" pos="adj">Almighty</seg><seg type="word" me_root="fader" pos="n">fadir</seg><seg type="word" me_root="of" pos="prep">of</seg><seg type="word" me_root="the" pos="def_art">the</seg><seg type="word" me_root="heven" pos="n%pl">heuenes</seg><seg type="word" me_root="heigh" pos="adj">hye</seg>
</l>
<l n="46">
<seg type="word" me_root="we" pos="pron%pl_nom">We</seg><seg type="word" me_root="the" pos="pron2%obj">thee</seg><seg type="word" me_root="bisechen" pos="v%pr_pl">byseeche</seg><seg type="word" me_root="that" pos="conj">that</seg><seg type="word" me_root="of" pos="prep">of</seg><seg type="word" me_root="oure" pos="pron%gen">our</seg><seg type="word" me_root="grevaunce" pos="n">grevance</seg>
</l>
<l n="47">
<seg type="word" me_root="thou" pos="pron%nom">Thou</seg><seg type="word" me_root="vouchen_sauf" pos="v">vouche_sauf</seg><seg type="word" me_root="to" pos="part">to</seg><seg type="word" me_root="graunten" pos="v%inf">graunte</seg><seg type="word" me_root="us" pos="pron%pl_obj">vs</seg><seg type="word" me_root="allegeaunce" pos="n2">allegeance</seg>
</l>
<l n="48">
<seg type="word" me_root="at" pos="prep">At</seg><seg type="word" me_root="instaunce" pos="n">instance</seg><seg type="word" me_root="of" pos="prep">of</seg><seg type="word" me_root="thin" pos="pron%gen">thy</seg><seg type="word" me_root="blessed" pos="ppl">blessid</seg><seg type="word" me_root="sone" pos="n">sone</seg><seg type="word" me_root="and" pos="conj">and</seg><seg type="word" me_root="dere" pos="adj1">deere</seg>
</l>
<l n="49">
<seg type="word" me_root="and" pos="conj">And</seg><seg type="word" me_root="in" pos="prep">in</seg><seg type="word" me_root="thin" pos="pron%gen">thy</seg><seg type="word" me_root="love" pos="n1">love</seg><seg type="word" me_root="maken" pos="v1%imp">make</seg><seg type="word" me_root="us" pos="pron%pl_obj">vs</seg><seg type="word" me_root="shinen" pos="v%inf">shyne</seg><seg type="word" me_root="cler" pos="adv">cleere</seg>
</l>
</lg>
<lg type="stanza" n="8" rhyme="ababbcc">
<l n="50">
<seg type="word" me_root="the" pos="def_art">The</seg><seg type="word" me_root="wei" pos="n">way</seg><seg type="word" me_root="of" pos="prep">of</seg><seg type="word" me_root="grace" pos="n">grace</seg><seg type="word" me_root="graunten" pos="v%imp">grante</seg><seg type="word" me_root="us" pos="pron%pl_obj">vs</seg><seg type="word" me_root="forto" pos="part">forto</seg><seg type="word" me_root="to" pos="part">to</seg><seg type="word" me_root="taken" pos="v%inf">take</seg>
</l>
<l n="51">
<seg type="word" me_root="that" pos="conj">That</seg><seg type="word" me_root="we" pos="pron%pl_nom">we</seg><seg type="word" me_root="mouen" pos="v3%pr_pl">may</seg><seg type="word" me_root="maken" pos="v1%inf">maken</seg><seg type="word" me_root="oure" pos="pron%gen">our</seg><seg type="word" me_root="confessioun" pos="n">confessioun</seg>
</l>
<l n="52">
<seg type="word" me_root="unto" pos="prep">Vnto</seg><seg type="word" me_root="thin" pos="pron%gen">thy</seg><seg type="word" me_root="name" pos="n">name</seg><seg type="word" me_root="and" pos="conj">and</seg><seg type="word" me_root="of" pos="prep">of</seg><seg type="word" me_root="oure" pos="pron%gen">our</seg><seg type="word" me_root="bond" pos="n%pl">bondes</seg><seg type="word" me_root="blak" pos="adj">blake</seg>
</l>
<l n="53">
<seg type="word" me_root="unbinden" pos="v%ppl">Vnbownden</seg><seg type="word" me_root="ben" pos="v%inf">be</seg><seg type="word" me_root="thurgh" pos="prep">thurgh</seg><seg type="word" me_root="oure" pos="pron%gen">our</seg><seg type="word" me_root="contricioun" pos="n">contricioun</seg>
</l>
<l n="54">
<seg type="word" me_root="and" pos="conj">And</seg><seg type="word" me_root="after" pos="adv">aftir</seg><seg type="word" me_root="ben" pos="v%inf">be</seg><seg type="word" me_root="of" pos="prep">of</seg><seg type="word" me_root="swich" pos="gram_adj">swich</seg><seg type="word" me_root="condicioun" pos="n">condicioun</seg>
</l>
<l n="55">
<seg type="word" me_root="as" pos="conj">As</seg><seg type="word" me_root="that" pos="part">that</seg><seg type="word" me_root="mouen" pos="v3%pr_3">may</seg><seg type="word" me_root="liken" pos="v1%inf">lyke</seg><seg type="word" me_root="unto" pos="prep">vnto</seg><seg type="word" me_root="thin" pos="pron%gen">thy</seg><seg type="word" me_root="deite" pos="n">deitee</seg>
</l>
<l n="56">
<seg type="word" me_root="and" pos="conj">And</seg><seg type="word" me_root="other" pos="pron">othir</seg><seg type="word" me_root="not" pos="adv">nat</seg><seg type="word" me_root="we" pos="pron%pl_nom">we</seg><seg type="word" me_root="preien" pos="v1%pr_pl">preyen</seg><seg type="word" me_root="moten" pos="v2%pr_3">moot</seg><seg type="word" me_root="hit" pos="pron">it</seg><seg type="word" me_root="ben" pos="v%inf">be</seg>
</l>
</lg>
<lg type="stanza" n="9" rhyme="ababbcc">
<l n="57">
<seg type="word" me_root="and" pos="conj">And</seg><seg type="word" me_root="us" pos="pron%pl_obj">vs</seg><seg type="word" me_root="whom" pos="pron%obj">whom</seg><seg type="word" me_root="that" pos="part">that</seg><seg type="word" me_root="oure" pos="pron%gen">our</seg><seg type="word" me_root="desert" pos="n1%pl">dissertes</seg><seg type="word" me_root="manacen" pos="v%pr_pl">manace</seg>
</l>
<l n="58">
<seg type="word" me_root="the" pos="def_art">The</seg><seg type="word" me_root="mortal" pos="adj">mortel</seg><seg type="word" me_root="sentence" pos="n">sentence</seg>
</l>
<l n="59">
<seg type="word" me_root="bi" pos="prep">By</seg><seg type="word" me_root="preiere" pos="n2">preyere</seg><seg type="word" me_root="of" pos="prep">of</seg><seg type="word" me_root="thin" pos="pron%gen">thy</seg><seg type="word" me_root="sone" pos="n">sone</seg><seg type="word" me_root="and" pos="conj">and</seg><seg type="word" me_root="senden" pos="v2%inf">sende</seg><seg type="word" me_root="us" pos="pron%pl_obj">vs</seg><seg type="word" me_root="grace" pos="n">grace</seg>
</l>
<l n="60">
<seg type="word" me_root="thin" pos="pron%gen">Thy</seg><seg type="word" me_root="laue" pos="n%pl">lawes</seg><seg type="word" me_root="kepen" pos="v%inf">keepe</seg><seg type="word" me_root="and" pos="conj">and</seg><seg type="word" me_root="werken" pos="v%imp">wirke</seg><seg type="word" me_root="after" pos="prep">aftir</seg><seg type="word" me_root="thin" pos="pron%gen">thy</seg><seg type="word" me_root="lore" pos="n2">lore</seg>
</l>
<l n="61">
<seg type="word" me_root="and" pos="conj">And</seg><seg type="word" me_root="oure" pos="pron%gen">oure</seg><seg type="word" me_root="offense" pos="n%pl">offenses</seg><seg type="word" me_root="that" pos="pron_rel">that</seg><seg type="word" me_root="stiken" pos="v%pr_pl">stike</seg><seg type="word" me_root="in" pos="prep">in</seg><seg type="word" me_root="us" pos="pron%pl_obj">vs</seg><seg type="word" me_root="sore" pos="adv">sore</seg>
</l>
<l n="62">
<seg type="word" me_root="with" pos="prep">With</seg><seg type="word" me_root="herte" pos="n">herte</seg><seg type="word" me_root="careful" pos="adj">careful</seg><seg type="word" me_root="biwailen" pos="v%inf">bewaille</seg><seg type="word" me_root="and" pos="conj">and</seg><seg type="word" me_root="wepen" pos="v%inf">weepe</seg>
</l>
<l n="63">
<seg type="word" me_root="er" pos="conj1">Er</seg><seg type="word" me_root="oure" pos="pron%gen">our</seg><seg type="word" me_root="careine" pos="n">careyne</seg><seg type="word" me_root="in-to" pos="prep">into</seg><seg type="word" me_root="the" pos="def_art">the</seg><seg type="word" me_root="erthe" pos="n1">eerthe</seg><seg type="word" me_root="crepen" pos="v%pr_3">creepe</seg>
</l>
</lg>
<lg type="stanza" n="10" rhyme="ababbcc">
<l n="64">
<seg type="word" me_root="whom" pos="pron%obj">Whom</seg><seg type="word" me_root="shulen" pos="v1%pr_pl">shul</seg><seg type="word" me_root="we" pos="pron%pl_nom">we</seg><seg type="word" me_root="preien" pos="v1%inf">preye</seg><seg type="word" me_root="oure" pos="pron%gen">our</seg><seg type="word" me_root="mene" pos="n3">mene</seg><seg type="word" me_root="forto" pos="part">forto</seg><seg type="word" me_root="to" pos="part">to</seg><seg type="word" me_root="ben" pos="v%inf">be</seg>
</l>
<l n="65">
<seg type="word" me_root="but" pos="conj">But</seg><seg type="word" me_root="thin" pos="pron%gen">thy</seg><seg type="word" me_root="sone" pos="n">sone</seg><seg type="word" me_root="on" pos="prep">on</seg><seg type="word" me_root="the" pos="def_art">the</seg><seg type="word" me_root="crois" pos="n">crois</seg><seg type="word" me_root="that" pos="pron_rel">that</seg><seg type="word" me_root="sterven" pos="v%pt_3">starf</seg><seg type="word" me_root="and" pos="conj">and</seg><seg type="word" me_root="dien" pos="v%pt_3">dyde</seg>
</l>
<l n="66">
<seg type="word" me_root="for" pos="prep">For</seg><seg type="word" me_root="oure" pos="pron%gen">our</seg><seg type="word" me_root="trespas" pos="n">trespas</seg><seg type="word" me_root="and" pos="conj">and</seg><seg type="word" me_root="oure" pos="pron%gen">oure</seg><seg type="word" me_root="iniquite" pos="n">iniquitee</seg>
</l>
<l n="67">
<seg type="word" me_root="that" pos="pron_rel">That</seg><seg type="word" me_root="sitten" pos="v%pr_3">sit</seg><seg type="word" me_root="preien" pos="v1%prp_abs">preyying</seg><seg type="word" me_root="for" pos="prep">for</seg><seg type="word" me_root="us" pos="pron%pl_obj">vs</seg><seg type="word" me_root="on" pos="prep">on</seg><seg type="word" me_root="thin" pos="pron%gen">thy</seg><seg type="word" me_root="right" pos="adj">right</seg><seg type="word" me_root="side" pos="n">syde</seg>
</l>
<l n="68">
<seg type="word" me_root="he" pos="pron1%nom">He</seg><seg type="word" me_root="ben" pos="v%pr_3">is</seg><seg type="word" me_root="the" pos="def_art">the</seg><seg type="word" me_root="lomb" pos="n">lamb</seg><seg type="word" me_root="that" pos="pron_rel">that</seg><seg type="word" me_root="with" pos="prep">with</seg><seg type="word" me_root="his" pos="pron1%gen">his</seg><seg type="word" me_root="wound" pos="n%pl">wowndes</seg><seg type="word" me_root="wid" pos="adj">wyde</seg>
</l>
<l n="69">
<seg type="word" me_root="biforen" pos="prep">Before</seg><seg type="word" me_root="his" pos="pron1%gen">his</seg><seg type="word" me_root="tormentour" pos="n%pl">tormentoures</seg><seg type="word" me_root="holden" pos="v1%pt_3">heeld</seg><seg type="word" me_root="his" pos="pron1%gen">his</seg><seg type="word" me_root="pes" pos="n">pees</seg>
</l>
<l n="70">
<seg type="word" me_root="for" pos="prep">For</seg><seg type="word" me_root="al" pos="gram_adj">al</seg><seg type="word" me_root="his" pos="pron1%gen">his</seg><seg type="word" me_root="gref" pos="n">grief</seg><seg type="word" me_root="al" pos="gram_adj">al</seg><seg type="word" me_root="ben" pos="v%pt_3">were</seg><seg type="word" me_root="he" pos="pron1%nom">he</seg><seg type="word" me_root="giltles" pos="adj">giltelees</seg>
</l>
</lg>
<lg type="stanza" n="11" rhyme="ababbcc">
<l n="71">
<seg type="word" me_root="for" pos="conj">For</seg><seg type="word" me_root="whan" pos="adv&amp;conj">whan</seg><seg type="word" me_root="his" pos="pron1%gen">his</seg><seg type="word" me_root="bodi" pos="n">body</seg><seg type="word" me_root="scourgen" pos="v%ppl">scourgid</seg><seg type="word" me_root="ben" pos="v%pt_3">was</seg><seg type="word" me_root="and" pos="conj">and</seg><seg type="word" me_root="beten" pos="v1%ppl">bete</seg>
</l>
<l n="72">
<seg type="word" me_root="and" pos="conj">And</seg><seg type="word" me_root="al" pos="gram_adj">al</seg><seg type="word" me_root="bispeten" pos="v%ppl">byspet</seg><seg type="word" me_root="ben" pos="v%pt_3">was</seg><seg type="word" me_root="his" pos="pron1%gen">his</seg><seg type="word" me_root="blessed" pos="ppl">blessid</seg><seg type="word" me_root="visage" pos="n">visage</seg>
</l>
<l n="73">
<seg type="word" me_root="for" pos="prep">For</seg><seg type="word" me_root="ought" pos="pron">aght</seg><seg type="word" me_root="thei" pos="pron%pl_nom">they</seg><seg type="word" me_root="connen" pos="v%pt_pl">kowde</seg><seg type="word" me_root="rebuken" pos="v%inf">rebuke</seg><seg type="word" me_root="him" pos="pron%obj">him</seg><seg type="word" me_root="or" pos="conj">or</seg><seg type="word" me_root="threten" pos="v1%inf">threte</seg>
</l>
<l n="74">
<seg type="word" me_root="he" pos="pron1%nom">He</seg><seg type="word" me_root="kepen" pos="v%pt_3">kepte</seg><seg type="word" me_root="him" pos="pron%obj">him</seg><seg type="word" me_root="coi" pos="adj">coy</seg><seg type="word" me_root="he" pos="pron1%nom">he</seg><seg type="word" me_root="outen" pos="v%pt_3">owtid</seg><seg type="word" me_root="no" pos="gram_adj">no</seg><seg type="word" me_root="langage" pos="n">langage</seg>
</l>
<l n="75">
<seg type="word" me_root="ther" pos="adv">Ther</seg><seg type="word" me_root="mouen" pos="v3%pt_3">mighte</seg><seg type="word" me_root="no-thing" pos="pron">nothyng</seg><seg type="word" me_root="chaungen" pos="v%inf">chaungen</seg><seg type="word" me_root="his" pos="pron1%gen">his</seg><seg type="word" me_root="corage" pos="n">corage</seg>
</l>
<l n="76">
<seg type="word" me_root="but" pos="conj">But</seg><seg type="word" me_root="his" pos="pron1%gen">his</seg><seg type="word" me_root="torment" pos="n">torment</seg><seg type="word" me_root="he" pos="pron1%nom">he</seg><seg type="word" me_root="taken" pos="v%pt_3">took</seg><seg type="word" me_root="in" pos="prep">in</seg><seg type="word" me_root="pacience" pos="n">pacience</seg>
</l>
<l n="77">
<seg type="word" me_root="and" pos="conj">And</seg><seg type="word" me_root="dien" pos="v%pt_3">dyde</seg><seg type="word" me_root="for" pos="prep">for</seg><seg type="word" me_root="oure" pos="pron%gen">our</seg><seg type="word" me_root="trespas" pos="n">trespas</seg><seg type="word" me_root="and" pos="conj">and</seg><seg type="word" me_root="offense" pos="n">offense</seg>
</l>
</lg>
<lg type="stanza" n="12" rhyme="ababbcc">
<l n="78">
<seg type="word" me_root="fader" pos="n">Fadir</seg><seg type="word" me_root="biholden" pos="v%imp">beholde</seg><seg type="word" me_root="of" pos="prep">of</seg><seg type="word" me_root="thin" pos="pron%gen">thy</seg><seg type="word" me_root="benignite" pos="n">benignitee</seg>
</l>
<l n="79">
<seg type="word" me_root="and" pos="conj">And</seg><seg type="word" me_root="of" pos="prep">of</seg><seg type="word" me_root="justice" pos="n">justice</seg><seg type="word" me_root="we" pos="pron%pl_nom">we</seg><seg type="word" me_root="requeren" pos="v%pr_pl">requeren</seg><seg type="word" me_root="this" pos="pron">this</seg>
</l>
<l n="80">
<seg type="word" me_root="that" pos="conj">That</seg><seg type="word" me_root="sin" pos="conj">syn</seg><seg type="word" me_root="thin" pos="pron%gen">thy</seg><seg type="word" me_root="sone" pos="n">sone</seg><seg type="word" me_root="bi" pos="prep">by</seg><seg type="word" me_root="the" pos="def_art">the</seg><seg type="word" me_root="wille" pos="n">wil</seg><seg type="word" me_root="of" pos="prep">of</seg><seg type="word" me_root="the" pos="pron2%obj">thee</seg>
</l>
<l n="81">
<seg type="word" me_root="dien" pos="v%pt_3">Dyde</seg><seg type="word" me_root="to" pos="part">to</seg><seg type="word" me_root="winnen" pos="v%inf">wynne</seg><seg type="word" me_root="that" pos="pron_rel">that</seg><seg type="word" me_root="ben" pos="v%pt_3">was</seg><seg type="word" me_root="thin" pos="pron%gen">thyn</seg><seg type="word" me_root="and" pos="conj">and</seg><seg type="word" me_root="his" pos="pron1%gen">his</seg>
</l>
<l n="82">
<seg type="word" me_root="forto" pos="part">Forto</seg><seg type="word" me_root="to" pos="part">to</seg><seg type="word" me_root="redressen" pos="v%inf">redresse</seg><seg type="word" me_root="that" pos="pron">that</seg><seg type="word" me_root="that" pos="pron_rel">that</seg><seg type="word" me_root="ben" pos="v%pt_3">was</seg><seg type="word" me_root="amis" pos="adv">amis</seg>
</l>
<l n="83">
<seg type="word" me_root="consideren" pos="v%imp">Considere</seg><seg type="word" me_root="hit" pos="pron">it</seg><seg type="word" me_root="and" pos="conj">and</seg><seg type="word" me_root="reuen" pos="v1%imp">reewe</seg><seg type="word" me_root="on" pos="prep">on</seg><seg type="word" me_root="us" pos="pron%pl_obj">vs</seg><seg type="word" me_root="tenderli" pos="adv">tendrely</seg>
</l>
<l n="84">
<seg type="word" me_root="sin" pos="conj">Syn</seg><seg type="word" me_root="thou" pos="pron%nom">thou</seg><seg type="word" me_root="ben" pos="v%pr_2">art</seg><seg type="word" me_root="callen" pos="v%ppl">callid</seg><seg type="word" me_root="fader" pos="n">fadir</seg><seg type="word" me_root="of" pos="prep">of</seg><seg type="word" me_root="merci" pos="n1">mercy</seg>
</l>
</lg>
<lg type="stanza" n="13" rhyme="ababbcc">
<l n="85">
<seg type="word" me_root="he" pos="pron1%nom">He</seg><seg type="word" me_root="ben" pos="v%pr_3">is</seg><seg type="word" me_root="that" pos="art&amp;gram_adj">that</seg><seg type="word" me_root="mek" pos="adj">meek</seg><seg type="word" me_root="and" pos="conj">and</seg><seg type="word" me_root="spotles" pos="adj">spotlees</seg><seg type="word" me_root="innocent" pos="adj">Innocent</seg>
</l>
<l n="86">
<seg type="word" me_root="that" pos="pron_rel">That</seg><seg type="word" me_root="for" pos="prep">for</seg><seg type="word" me_root="oure" pos="pron%gen">our</seg><seg type="word" me_root="gilt" pos="n1">gilt</seg><seg type="word" me_root="to" pos="part">to</seg><seg type="word" me_root="dien" pos="v%inf">dye</seg><seg type="word" me_root="no-thing" pos="adv">nothyng</seg><seg type="word" me_root="dreden" pos="v%pt_3">dradde</seg>
</l>
<l n="87">
<seg type="word" me_root="which" pos="pron">Which</seg><seg type="word" me_root="to" pos="prep">to</seg><seg type="word" me_root="his" pos="pron1%gen">his</seg><seg type="word" me_root="deth" pos="n">deeth</seg><seg type="word" me_root="ben" pos="v%pt_3">was</seg><seg type="word" me_root="maken" pos="v1%ppl">maad</seg><seg type="word" me_root="obedient" pos="adj">obedient</seg>
</l>
<l n="88">
<seg type="word" me_root="and" pos="conj">And</seg><seg type="word" me_root="in" pos="prep">in</seg><seg type="word" me_root="his" pos="pron1%gen">his</seg><seg type="word" me_root="torment" pos="n">torment</seg><seg type="word" me_root="ful" pos="adv">ful</seg><seg type="word" me_root="gret" pos="adj%sg">greet</seg><seg type="word" me_root="delite" pos="n1">delyt</seg><seg type="word" me_root="haven" pos="v%pt_3">hadde</seg>
</l>
<l n="89">
<seg type="word" me_root="remembren" pos="v%prp_abs">Remembrynge</seg><seg type="word" me_root="hou" pos="adv&amp;conj">how</seg><seg type="word" me_root="we" pos="pron%pl_nom">we</seg><seg type="word" me_root="sinful" pos="adj">synful</seg><seg type="word" me_root="folk" pos="n%pl">folkes</seg><seg type="word" me_root="badde" pos="adj">badde</seg>
</l>
<l n="90">
<seg type="word" me_root="redemen" pos="v%ppl">Redempt</seg><seg type="word" me_root="shulen" pos="v1%pt_3">sholde</seg><seg type="word" me_root="ben" pos="v%inf">be</seg><seg type="word" me_root="thurgh" pos="prep">thurgh</seg><seg type="word" me_root="his" pos="pron1%gen">his</seg><seg type="word" me_root="passioun" pos="n">passioun</seg>
</l>
<l n="91">
<seg type="word" me_root="oute" pos="adv#prep">Out</seg><seg type="word" me_root="of" pos="prep">of</seg><seg type="word" me_root="the" pos="def_art">the</seg><seg type="word" me_root="daunger" pos="n">daunger</seg><seg type="word" me_root="of" pos="prep">of</seg><seg type="word" me_root="the" pos="def_art">the</seg><seg type="word" me_root="fend" pos="n">feend</seg><seg type="word" me_root="adoun" pos="adv">adoun</seg>
</l>
</lg>
<lg type="stanza" n="14" rhyme="ababbcc">
<l n="92">
<seg type="word" me_root="thin" pos="pron%gen">Thy</seg><seg type="word" me_root="godhede" pos="n1">godhede</seg><seg type="word" me_root="him" pos="pron%obj">him</seg><seg type="word" me_root="maken" pos="v1%pt_3">made</seg><seg type="word" me_root="oure" pos="pron%gen">our</seg><seg type="word" me_root="nature" pos="n">nature</seg><seg type="word" me_root="taken" pos="v%inf">take</seg>
</l>
<l n="93">
<seg type="word" me_root="and" pos="conj">And</seg><seg type="word" me_root="waxen" pos="v1%pt_3">wexe</seg><seg type="word" me_root="a" pos="indef_art">a</seg><seg type="word" me_root="man" pos="n">man</seg><seg type="word" me_root="of" pos="prep">of</seg><seg type="word" me_root="flesh" pos="n">flessh</seg><seg type="word" me_root="and" pos="conj">and</seg><seg type="word" me_root="blod" pos="n1">blood</seg><seg type="word" me_root="and" pos="conj">and</seg><seg type="word" me_root="bon" pos="n1">boon</seg>
</l>
<l n="94">
<seg type="word" me_root="and" pos="conj">And</seg><seg type="word" me_root="on" pos="prep">on</seg><seg type="word" me_root="the" pos="def_art">the</seg><seg type="word" me_root="crois" pos="n">crois</seg><seg type="word" me_root="he" pos="pron1%nom">he</seg><seg type="word" me_root="dien" pos="v%pt_3">dyde</seg><seg type="word" me_root="for" pos="prep">for</seg><seg type="word" me_root="oure" pos="pron%gen">our</seg><seg type="word" me_root="sake" pos="n">sake</seg>
</l>
<l n="95">
<seg type="word" me_root="that" pos="art&amp;gram_adj">That</seg><seg type="word" me_root="tender" pos="adj">tendre</seg><seg type="word" me_root="loven" pos="v1#adj%prp">lovyng</seg><seg type="word" me_root="lord" pos="n">lord</seg><seg type="word" me_root="to" pos="prep">to</seg><seg type="word" me_root="us" pos="pron%pl_obj">vs</seg><seg type="word" me_root="ech_on" pos="pron">echoon</seg>
</l>
<l n="96">
<seg type="word" me_root="swich" pos="gram_adj">Swich</seg><seg type="word" me_root="a" pos="indef_art">a</seg><seg type="word" me_root="lovere" pos="n2">lovere</seg><seg type="word" me_root="ben" pos="v%pt_3">was</seg><seg type="word" me_root="ther" pos="adv">ther</seg><seg type="word" me_root="never" pos="adv">neuere</seg><seg type="word" me_root="non" pos="pron">noon</seg>
</l>
<l n="97">
<seg type="word" me_root="foryeten" pos="v%imp">Forgete</seg><seg type="word" me_root="oure" pos="pron%gen">our</seg><seg type="word" me_root="gilt" pos="n1%pl">giltes</seg><seg type="word" me_root="and" pos="conj">and</seg><seg type="word" me_root="remembren" pos="v%imp">remembre</seg><seg type="word" me_root="hem" pos="pron%pl_obj">hem</seg><seg type="word" me_root="nought" pos="adv">noght</seg>
</l>
<l n="98">
<seg type="word" me_root="merciful" pos="adj">Mercyful</seg><seg type="word" me_root="lord" pos="n">lord</seg><seg type="word" me_root="putten" pos="v%imp">putte</seg><seg type="word" me_root="al" pos="gram_adj">al</seg><seg type="word" me_root="oute" pos="adv#prep">out</seg><seg type="word" me_root="of" pos="prep">of</seg><seg type="word" me_root="thin" pos="pron%gen">thy</seg><seg type="word" me_root="thought" pos="n">thoght</seg>
</l>
</lg>
<lg type="stanza" n="15" rhyme="ababbcc">
<l n="99">
<seg type="word" me_root="leten" pos="v%imp">Lat</seg><seg type="word" me_root="thin" pos="pron%gen">thy</seg><seg type="word" me_root="love" pos="n1">love</seg><seg type="word" me_root="ai" pos="adv">ay</seg><seg type="word" me_root="to" pos="prep">to</seg><seg type="word" me_root="us" pos="pron%pl_obj">vs</seg><seg type="word" me_root="enduren" pos="v%inf">endure</seg><seg type="word" me_root="and" pos="conj">and</seg><seg type="word" me_root="lasten" pos="v1%inf">laste</seg>
</l>
<l n="100">
<seg type="word" me_root="the" pos="def_art">The</seg><seg type="word" me_root="gracious" pos="adj">gracious</seg><seg type="word" me_root="eie" pos="n1%pl">yen</seg><seg type="word" me_root="of" pos="prep">of</seg><seg type="word" me_root="thin" pos="pron%gen">thy</seg><seg type="word" me_root="mageste" pos="n">magestee</seg>
</l>
<l n="101">
<seg type="word" me_root="we" pos="pron%pl_nom">We</seg><seg type="word" me_root="the" pos="pron2%obj">thee</seg><seg type="word" me_root="bisechen" pos="v%pr_pl">byseeche</seg><seg type="word" me_root="on" pos="prep">on</seg><seg type="word" me_root="thin" pos="pron%gen">thy</seg><seg type="word" me_root="sone" pos="n">sone</seg><seg type="word" me_root="thou" pos="pron%nom">thou</seg><seg type="word" me_root="casten" pos="v%pr_2">caste</seg>
</l>
<l n="102">
<seg type="word" me_root="sheuen" pos="v1%imp">Shewe</seg><seg type="word" me_root="thin" pos="pron%gen">thy</seg><seg type="word" me_root="merci" pos="n1">mercy</seg><seg type="word" me_root="and" pos="conj">and</seg><seg type="word" me_root="thin" pos="pron%gen">thyn</seg><seg type="word" me_root="heigh" pos="adj">hy</seg><seg type="word" me_root="pite" pos="n">pitee</seg>
</l>
<l n="103">
<seg type="word" me_root="which" pos="pron">Which</seg><seg type="word" me_root="that" pos="part">that</seg><seg type="word" me_root="mouen" pos="v3%pr_3">may</seg><seg type="word" me_root="thinken" pos="v2%ppl">thoght</seg><seg type="word" me_root="speken" pos="v%ppl">spoken</seg><seg type="word" me_root="ne" pos="adv">ne</seg><seg type="word" me_root="writen" pos="v%ppl">writen</seg><seg type="word" me_root="ben" pos="v%inf">be</seg>
</l>
<l n="104">
<seg type="word" me_root="and" pos="conj">And</seg><seg type="word" me_root="on" pos="prep">on</seg><seg type="word" me_root="thin" pos="pron%gen">thy</seg><seg type="word" me_root="sone" pos="n">sone</seg><seg type="word" me_root="preven" pos="v%imp">preeue</seg><seg type="word" me_root="hit" pos="pron">hit</seg><seg type="word" me_root="her" pos="adv">heere</seg><seg type="word" me_root="in" pos="prep">in</seg><seg type="word" me_root="dede" pos="n">deede</seg>
</l>
<l n="105">
<seg type="word" me_root="biholden" pos="v%imp">Beholde</seg><seg type="word" me_root="his" pos="pron1%gen">his</seg><seg type="word" me_root="side" pos="n%pl">sydes</seg><seg type="word" me_root="and" pos="conj">and</seg><seg type="word" me_root="sen" pos="v1%imp">see</seg><seg type="word" me_root="hou" pos="adv&amp;conj">how</seg><seg type="word" me_root="thei" pos="pron%pl_nom">they</seg><seg type="word" me_root="bleden" pos="v%pr_pl">bleede</seg>
</l>
</lg>
<lg type="stanza" n="16" rhyme="ababbcc">
<l n="106">
<seg type="word" me_root="his" pos="pron1%gen">His</seg><seg type="word" me_root="giltles" pos="adj">giltlees</seg><seg type="word" me_root="honde" pos="n%pl">handes</seg><seg type="word" me_root="hou" pos="adv&amp;conj">how</seg><seg type="word" me_root="thei" pos="pron%pl_nom">they</seg><seg type="word" me_root="stremen" pos="v%pr_pl">stremen</seg><seg type="word" me_root="sen" pos="v1%imp">see</seg>
</l>
<l n="107">
<seg type="word" me_root="with" pos="prep">With</seg><seg type="word" me_root="blodi" pos="adj">blody</seg><seg type="word" me_root="strem" pos="n%pl">stremes</seg><seg type="word" me_root="and" pos="conj">and</seg><seg type="word" me_root="that" pos="pron">that</seg><seg type="word" me_root="we" pos="pron%pl_nom">we</seg><seg type="word" me_root="haven" pos="v%pr_pl">han</seg><seg type="word" me_root="werken" pos="v%ppl">wroght</seg>
</l>
<l n="108">
<seg type="word" me_root="ayen" pos="prep">Ageyn</seg><seg type="word" me_root="thin" pos="pron%gen">thy</seg><seg type="word" me_root="wille" pos="n">wil</seg><seg type="word" me_root="fader" pos="n">fadir</seg><seg type="word" me_root="we" pos="pron%pl_nom">we</seg><seg type="word" me_root="preien" pos="v1%pr_pl">preyen</seg><seg type="word" me_root="the" pos="pron2%obj">thee</seg>
</l>
<l n="109">
<seg type="word" me_root="foryeven" pos="v%imp">Foryeve</seg><seg type="word" me_root="hit" pos="pron">it</seg><seg type="word" me_root="us" pos="pron%pl_obj">vs</seg><seg type="word" me_root="and" pos="conj">and</seg><seg type="word" me_root="revolven" pos="v%imp">reuolue</seg><seg type="word" me_root="in" pos="prep">in</seg><seg type="word" me_root="thin" pos="pron%gen">thy</seg><seg type="word" me_root="thought" pos="n">thoght</seg>
</l>
<l n="110">
<seg type="word" me_root="hou" pos="adv&amp;conj">How</seg><seg type="word" me_root="dere" pos="adv">deere</seg><seg type="word" me_root="that" pos="conj">that</seg><seg type="word" me_root="thin" pos="pron%gen">thy</seg><seg type="word" me_root="sone" pos="n">sone</seg><seg type="word" me_root="haven" pos="v%pr_3">hath</seg><seg type="word" me_root="us" pos="pron%pl_obj">vs</seg><seg type="word" me_root="bien" pos="v%ppl">boght</seg>
</l>
<l n="111">
<seg type="word" me_root="at" pos="prep">At</seg><seg type="word" me_root="gret" pos="adj%comp">gretter</seg><seg type="word" me_root="pris" pos="n1">prys</seg><seg type="word" me_root="ne" pos="adv">ne</seg><seg type="word" me_root="mouen" pos="v3%pt_3">mighte</seg><seg type="word" me_root="us" pos="pron%pl_obj">vs</seg><seg type="word" me_root="no" pos="gram_adj">no</seg><seg type="word" me_root="man" pos="n">man</seg><seg type="word" me_root="bien" pos="v%inf">bye</seg>
</l>
<l n="112">
<seg type="word" me_root="than" pos="conj">Than</seg><seg type="word" me_root="for" pos="prep">for</seg><seg type="word" me_root="oure" pos="pron%gen">our</seg><seg type="word" me_root="gilt" pos="n1%pl">giltes</seg><seg type="word" me_root="and" pos="conj">and</seg><seg type="word" me_root="oure" pos="pron%gen">our</seg><seg type="word" me_root="sinne" pos="n%pl">synnes</seg><seg type="word" me_root="dien" pos="v%inf">dye</seg>
</l>
</lg>
<lg type="stanza" n="17" rhyme="ababbcc">
<l n="113">
<seg type="word" me_root="his" pos="pron1%gen">His</seg><seg type="word" me_root="fot" pos="n%pl">feet</seg><seg type="word" me_root="and" pos="conj">and</seg><seg type="word" me_root="honde" pos="n%pl">handes</seg><seg type="word" me_root="with" pos="prep">with</seg><seg type="word" me_root="nail" pos="n%pl">nayles</seg><seg type="word" me_root="ben" pos="v%pr_pl">been</seg><seg type="word" me_root="percen" pos="v%ppl">perced</seg>
</l>
<l n="114">
<seg type="word" me_root="sen" pos="v1%imp">See</seg><seg type="word" me_root="which" pos="gram_adj">whiche</seg><seg type="word" me_root="anoi" pos="n%pl">annoyes</seg><seg type="word" me_root="haven" pos="v%pr_3">hath</seg><seg type="word" me_root="oure" pos="pron%gen">our</seg><seg type="word" me_root="redemptoure" pos="n">Redemptour</seg>
</l>
<l n="115">
<seg type="word" me_root="al" pos="gram_adj">Alle</seg><seg type="word" me_root="his" pos="pron1%gen">his</seg><seg type="word" me_root="torment" pos="n%pl">tormentes</seg><seg type="word" me_root="mouen" pos="v3%pr_pl">may</seg><seg type="word" me_root="not" pos="adv">nat</seg><seg type="word" me_root="ben" pos="v%inf">be</seg><seg type="word" me_root="rehersen" pos="v%ppl">reherced</seg>
</l>
<l n="116">
<seg type="word" me_root="bi" pos="prep">By</seg><seg type="word" me_root="non" pos="gram_adj">noon</seg><seg type="word" me_root="enditour" pos="n">enditour</seg><seg type="word" me_root="ne" pos="adv">ne</seg><seg type="word" me_root="bi" pos="prep">by</seg><seg type="word" me_root="translatour" pos="n">translatour</seg>
</l>
<l n="117">
<seg type="word" me_root="ne" pos="adv">Ne</seg><seg type="word" me_root="no" pos="gram_adj">no</seg><seg type="word" me_root="wight" pos="n">wight</seg><seg type="word" me_root="elles" pos="adv">elles,</seg><seg type="word" me_root="for" pos="conj">for</seg><seg type="word" me_root="so" pos="adv">so</seg><seg type="word" me_root="mani" pos="gram_adj">many</seg><seg type="word" me_root="a" pos="indef_art">a</seg><seg type="word" me_root="stoure" pos="n2">stour</seg>
</l>
<l n="118">
<seg type="word" me_root="and" pos="conj">And</seg><seg type="word" me_root="so" pos="adv">so</seg><seg type="word" me_root="grevous" pos="adj">grevous</seg><seg type="word" me_root="sufferen" pos="v%pt_3">souffrid</seg><seg type="word" me_root="he" pos="pron1%nom">he</seg><seg type="word" me_root="for" pos="prep">for</seg><seg type="word" me_root="oure" pos="pron%gen">our</seg><seg type="word" me_root="sinne" pos="n">synne</seg>
</l>
<l n="119">
<seg type="word" me_root="that" pos="conj">That</seg><seg type="word" me_root="to" pos="part">to</seg><seg type="word" me_root="tellen" pos="v%inf">telle</seg><seg type="word" me_root="al" pos="gram_adj">al</seg><seg type="word" me_root="man" pos="n%gen">mannes</seg><seg type="word" me_root="wit" pos="n">wit</seg><seg type="word" me_root="ben" pos="v%pr_3">is</seg><seg type="word" me_root="to" pos="adv2">to</seg><seg type="word" me_root="thinne" pos="adj">thynne</seg>
</l>
</lg>
<lg type="stanza" n="18" rhyme="ababbcc">
<l n="120">
<seg type="word" me_root="with" pos="prep">With</seg><seg type="word" me_root="sharp" pos="adj">sharpe</seg><seg type="word" me_root="thorn" pos="n%pl">thornes</seg><seg type="word" me_root="fader" pos="n">fadir</seg><seg type="word" me_root="wel" pos="adv">wel</seg><seg type="word" me_root="thou" pos="pron%nom">thou</seg><seg type="word" me_root="witen" pos="v1%pr_2">woost</seg>
</l>
<l n="121">
<seg type="word" me_root="corounen" pos="v1%ppl">Coroned</seg><seg type="word" me_root="ben" pos="v%pt_3">was</seg><seg type="word" me_root="thin" pos="pron%gen">thy</seg><seg type="word" me_root="sone" pos="n">sone</seg><seg type="word" me_root="and" pos="conj">and</seg><seg type="word" me_root="sore" pos="adv">sore</seg><seg type="word" me_root="pinen" pos="v%ppl">pyned</seg>
</l>
<l n="122">
<seg type="word" me_root="and" pos="conj">And</seg><seg type="word" me_root="wounden" pos="v%ppl">wowndid</seg><seg type="word" me_root="to" pos="prep">to</seg><seg type="word" me_root="the" pos="def_art">the</seg><seg type="word" me_root="herte" pos="n">herte</seg><seg type="word" me_root="and" pos="conj">and</seg><seg type="word" me_root="yelden" pos="v%pt_3">yald</seg><seg type="word" me_root="the" pos="def_art">the</seg><seg type="word" me_root="gost" pos="n">goost</seg>
</l>
<l n="123">
<seg type="word" me_root="a" pos="indef_art">An</seg><seg type="word" me_root="hard" pos="adj%comp">harder</seg><seg type="word" me_root="deth" pos="n">deeth</seg><seg type="word" me_root="mouen" pos="v3%pr_3">may</seg><seg type="word" me_root="not" pos="adv">nat</seg><seg type="word" me_root="ben" pos="v%inf">been</seg><seg type="word" me_root="imaginen" pos="v%ppl">ymagyned</seg>
</l>
<l n="124">
<seg type="word" me_root="his" pos="pron1%gen">His</seg><seg type="word" me_root="fresh" pos="adj">fressh</seg><seg type="word" me_root="colour" pos="n">colour</seg><seg type="word" me_root="that" pos="pron_rel">that</seg><seg type="word" me_root="whilom" pos="adv">whilom</seg><seg type="word" me_root="ben" pos="v%pt_3">was</seg><seg type="word" me_root="bishinen" pos="v%ppl">beshyned</seg>
</l>
<l n="125">
<seg type="word" me_root="with" pos="prep">With</seg><seg type="word" me_root="swich" pos="gram_adj">swich</seg><seg type="word" me_root="beaute" pos="n">beautee</seg><seg type="word" me_root="that" pos="conj">that</seg><seg type="word" me_root="hit" pos="pron">it</seg><seg type="word" me_root="willen" pos="v%pt_3">wolde</seg><seg type="word" me_root="al" pos="gram_adj">al</seg><seg type="word" me_root="thing" pos="n">thyng</seg><seg type="word" me_root="gladen" pos="v%inf">glade</seg>
</l>
<l n="126">
<seg type="word" me_root="waxen" pos="v1%pt_3">Wax</seg><seg type="word" me_root="wan" pos="adj">wan</seg><seg type="word" me_root="and" pos="conj">and</seg><seg type="word" me_root="dusk" pos="adj">dusk</seg><seg type="word" me_root="and" pos="conj">and</seg><seg type="word" me_root="pale" pos="adj">pale</seg><seg type="word" me_root="and" pos="conj">and</seg><seg type="word" me_root="ginnen" pos="v%pt_3">gan</seg><seg type="word" me_root="to" pos="part">to</seg><seg type="word" me_root="faden" pos="v1%inf">fade</seg>
</l>
</lg>
<lg type="stanza" n="19" rhyme="ababbcc">
<l n="127">
<seg type="word" me_root="biholden" pos="v%imp">Beholde</seg><seg type="word" me_root="thin" pos="pron%gen">thy</seg><seg type="word" me_root="sone" pos="n%gen">sones</seg><seg type="word" me_root="humanite" pos="n">humanitee</seg>
</l>
<l n="128">
<seg type="word" me_root="and" pos="conj">And</seg><seg type="word" me_root="merci" pos="n1">mercy</seg><seg type="word" me_root="haven" pos="v%imp">have</seg><seg type="word" me_root="on" pos="prep">on</seg><seg type="word" me_root="oure" pos="pron%gen">our</seg><seg type="word" me_root="sik" pos="adj">seek</seg><seg type="word" me_root="feblenesse" pos="n">feeblenesse</seg>
</l>
<l n="129">
<seg type="word" me_root="biholden" pos="v%imp">Beholde</seg><seg type="word" me_root="his" pos="pron1%gen">his</seg><seg type="word" me_root="teren" pos="v2#adj%ppl">toren</seg><seg type="word" me_root="membre" pos="n%pl">membres</seg><seg type="word" me_root="fader" pos="n">fadir</seg><seg type="word" me_root="fre" pos="adj">free</seg>
</l>
<l n="130">
<seg type="word" me_root="and" pos="conj">And</seg><seg type="word" me_root="leten" pos="v%imp">lat</seg><seg type="word" me_root="oure" pos="pron%gen">our</seg><seg type="word" me_root="substaunce" pos="n">substance</seg><seg type="word" me_root="in" pos="prep">in</seg><seg type="word" me_root="thin" pos="pron%gen">thyn</seg><seg type="word" me_root="herte" pos="n">herte</seg><seg type="word" me_root="impressen" pos="v%inf">impresse</seg>
</l>
<l n="131">
<seg type="word" me_root="thinken" pos="v2%imp">Thynke</seg><seg type="word" me_root="on" pos="prep">on</seg><seg type="word" me_root="thin" pos="pron%gen">thy</seg><seg type="word" me_root="sone" pos="n%gen">sones</seg><seg type="word" me_root="peine" pos="n">peyne</seg><seg type="word" me_root="and" pos="conj">and</seg><seg type="word" me_root="hevinesse" pos="n">heuynesse</seg>
</l>
<l n="132">
<seg type="word" me_root="as" pos="conj">As</seg><seg type="word" me_root="ich" pos="pron%nom">I</seg><seg type="word" me_root="biforen" pos="adv">before</seg><seg type="word" me_root="speken" pos="v%ppl">spoken</seg><seg type="word" me_root="haven" pos="v%pr_1">have</seg><seg type="word" me_root="and" pos="conj">and</seg><seg type="word" me_root="seien" pos="v1%ppl">seid</seg>
</l>
<l n="133">
<seg type="word" me_root="and" pos="conj">And</seg><seg type="word" me_root="unbinden" pos="v%imp">vnbynde</seg><seg type="word" me_root="us" pos="pron%pl_obj">vs</seg><seg type="word" me_root="that" pos="pron_rel">that</seg><seg type="word" me_root="ben" pos="v%pr_pl">been</seg><seg type="word" me_root="in" pos="prep">in</seg><seg type="word" me_root="sinne" pos="n%pl">synnes</seg><seg type="word" me_root="teien" pos="v%ppl">teid</seg>
</l>
</lg>
<lg type="stanza" n="20" rhyme="ababbcc">
<l n="134">
<seg type="word" me_root="fader" pos="n">Fadir</seg><seg type="word" me_root="and" pos="conj">and</seg><seg type="word" me_root="lord" pos="n">lord</seg><seg type="word" me_root="of" pos="prep">of</seg><seg type="word" me_root="merci" pos="n1">mercy</seg><seg type="word" me_root="on" pos="prep">on</seg><seg type="word" me_root="us" pos="pron%pl_obj">vs</seg><seg type="word" me_root="reuen" pos="v1%imp">reewe</seg>
</l>
<l n="135">
<seg type="word" me_root="that" pos="pron_rel">That</seg><seg type="word" me_root="for" pos="conj">for</seg><seg type="word" me_root="oure" pos="pron%gen">our</seg><seg type="word" me_root="sinne" pos="n%pl">synnes</seg><seg type="word" me_root="stinken" pos="v%pr_pl">stynken</seg><seg type="word" me_root="in" pos="prep">in</seg><seg type="word" me_root="thin" pos="pron%gen">thy</seg><seg type="word" me_root="sighte" pos="n">sighte</seg>
</l>
<l n="136">
<seg type="word" me_root="thou" pos="pron%nom">Thou</seg><seg type="word" me_root="graunten" pos="v%pr_2">grante</seg><seg type="word" me_root="us" pos="pron%pl_obj">vs</seg><seg type="word" me_root="grace" pos="n">grace</seg><seg type="word" me_root="vice" pos="n%pl">vices</seg><seg type="word" me_root="to" pos="part">to</seg><seg type="word" me_root="escheuen" pos="v%inf">escheewe</seg>
</l>
<l n="137">
<seg type="word" me_root="and" pos="conj">And</seg><seg type="word" me_root="of" pos="prep">of</seg><seg type="word" me_root="oure" pos="pron%gen">oure</seg><seg type="word" me_root="sinful" pos="adj">synful</seg><seg type="word" me_root="birthen" pos="n">birdoun</seg><seg type="word" me_root="thou" pos="pron%nom">thou</seg><seg type="word" me_root="us" pos="pron%pl_obj">vs</seg><seg type="word" me_root="lightnen" pos="v1%pr_2">lighte</seg>
</l>
<l n="138">
<seg type="word" me_root="ayen" pos="prep">Ageyn</seg><seg type="word" me_root="the" pos="def_art">the</seg><seg type="word" me_root="fend" pos="n">feend</seg><seg type="word" me_root="encouragen" pos="v%imp">encorage</seg><seg type="word" me_root="us" pos="pron%pl_obj">vs</seg><seg type="word" me_root="to" pos="part">to</seg><seg type="word" me_root="fighten" pos="v%inf">fighte</seg>
</l>
<l n="139">
<seg type="word" me_root="and" pos="conj">And</seg><seg type="word" me_root="stifli" pos="adv">stifly</seg><seg type="word" me_root="graunten" pos="v%imp">graunte</seg><seg type="word" me_root="us" pos="pron%pl_obj">vs</seg><seg type="word" me_root="in" pos="prep">in</seg><seg type="word" me_root="thin" pos="pron%gen">thy</seg><seg type="word" me_root="cause" pos="n">cause</seg><seg type="word" me_root="stonden" pos="v%inf">stonde</seg>
</l>
<l n="140">
<seg type="word" me_root="and" pos="conj">And</seg><seg type="word" me_root="flitten" pos="v%inf">flitte</seg><seg type="word" me_root="not" pos="adv">nat</seg><seg type="word" me_root="whan" pos="adv&amp;conj">whan</seg><seg type="word" me_root="we" pos="pron%pl_nom">we</seg><seg type="word" me_root="taken" pos="v%pr_pl">take</seg><seg type="word" me_root="hit" pos="pron">it</seg><seg type="word" me_root="on" pos="prep">on</seg><seg type="word" me_root="honde" pos="n">honde</seg>
</l>
</lg>
</poem>