<?xml version="1.0" encoding="UTF-8"?>
<poem id="10-hoc">
<lg type="stanza" n="1" rhyme="ababbcc">
<l n="1">
<seg type="word" me_root="moder" pos="n">Modir</seg><seg type="word" me_root="of" pos="prep">of</seg><seg type="word" me_root="god" pos="n1#propn">God</seg><seg type="word" me_root="and" pos="conj">and</seg><seg type="word" me_root="virgin" pos="n">virgyne</seg><seg type="word" me_root="undefouled" pos="adj">vndeffouled</seg>
</l>
<l n="2">
<seg type="word" me_root="o" pos="interj">O</seg><seg type="word" me_root="blisful" pos="adj">blisful</seg><seg type="word" me_root="quene" pos="n2">queene</seg><seg type="word" me_root="of" pos="prep">of</seg><seg type="word" me_root="quene" pos="n2%gen_pl">queenes</seg><seg type="word" me_root="emperesse" pos="n">Emperice</seg>
</l>
<l n="3">
<seg type="word" me_root="preien" pos="v1%imp">Preye</seg><seg type="word" me_root="for" pos="prep">for</seg><seg type="word" me_root="me" pos="pron2%obj">me</seg><seg type="word" me_root="that" pos="pron_rel">that</seg><seg type="word" me_root="ben" pos="v%pr_1">am</seg><seg type="word" me_root="in" pos="prep">in</seg><seg type="word" me_root="sinne" pos="n">synne</seg><seg type="word" me_root="moulen" pos="v%ppl">mowled</seg>
</l>
<l n="4">
<seg type="word" me_root="to" pos="prep">To</seg><seg type="word" me_root="god" pos="n1#propn">God</seg><seg type="word" me_root="thin" pos="pron%gen">thy</seg><seg type="word" me_root="sone" pos="n">sone</seg><seg type="word" me_root="punishere" pos="n">punysshere</seg><seg type="word" me_root="of" pos="prep">of</seg><seg type="word" me_root="vice" pos="n">vice</seg>
</l>
<l n="5">
<seg type="word" me_root="that" pos="conj">That</seg><seg type="word" me_root="of" pos="prep">of</seg><seg type="word" me_root="his" pos="pron1%gen">his</seg><seg type="word" me_root="merci" pos="n1">mercy</seg><seg type="word" me_root="though" pos="conj">thogh</seg><seg type="word" me_root="that" pos="part">that</seg><seg type="word" me_root="ich" pos="pron%nom">I</seg><seg type="word" me_root="ben" pos="v%pr_1">be</seg><seg type="word" me_root="nice" pos="adj">nyce</seg>
</l>
<l n="6">
<seg type="word" me_root="and" pos="conj">And</seg><seg type="word" me_root="necligent" pos="adj">negligent</seg><seg type="word" me_root="in" pos="prep">in</seg><seg type="word" me_root="kepinge" pos="ger">keepyng</seg><seg type="word" me_root="of" pos="prep">of</seg><seg type="word" me_root="his" pos="pron1%gen">his</seg><seg type="word" me_root="laue" pos="n">lawe</seg>
</l>
<l n="7">
<seg type="word" me_root="his" pos="pron1%gen">His</seg><seg type="word" me_root="heigh" pos="adj">hy</seg><seg type="word" me_root="merci" pos="n1">mercy</seg><seg type="word" me_root="min" pos="pron%gen">my</seg><seg type="word" me_root="soule" pos="n">soule</seg><seg type="word" me_root="unto" pos="prep">vnto</seg><seg type="word" me_root="him" pos="pron%obj">him</seg><seg type="word" me_root="drauen" pos="v%imp">drawe</seg>
</l>
</lg>
<lg type="stanza" n="2" rhyme="ababbcc">
<l n="8">
<seg type="word" me_root="moder" pos="n">Modir</seg><seg type="word" me_root="of" pos="prep">of</seg><seg type="word" me_root="merci" pos="n1">mercy</seg><seg type="word" me_root="wei" pos="n">wey</seg><seg type="word" me_root="of" pos="prep">of</seg><seg type="word" me_root="indulgence" pos="n">indulgence</seg>
</l>
<l n="9">
<seg type="word" me_root="that" pos="pron_rel">That</seg><seg type="word" me_root="of" pos="prep">of</seg><seg type="word" me_root="al" pos="gram_adj">al</seg><seg type="word" me_root="vertu" pos="n">vertu</seg><seg type="word" me_root="ben" pos="v%pr_2">art</seg><seg type="word" me_root="superlatif" pos="adj">superlatyf</seg>
</l>
<l n="10">
<seg type="word" me_root="saveour" pos="n">Sauere</seg><seg type="word" me_root="of" pos="prep">of</seg><seg type="word" me_root="us" pos="pron%pl_obj">vs</seg><seg type="word" me_root="bi" pos="prep">by</seg><seg type="word" me_root="thin" pos="pron%gen">thy</seg><seg type="word" me_root="benevolence" pos="n">beneuolence</seg>
</l>
<l n="11">
<seg type="word" me_root="humble" pos="adj">Humble</seg><seg type="word" me_root="ladie" pos="n">lady</seg><seg type="word" me_root="maide" pos="n">mayde</seg><seg type="word" me_root="moder" pos="n">modir</seg><seg type="word" me_root="and" pos="conj">and</seg><seg type="word" me_root="wif" pos="n">wyf</seg>
</l>
<l n="12">
<seg type="word" me_root="causer" pos="n1">Causere</seg><seg type="word" me_root="of" pos="prep">of</seg><seg type="word" me_root="pes" pos="n">pees</seg><seg type="word" me_root="stintere" pos="n">styntere</seg><seg type="word" me_root="of" pos="prep">of</seg><seg type="word" me_root="wo" pos="n">wo</seg><seg type="word" me_root="and" pos="conj">and</seg><seg type="word" me_root="strife" pos="n">stryf</seg>
</l>
<l n="13">
<seg type="word" me_root="min" pos="pron%gen">My</seg><seg type="word" me_root="preiere" pos="n2">preyere</seg><seg type="word" me_root="unto" pos="prep">vnto</seg><seg type="word" me_root="thin" pos="pron%gen">thy</seg><seg type="word" me_root="sone" pos="n">sone</seg><seg type="word" me_root="presenten" pos="v%imp">presente</seg>
</l>
<l n="14">
<seg type="word" me_root="sin" pos="conj">Syn</seg><seg type="word" me_root="for" pos="prep">for</seg><seg type="word" me_root="min" pos="pron%gen">my</seg><seg type="word" me_root="gilt" pos="n1">gilt</seg><seg type="word" me_root="ich" pos="pron%nom">I</seg><seg type="word" me_root="fulli" pos="adv">fully</seg><seg type="word" me_root="me" pos="pron2%obj">me</seg><seg type="word" me_root="repenten" pos="v%pr_1">repente</seg>
</l>
</lg>
<lg type="stanza" n="3" rhyme="ababbcc">
<l n="15">
<seg type="word" me_root="benigne" pos="adj">Benigne</seg><seg type="word" me_root="comfort" pos="n">confort</seg><seg type="word" me_root="of" pos="prep">of</seg><seg type="word" me_root="us" pos="pron%pl_obj">vs</seg><seg type="word" me_root="wrecche" pos="n%pl">wrecches</seg><seg type="word" me_root="al" pos="gram_adj">alle</seg>
</l>
<l n="16">
<seg type="word" me_root="ben" pos="v%pr_3">Be</seg><seg type="word" me_root="at" pos="prep">at</seg><seg type="word" me_root="min" pos="pron%gen">myn</seg><seg type="word" me_root="endinge" pos="ger">endyng</seg><seg type="word" me_root="whan" pos="adv&amp;conj">whan</seg><seg type="word" me_root="that" pos="part">that</seg><seg type="word" me_root="ich" pos="pron%nom">I</seg><seg type="word" me_root="shulen" pos="v1%pr_1">shal</seg><seg type="word" me_root="dien" pos="v%inf">deye</seg>
</l>
<l n="17">
<seg type="word" me_root="o" pos="interj">O</seg><seg type="word" me_root="welle" pos="n">welle</seg><seg type="word" me_root="of" pos="prep">of</seg><seg type="word" me_root="pite" pos="n">pitee</seg><seg type="word" me_root="unto" pos="prep">vnto</seg><seg type="word" me_root="the" pos="pron2%obj">thee</seg><seg type="word" me_root="ich" pos="pron%nom">I</seg><seg type="word" me_root="callen" pos="v%pr_1">calle</seg>
</l>
<l n="18">
<seg type="word" me_root="ful" pos="adj">Ful</seg><seg type="word" me_root="of" pos="prep">of</seg><seg type="word" me_root="swetenesse" pos="n">swetnesse</seg><seg type="word" me_root="helpen" pos="v%imp">helpe</seg><seg type="word" me_root="me" pos="pron2%obj">me</seg><seg type="word" me_root="to" pos="part">to</seg><seg type="word" me_root="weien" pos="v1%inf">weye</seg>
</l>
<l n="19">
<seg type="word" me_root="ayen" pos="prep">Ageyn</seg><seg type="word" me_root="the" pos="def_art">the</seg><seg type="word" me_root="fend" pos="n">feend</seg><seg type="word" me_root="that" pos="pron_rel">that</seg><seg type="word" me_root="with" pos="prep">with</seg><seg type="word" me_root="his" pos="pron1%gen">his</seg><seg type="word" me_root="honde" pos="n%pl">handes</seg><seg type="word" me_root="two" pos="num#adj">tweye</seg>
</l>
<l n="20">
<seg type="word" me_root="and" pos="conj">And</seg><seg type="word" me_root="his" pos="pron1%gen">his</seg><seg type="word" me_root="might" pos="n">might</seg><seg type="word" me_root="plukken" pos="v%inf">plukke</seg><seg type="word" me_root="willen" pos="v%pr_3">wole</seg><seg type="word" me_root="at" pos="prep">at</seg><seg type="word" me_root="the" pos="def_art">the</seg><seg type="word" me_root="balaunce" pos="n">balance</seg>
</l>
<l n="21">
<seg type="word" me_root="to" pos="part">To</seg><seg type="word" me_root="weien" pos="v1%inf">weye</seg><seg type="word" me_root="us" pos="pron%pl_obj">vs</seg><seg type="word" me_root="doun" pos="adv">doun,</seg><seg type="word" me_root="kepen" pos="v%imp">keepe</seg><seg type="word" me_root="us" pos="pron%pl_obj">vs</seg><seg type="word" me_root="from" pos="prep">from</seg><seg type="word" me_root="his" pos="pron1%gen">his</seg><seg type="word" me_root="noisaunce" pos="n">nusance</seg>
</l>
</lg>
<lg type="stanza" n="4" rhyme="ababbcc">
<l n="22">
<seg type="word" me_root="and" pos="conj">And</seg><seg type="word" me_root="for" pos="conj">for</seg><seg type="word" me_root="thou" pos="pron%nom">thow</seg><seg type="word" me_root="ben" pos="v%pr_2">art</seg><seg type="word" me_root="ensaumple" pos="n">ensaumple</seg><seg type="word" me_root="of" pos="prep">of</seg><seg type="word" me_root="chastite" pos="n">chastitee</seg>
</l>
<l n="23">
<seg type="word" me_root="and" pos="conj">And</seg><seg type="word" me_root="of" pos="prep">of</seg><seg type="word" me_root="virgin" pos="n%pl">virgynes</seg><seg type="word" me_root="worshipe" pos="n">worsship</seg><seg type="word" me_root="and" pos="conj">and</seg><seg type="word" me_root="honour" pos="n">honour</seg>
</l>
<l n="24">
<seg type="word" me_root="amonges" pos="prep">Among</seg><seg type="word" me_root="al" pos="gram_adj">alle</seg><seg type="word" me_root="womman" pos="n%pl">wommen</seg><seg type="word" me_root="blessed" pos="ppl">blessid</seg><seg type="word" me_root="thou" pos="pron%nom">thow</seg><seg type="word" me_root="ben" pos="v%pr_2">be</seg>
</l>
<l n="25">
<seg type="word" me_root="nou" pos="adv">Now</seg><seg type="word" me_root="speken" pos="v%imp">speke</seg><seg type="word" me_root="and" pos="conj">and</seg><seg type="word" me_root="preien" pos="v1%imp">preye</seg><seg type="word" me_root="to" pos="prep">to</seg><seg type="word" me_root="oure" pos="pron%gen">our</seg><seg type="word" me_root="saveour" pos="n">Sauueour</seg>
</l>
<l n="26">
<seg type="word" me_root="that" pos="conj">That</seg><seg type="word" me_root="he" pos="pron1%nom">he</seg><seg type="word" me_root="me" pos="pron2%obj">me</seg><seg type="word" me_root="senden" pos="v2%pr_3">sende</seg><seg type="word" me_root="swich" pos="gram_adj">swich</seg><seg type="word" me_root="grace" pos="n">grace</seg><seg type="word" me_root="and" pos="conj">and</seg><seg type="word" me_root="favour" pos="n">favour</seg>
</l>
<l n="27">
<seg type="word" me_root="that" pos="conj">That</seg><seg type="word" me_root="al" pos="gram_adj">al</seg><seg type="word" me_root="the" pos="def_art">the</seg><seg type="word" me_root="hete" pos="n1">hete</seg><seg type="word" me_root="of" pos="prep">of</seg><seg type="word" me_root="brenninge" pos="ger">brennyng</seg><seg type="word" me_root="lecherie" pos="n">leccherie</seg>
</l>
<l n="28">
<seg type="word" me_root="he" pos="pron1%nom">He</seg><seg type="word" me_root="quenchen" pos="v%pr_3">qwenche</seg><seg type="word" me_root="in" pos="prep">in</seg><seg type="word" me_root="me" pos="pron2%obj">me</seg><seg type="word" me_root="blessed" pos="ppl">blessid</seg><seg type="word" me_root="maiden" pos="n">maiden</seg><seg type="word" me_root="marie" pos="n#propn">Marie</seg>
</l>
</lg>
<lg type="stanza" n="5" rhyme="ababbcc">
<l n="29">
<seg type="word" me_root="o" pos="interj">O</seg><seg type="word" me_root="blessed" pos="ppl">blessid</seg><seg type="word" me_root="ladie" pos="n">lady</seg><seg type="word" me_root="the" pos="def_art">the</seg><seg type="word" me_root="cler" pos="adj">cleer</seg><seg type="word" me_root="light" pos="n">light</seg><seg type="word" me_root="of" pos="prep">of</seg><seg type="word" me_root="dai" pos="n">day</seg>
</l>
<l n="30">
<seg type="word" me_root="temple" pos="n1">Temple</seg><seg type="word" me_root="of" pos="prep">of</seg><seg type="word" me_root="oure" pos="pron%gen">our</seg><seg type="word" me_root="lord" pos="n">lord</seg><seg type="word" me_root="and" pos="conj">and</seg><seg type="word" me_root="rote" pos="n4">roote</seg><seg type="word" me_root="of" pos="prep">of</seg><seg type="word" me_root="al" pos="gram_adj">al</seg><seg type="word" me_root="godnesse" pos="n2">goodnesse</seg>
</l>
<l n="31">
<seg type="word" me_root="that" pos="pron_rel">That</seg><seg type="word" me_root="bi" pos="prep">by</seg><seg type="word" me_root="preiere" pos="n2">prayere</seg><seg type="word" me_root="wipen" pos="v%pr_2">wypest</seg><seg type="word" me_root="clene" pos="adv">cleene</seg><seg type="word" me_root="awei" pos="adv">away</seg>
</l>
<l n="32">
<seg type="word" me_root="the" pos="def_art">The</seg><seg type="word" me_root="filth" pos="n%pl">filthes</seg><seg type="word" me_root="of" pos="prep">of</seg><seg type="word" me_root="oure" pos="pron%gen">our</seg><seg type="word" me_root="sinful" pos="adj">synful</seg><seg type="word" me_root="wikkednesse" pos="n">wikkidnesse</seg>
</l>
<l n="33">
<seg type="word" me_root="thin" pos="pron%gen">Thyn</seg><seg type="word" me_root="honde" pos="n">hand</seg><seg type="word" me_root="forth" pos="adv">foorth</seg><seg type="word" me_root="putten" pos="v%imp">putte</seg><seg type="word" me_root="and" pos="conj">and</seg><seg type="word" me_root="helpen" pos="v%imp">helpe</seg><seg type="word" me_root="min" pos="pron%gen">my</seg><seg type="word" me_root="distresse" pos="n">distresse</seg>
</l>
<l n="34">
<seg type="word" me_root="and" pos="conj">And</seg><seg type="word" me_root="from" pos="prep">fro</seg><seg type="word" me_root="temptacioun" pos="n">temptacioun</seg><seg type="word" me_root="deliveren" pos="v%imp">delivre</seg><seg type="word" me_root="me" pos="pron2%obj">me</seg>
</l>
<l n="35">
<seg type="word" me_root="of" pos="prep">Of</seg><seg type="word" me_root="wikked" pos="adj">wikkid</seg><seg type="word" me_root="thought" pos="n">thoght</seg><seg type="word" me_root="thurgh" pos="prep">thurgh</seg><seg type="word" me_root="thin" pos="pron%gen">thy</seg><seg type="word" me_root="benignite" pos="n">benignitee</seg>
</l>
</lg>
<lg type="stanza" n="6" rhyme="ababbcc">
<l n="36">
<seg type="word" me_root="so" pos="adv">So</seg><seg type="word" me_root="that" pos="conj">that</seg><seg type="word" me_root="the" pos="def_art">the</seg><seg type="word" me_root="wille" pos="n">wil</seg><seg type="word" me_root="ful-fillen" pos="v%ppl">fulfild</seg><seg type="word" me_root="ben" pos="v%pr_3">be</seg><seg type="word" me_root="of" pos="prep">of</seg><seg type="word" me_root="thin" pos="pron%gen">thy</seg><seg type="word" me_root="sone" pos="n">sone</seg>
</l>
<l n="37">
<seg type="word" me_root="and" pos="conj">And</seg><seg type="word" me_root="that" pos="conj">that</seg><seg type="word" me_root="of" pos="prep">of</seg><seg type="word" me_root="the" pos="def_art">the</seg><seg type="word" me_root="holi" pos="adj2">holy</seg><seg type="word" me_root="gost" pos="n">goost</seg><seg type="word" me_root="he" pos="pron1%nom">he</seg><seg type="word" me_root="enluminen" pos="v%pr_pron">menlumyne</seg>
</l>
<l n="38">
<seg type="word" me_root="preien" pos="v1%imp">Preye</seg><seg type="word" me_root="for" pos="prep">for</seg><seg type="word" me_root="us" pos="pron%pl_obj">vs</seg><seg type="word" me_root="as" pos="conj">as</seg><seg type="word" me_root="ai" pos="adv">ay</seg><seg type="word" me_root="haven" pos="v%pr_3">hath</seg><seg type="word" me_root="ben" pos="v%ppl">be</seg><seg type="word" me_root="thin" pos="pron%gen">thy</seg><seg type="word" me_root="wone" pos="n">wone</seg>
</l>
<l n="39">
<seg type="word" me_root="ladie" pos="n">Lady</seg><seg type="word" me_root="al" pos="gram_adj">alle</seg><seg type="word" me_root="swich" pos="gram_adj%pl">swiche</seg><seg type="word" me_root="emprise" pos="n%pl">emprises</seg><seg type="word" me_root="ben" pos="v%pr_pl">been</seg><seg type="word" me_root="thin" pos="pron%gen">thyne</seg>
</l>
<l n="40">
<seg type="word" me_root="swich" pos="gram_adj">Swich</seg><seg type="word" me_root="a" pos="indef_art">an</seg><seg type="word" me_root="advocatrice" pos="n">aduocatrice</seg><seg type="word" me_root="who" pos="pron%nom">who</seg><seg type="word" me_root="connen" pos="v%pr_3">can</seg><seg type="word" me_root="divinen" pos="v%inf">dyvyne</seg>
</l>
<l n="41">
<seg type="word" me_root="as" pos="conj">As</seg><seg type="word" me_root="thou" pos="pron%nom">thow</seg><seg type="word" me_root="righte" pos="adv">right</seg><seg type="word" me_root="non" pos="gram_adj">noon</seg><seg type="word" me_root="oure" pos="pron%gen">our</seg><seg type="word" me_root="gref" pos="n%pl">greeves</seg><seg type="word" me_root="to" pos="part">to</seg><seg type="word" me_root="redressen" pos="v%inf">redresse</seg>
</l>
<l n="42">
<seg type="word" me_root="in" pos="prep">In</seg><seg type="word" me_root="thin" pos="pron%gen">thy</seg><seg type="word" me_root="refute" pos="n">refuyt</seg><seg type="word" me_root="ben" pos="v%pr_3">is</seg><seg type="word" me_root="al" pos="gram_adj">al</seg><seg type="word" me_root="oure" pos="pron%gen">our</seg><seg type="word" me_root="sikernesse" pos="n">sikirnesse</seg>
</l>
</lg>
<lg type="stanza" n="7" rhyme="ababbcc">
<l n="43">
<seg type="word" me_root="thou" pos="pron%nom">Thow</seg><seg type="word" me_root="shapen" pos="v%ppl">shapen</seg><seg type="word" me_root="ben" pos="v%pr_2">art</seg><seg type="word" me_root="bi" pos="prep">by</seg><seg type="word" me_root="god" pos="n1#propn%gen">Goddes</seg><seg type="word" me_root="ordinaunce" pos="n">ordenance</seg>
</l>
<l n="44">
<seg type="word" me_root="mene" pos="n3">Mene</seg><seg type="word" me_root="for" pos="prep">for</seg><seg type="word" me_root="us" pos="pron%pl_obj">vs</seg><seg type="word" me_root="flour" pos="n1">flour</seg><seg type="word" me_root="of" pos="prep">of</seg><seg type="word" me_root="humilite" pos="n">humilitee</seg>
</l>
<l n="45">
<seg type="word" me_root="fichen" pos="v1%imp">Ficche</seg><seg type="word" me_root="that" pos="art&amp;gram_adj">that</seg><seg type="word" me_root="ladie" pos="n">lady</seg><seg type="word" me_root="in" pos="prep">in</seg><seg type="word" me_root="thin" pos="pron%gen">thy</seg><seg type="word" me_root="remembraunce" pos="n">remembrance</seg>
</l>
<l n="46">
<seg type="word" me_root="leste" pos="conj">Lest</seg><seg type="word" me_root="oure" pos="pron%gen">our</seg><seg type="word" me_root="fo" pos="n">fo,</seg><seg type="word" me_root="the" pos="def_art">the</seg><seg type="word" me_root="fend" pos="n">feend</seg><seg type="word" me_root="thurgh" pos="prep">thurgh</seg><seg type="word" me_root="his" pos="pron1%gen">his</seg><seg type="word" me_root="sotilte" pos="n">sotiltee</seg>
</l>
<l n="47">
<seg type="word" me_root="that" pos="pron_rel">That</seg><seg type="word" me_root="in" pos="prep">in</seg><seg type="word" me_root="awaite" pos="n">awayt</seg><seg type="word" me_root="lien" pos="v1%pr_3">lyth</seg><seg type="word" me_root="forto" pos="part">forto</seg><seg type="word" me_root="to" pos="part">to</seg><seg type="word" me_root="cacchen" pos="v%inf">cacche</seg><seg type="word" me_root="me" pos="pron2%obj">me</seg>
</l>
<l n="48">
<seg type="word" me_root="me" pos="pron2%obj">Me</seg><seg type="word" me_root="overcomen" pos="v%inf">ouercome</seg><seg type="word" me_root="with" pos="prep">with</seg><seg type="word" me_root="his" pos="pron1%gen">his</seg><seg type="word" me_root="trecheri" pos="n">treccherie</seg>
</l>
<l n="49">
<seg type="word" me_root="unto" pos="prep">Vnto</seg><seg type="word" me_root="min" pos="pron%gen">my</seg><seg type="word" me_root="soule" pos="n%gen">soules</seg><seg type="word" me_root="helthe" pos="n">helthe</seg><seg type="word" me_root="thou" pos="pron%nom">thow</seg><seg type="word" me_root="me" pos="pron2%obj">me</seg><seg type="word" me_root="gien" pos="v%pr_2">gye</seg>
</l>
</lg>
<lg type="stanza" n="8" rhyme="ababbcc">
<l n="50">
<seg type="word" me_root="thou" pos="pron%nom">Thow</seg><seg type="word" me_root="ben" pos="v%pr_2">art</seg><seg type="word" me_root="the" pos="def_art">the</seg><seg type="word" me_root="wei" pos="n">way</seg><seg type="word" me_root="of" pos="prep">of</seg><seg type="word" me_root="oure" pos="pron%gen">our</seg><seg type="word" me_root="redempcioun" pos="n">Redempcioun</seg>
</l>
<l n="51">
<seg type="word" me_root="for" pos="conj">For</seg><seg type="word" me_root="crist" pos="n#propn">cryst</seg><seg type="word" me_root="of" pos="prep">of</seg><seg type="word" me_root="the" pos="pron2%obj">thee</seg><seg type="word" me_root="haven" pos="v%pr_3">hath</seg><seg type="word" me_root="deinen" pos="v1%ppl">deyned</seg><seg type="word" me_root="forto" pos="part">forto</seg><seg type="word" me_root="to" pos="part">to</seg><seg type="word" me_root="taken" pos="v%inf">take</seg>
</l>
<l n="52">
<seg type="word" me_root="flesh" pos="n">Flessh</seg><seg type="word" me_root="and" pos="conj">and</seg><seg type="word" me_root="ek" pos="adv">eek</seg><seg type="word" me_root="blod" pos="n1">blood</seg><seg type="word" me_root="for" pos="prep">for</seg><seg type="word" me_root="the" pos="def_art">the</seg><seg type="word" me_root="entencioun" pos="n">entencioun</seg>
</l>
<l n="53">
<seg type="word" me_root="upon" pos="prep">Vpon</seg><seg type="word" me_root="a" pos="indef_art">a</seg><seg type="word" me_root="crois" pos="n">crois</seg><seg type="word" me_root="to" pos="part">to</seg><seg type="word" me_root="dien" pos="v%inf">die</seg><seg type="word" me_root="for" pos="prep">for</seg><seg type="word" me_root="oure" pos="pron%gen">our</seg><seg type="word" me_root="sake" pos="n">sake</seg>
</l>
<l n="54">
<seg type="word" me_root="his" pos="pron1%gen">His</seg><seg type="word" me_root="preciouse" pos="adj">precious</seg><seg type="word" me_root="deth" pos="n">deeth</seg><seg type="word" me_root="maken" pos="v1%pt_3">made</seg><seg type="word" me_root="the" pos="def_art">the</seg><seg type="word" me_root="fend" pos="n%pl">feendes</seg><seg type="word" me_root="quaken" pos="v%inf">qwake</seg>
</l>
<l n="55">
<seg type="word" me_root="and" pos="conj">And</seg><seg type="word" me_root="cristen" pos="adj">cristen</seg><seg type="word" me_root="folk" pos="n">folk</seg><seg type="word" me_root="forto" pos="part">forto</seg><seg type="word" me_root="to" pos="part">to</seg><seg type="word" me_root="rejoisen" pos="v%inf">reioisen</seg><seg type="word" me_root="ever" pos="adv">evere</seg>
</l>
<l n="56">
<seg type="word" me_root="from" pos="prep">From</seg><seg type="word" me_root="his" pos="pron1%gen">his</seg><seg type="word" me_root="merci" pos="n1">mercy</seg><seg type="word" me_root="helpen" pos="v%imp">helpe</seg><seg type="word" me_root="us" pos="pron%pl_obj">vs</seg><seg type="word" me_root="we" pos="pron%pl_nom">we</seg><seg type="word" me_root="not" pos="adv">nat</seg><seg type="word" me_root="disseveren" pos="v%inf">dissevere</seg>
</l>
</lg>
<lg type="stanza" n="9" rhyme="ababbcc">
<l n="57">
<seg type="word" me_root="tenderli" pos="adv">Tendrely</seg><seg type="word" me_root="remembren" pos="v%imp">remembre</seg><seg type="word" me_root="on" pos="prep">on</seg><seg type="word" me_root="the" pos="def_art">the</seg><seg type="word" me_root="wo" pos="n">wo</seg><seg type="word" me_root="and" pos="conj">and</seg><seg type="word" me_root="peine" pos="n">peyne</seg>
</l>
<l n="58">
<seg type="word" me_root="that" pos="pron_rel">That</seg><seg type="word" me_root="thou" pos="pron%nom">thow</seg><seg type="word" me_root="sufferen" pos="v%pt_2">souffridist</seg><seg type="word" me_root="in" pos="prep">in</seg><seg type="word" me_root="his" pos="pron1%gen">his</seg><seg type="word" me_root="passioun" pos="n">passioun</seg>
</l>
<l n="59">
<seg type="word" me_root="whan" pos="adv&amp;conj">Whan</seg><seg type="word" me_root="water" pos="n">watir</seg><seg type="word" me_root="and" pos="conj">and</seg><seg type="word" me_root="blod" pos="n1">blood</seg><seg type="word" me_root="oute" pos="adv#prep">out</seg><seg type="word" me_root="of" pos="prep">of</seg><seg type="word" me_root="thin" pos="pron%gen">thyn</seg><seg type="word" me_root="eie" pos="n1%pl">yen</seg><seg type="word" me_root="twein" pos="num#adj">tweyne</seg>
</l>
<l n="60">
<seg type="word" me_root="for" pos="prep">For</seg><seg type="word" me_root="sorwe" pos="n">sorwe</seg><seg type="word" me_root="of" pos="prep">of</seg><seg type="word" me_root="him" pos="pron%obj">him</seg><seg type="word" me_root="rennen" pos="v1%pt_3">ran</seg><seg type="word" me_root="bi" pos="prep">by</seg><seg type="word" me_root="this" pos="gram_adj">this</seg><seg type="word" me_root="cheke" pos="n%pl">cheekes</seg><seg type="word" me_root="doun" pos="adv">doun</seg>
</l>
<l n="61">
<seg type="word" me_root="and" pos="conj">And</seg><seg type="word" me_root="sin" pos="conj">syn</seg><seg type="word" me_root="thou" pos="pron%nom">thow</seg><seg type="word" me_root="knouen" pos="v%pr_2">knowest</seg><seg type="word" me_root="that" pos="conj">that</seg><seg type="word" me_root="the" pos="def_art">the</seg><seg type="word" me_root="enchesoun" pos="n">enchesoun</seg>
</l>
<l n="62">
<seg type="word" me_root="of" pos="prep">Of</seg><seg type="word" me_root="his" pos="pron1%gen">his</seg><seg type="word" me_root="deth" pos="n">deeth</seg><seg type="word" me_root="ben" pos="v%pt_3">was</seg><seg type="word" me_root="forto" pos="part">forto</seg><seg type="word" me_root="to" pos="part">to</seg><seg type="word" me_root="saven" pos="v%inf">saue</seg><seg type="word" me_root="al" pos="gram_adj">al</seg><seg type="word" me_root="man-kinde" pos="n">mankynde</seg>
</l>
<l n="63">
<seg type="word" me_root="moder" pos="n">Modir</seg><seg type="word" me_root="of" pos="prep">of</seg><seg type="word" me_root="merci" pos="n1">mercy</seg><seg type="word" me_root="that" pos="pron">that</seg><seg type="word" me_root="haven" pos="v%imp">have</seg><seg type="word" me_root="in" pos="prep">in</seg><seg type="word" me_root="thin" pos="pron%gen">thy</seg><seg type="word" me_root="minde" pos="n1">mynde</seg>
</l>
</lg>
<lg type="stanza" n="10" rhyme="ababbcc">
<l n="64">
<seg type="word" me_root="wel" pos="adv">Wel</seg><seg type="word" me_root="ouen" pos="v%pt_pl">oghten</seg><seg type="word" me_root="we" pos="pron%pl_nom">we</seg><seg type="word" me_root="the" pos="pron2%obj">thee</seg><seg type="word" me_root="worshipen" pos="v%inf">worsshipe</seg><seg type="word" me_root="and" pos="conj">and</seg><seg type="word" me_root="honouren" pos="v%inf">honure</seg>
</l>
<l n="65">
<seg type="word" me_root="palais" pos="n">Paleys</seg><seg type="word" me_root="of" pos="prep">of</seg><seg type="word" me_root="crist" pos="n#propn">Cryst,</seg><seg type="word" me_root="flour" pos="n1">flour</seg><seg type="word" me_root="of" pos="prep">of</seg><seg type="word" me_root="virginite" pos="n">virginitee</seg>
</l>
<l n="66">
<seg type="word" me_root="sin" pos="conj">Syn</seg><seg type="word" me_root="upon" pos="prep">vpon</seg><seg type="word" me_root="the" pos="pron2%obj">thee</seg><seg type="word" me_root="ben" pos="v%pt_3">was</seg><seg type="word" me_root="leien" pos="v1%ppl">leid</seg><seg type="word" me_root="the" pos="def_art">the</seg><seg type="word" me_root="charge" pos="n">charge</seg><seg type="word" me_root="and" pos="conj">and</seg><seg type="word" me_root="cure" pos="n1">cure</seg>
</l>
<l n="67">
<seg type="word" me_root="the" pos="def_art">The</seg><seg type="word" me_root="lord" pos="n">lord</seg><seg type="word" me_root="to" pos="part">to</seg><seg type="word" me_root="beren" pos="v1%inf">bere</seg><seg type="word" me_root="of" pos="prep">of</seg><seg type="word" me_root="heven" pos="n">heuene</seg><seg type="word" me_root="and" pos="conj">and</seg><seg type="word" me_root="erthe" pos="n1">eerthe</seg><seg type="word" me_root="and" pos="conj">and</seg><seg type="word" me_root="se" pos="n1">see</seg>
</l>
<l n="68">
<seg type="word" me_root="and" pos="conj">And</seg><seg type="word" me_root="al" pos="gram_adj">alle</seg><seg type="word" me_root="thing" pos="n%pl">thynges</seg><seg type="word" me_root="that" pos="pron_rel">that</seg><seg type="word" me_root="ther-inne" pos="adv">therynne</seg><seg type="word" me_root="ben" pos="v%pr_pl">be</seg>
</l>
<l n="69">
<seg type="word" me_root="of" pos="prep">Of</seg><seg type="word" me_root="heven" pos="n%gen">heuenes</seg><seg type="word" me_root="king" pos="n">kyng</seg><seg type="word" me_root="thou" pos="pron%nom">thow</seg><seg type="word" me_root="ben" pos="v%pr_2">art</seg><seg type="word" me_root="predestinaten" pos="v%ppl">predestinat</seg>
</l>
<l n="70">
<seg type="word" me_root="to" pos="part">To</seg><seg type="word" me_root="helen" pos="v1%inf">hele</seg><seg type="word" me_root="oure" pos="pron%gen">our</seg><seg type="word" me_root="soule" pos="n%pl">soules</seg><seg type="word" me_root="of" pos="prep">of</seg><seg type="word" me_root="here" pos="pron%pl_gen">hir</seg><seg type="word" me_root="sik" pos="adj">seek</seg><seg type="word" me_root="estat" pos="n">estat</seg>
</l>
</lg>
<lg type="stanza" n="11" rhyme="ababbcc">
<l n="71">
<seg type="word" me_root="thin" pos="pron%gen">Thy</seg><seg type="word" me_root="maiden" pos="n%gen">maidens</seg><seg type="word" me_root="wombe" pos="n">wombe</seg><seg type="word" me_root="in" pos="prep">in</seg><seg type="word" me_root="which" pos="pron">which</seg><seg type="word" me_root="oure" pos="pron%gen">our</seg><seg type="word" me_root="lord" pos="n">lord</seg><seg type="word" me_root="lien" pos="v1%pt_3">lay</seg>
</l>
<l n="72">
<seg type="word" me_root="thin" pos="pron%gen">Thy</seg><seg type="word" me_root="tete" pos="n%pl">tetes</seg><seg type="word" me_root="which" pos="pron">whiche</seg><seg type="word" me_root="him" pos="pron%obj">him</seg><seg type="word" me_root="yeven" pos="v%pt_3">yaf</seg><seg type="word" me_root="to" pos="part">to</seg><seg type="word" me_root="souken" pos="v%inf">sowke</seg><seg type="word" me_root="also" pos="adv">also</seg>
</l>
<l n="73">
<seg type="word" me_root="to" pos="prep">To</seg><seg type="word" me_root="oure" pos="pron%gen">our</seg><seg type="word" me_root="savinge" pos="ger">sauynge</seg><seg type="word" me_root="ben" pos="v%pr_pl">be</seg><seg type="word" me_root="thei" pos="pron%pl_nom">they</seg><seg type="word" me_root="blessed" pos="ppl">blessid</seg><seg type="word" me_root="ai" pos="adv">ay</seg>
</l>
<l n="74">
<seg type="word" me_root="the" pos="def_art">The</seg><seg type="word" me_root="birthe" pos="n">birthe</seg><seg type="word" me_root="of" pos="prep">of</seg><seg type="word" me_root="crist" pos="n#propn">Cryst</seg><seg type="word" me_root="oure" pos="pron%gen">our</seg><seg type="word" me_root="thraldom" pos="n">thraldom</seg><seg type="word" me_root="putten" pos="v%pt_3">putte</seg><seg type="word" me_root="us" pos="pron%pl_obj">vs</seg><seg type="word" me_root="from" pos="prep">fro</seg>
</l>
<l n="75">
<seg type="word" me_root="joie" pos="n">Joie</seg><seg type="word" me_root="and" pos="conj">and</seg><seg type="word" me_root="honour" pos="n">honour</seg><seg type="word" me_root="ben" pos="v%pr_3">be</seg><seg type="word" me_root="nou" pos="adv">now</seg><seg type="word" me_root="and" pos="conj">and</seg><seg type="word" me_root="ever-mor" pos="adv">everemo</seg>
</l>
<l n="76">
<seg type="word" me_root="to" pos="prep">To</seg><seg type="word" me_root="him" pos="pron%obj">him</seg><seg type="word" me_root="and" pos="conj">and</seg><seg type="word" me_root="the" pos="pron2%obj">thee</seg><seg type="word" me_root="that" pos="pron_rel">that</seg><seg type="word" me_root="unto" pos="prep">vnto</seg><seg type="word" me_root="liberte" pos="n">libertee</seg>
</l>
<l n="77">
<seg type="word" me_root="from" pos="prep">Fro</seg><seg type="word" me_root="thraldom" pos="n">thraldam</seg><seg type="word" me_root="haven" pos="v%pr_pl">han</seg><seg type="word" me_root="us" pos="pron%pl_obj">vs</seg><seg type="word" me_root="quiten" pos="v%ppl">qwit</seg><seg type="word" me_root="blessed" pos="ppl">blessid</seg><seg type="word" me_root="ben" pos="v%pr_pl">be</seg><seg type="word" me_root="ye" pos="pron%pl%nom">yee</seg>
</l>
</lg>
<lg type="stanza" n="12" rhyme="ababbcc">
<l n="78">
<seg type="word" me_root="bi" pos="prep">By</seg><seg type="word" me_root="the" pos="pron2%obj">thee</seg><seg type="word" me_root="ladie" pos="n">lady</seg><seg type="word" me_root="maken" pos="v1%ppl">ymakid</seg><seg type="word" me_root="ben" pos="v%pr_3">is</seg><seg type="word" me_root="the" pos="def_art">the</seg><seg type="word" me_root="pes" pos="n">pees</seg>
</l>
<l n="79">
<seg type="word" me_root="bitwixe" pos="prep">Betwixt</seg><seg type="word" me_root="aungel" pos="n%pl">Angels</seg><seg type="word" me_root="and" pos="conj">and</seg><seg type="word" me_root="man" pos="n%pl">men</seg><seg type="word" me_root="hit" pos="pron">it</seg><seg type="word" me_root="ben" pos="v%pr_3">is</seg><seg type="word" me_root="no" pos="gram_adj">no</seg><seg type="word" me_root="doute" pos="n">doute</seg>
</l>
<l n="80">
<seg type="word" me_root="blessed" pos="ppl">Blessid</seg><seg type="word" me_root="ben" pos="v%pr_3">be</seg><seg type="word" me_root="god" pos="n1#propn">God</seg><seg type="word" me_root="that" pos="pron_rel">that</seg><seg type="word" me_root="swich" pos="gram_adj">swich</seg><seg type="word" me_root="a" pos="indef_art">a</seg><seg type="word" me_root="moder" pos="n">modir</seg><seg type="word" me_root="chesen" pos="v%pt_3">chees</seg>
</l>
<l n="81">
<seg type="word" me_root="thin" pos="pron%gen">Thy</seg><seg type="word" me_root="gracious" pos="adj">gracious</seg><seg type="word" me_root="bounte" pos="n">bountee</seg><seg type="word" me_root="spreden" pos="v%pr_3">spredith</seg><seg type="word" me_root="al" pos="adv">al</seg><seg type="word" me_root="abouten" pos="adv">aboute</seg>
</l>
<l n="82">
<seg type="word" me_root="though" pos="conj">Thogh</seg><seg type="word" me_root="that" pos="part">that</seg><seg type="word" me_root="oure" pos="pron%gen">oure</seg><seg type="word" me_root="herte" pos="n%pl">hertes</seg><seg type="word" me_root="sterne" pos="adj">steerne</seg><seg type="word" me_root="ben" pos="v%pr_pl">been</seg><seg type="word" me_root="and" pos="conj">and</seg><seg type="word" me_root="stoute" pos="adj">stoute</seg>
</l>
<l n="83">
<seg type="word" me_root="thou" pos="pron%nom">Thow</seg><seg type="word" me_root="to" pos="prep">to</seg><seg type="word" me_root="thin" pos="pron%gen">thy</seg><seg type="word" me_root="sone" pos="n">sone</seg><seg type="word" me_root="connen" pos="v%pr_2">canst</seg><seg type="word" me_root="ben" pos="v%inf">be</seg><seg type="word" me_root="swich" pos="gram_adj">swich</seg><seg type="word" me_root="a" pos="indef_art">a</seg><seg type="word" me_root="mene" pos="n3">mene</seg>
</l>
<l n="84">
<seg type="word" me_root="that" pos="conj">That</seg><seg type="word" me_root="al" pos="gram_adj">alle</seg><seg type="word" me_root="oure" pos="pron%gen">our</seg><seg type="word" me_root="gilt" pos="n1%pl">giltes</seg><seg type="word" me_root="he" pos="pron1%nom">he</seg><seg type="word" me_root="foryeven" pos="v%pr_3">foryeveth</seg><seg type="word" me_root="clene" pos="adv">clene</seg>
</l>
</lg>
<lg type="stanza" n="13" rhyme="ababbcc">
<l n="85">
<seg type="word" me_root="paradise" pos="n">Paradys</seg><seg type="word" me_root="gate" pos="n1%pl">yates</seg><seg type="word" me_root="openen" pos="v%ppl">opned</seg><seg type="word" me_root="ben" pos="v%pr_pl">been</seg><seg type="word" me_root="bi" pos="prep">by</seg><seg type="word" me_root="the" pos="pron2%obj">thee</seg>
</l>
<l n="86">
<seg type="word" me_root="and" pos="conj">And</seg><seg type="word" me_root="breken" pos="v%ppl">broken</seg><seg type="word" me_root="ben" pos="v%pr_pl">been</seg><seg type="word" me_root="the" pos="def_art">the</seg><seg type="word" me_root="gate" pos="n1%pl">yates</seg><seg type="word" me_root="ek" pos="adv">eek</seg><seg type="word" me_root="of" pos="prep">of</seg><seg type="word" me_root="helle" pos="n">helle</seg>
</l>
<l n="87">
<seg type="word" me_root="bi" pos="prep">By</seg><seg type="word" me_root="the" pos="pron2%obj">thee</seg><seg type="word" me_root="the" pos="def_art">the</seg><seg type="word" me_root="world" pos="n">world</seg><seg type="word" me_root="restoren" pos="v%ppl">restored</seg><seg type="word" me_root="ben" pos="v%pr_3">is</seg><seg type="word" me_root="parde" pos="interj">pardee</seg>
</l>
<l n="88">
<seg type="word" me_root="of" pos="prep">Of</seg><seg type="word" me_root="al" pos="gram_adj">al</seg><seg type="word" me_root="vertu" pos="n">vertu</seg><seg type="word" me_root="thou" pos="pron%nom">thow</seg><seg type="word" me_root="ben" pos="v%pr_2">art</seg><seg type="word" me_root="the" pos="def_art">the</seg><seg type="word" me_root="spring" pos="n">spryng</seg><seg type="word" me_root="and" pos="conj">and</seg><seg type="word" me_root="welle" pos="n">welle</seg>
</l>
<l n="89">
<seg type="word" me_root="bi" pos="prep">By</seg><seg type="word" me_root="the" pos="pron2%obj">thee</seg><seg type="word" me_root="al" pos="gram_adj">al</seg><seg type="word" me_root="bounte" pos="n">bountee</seg><seg type="word" me_root="shortli" pos="adv">shortly</seg><seg type="word" me_root="forto" pos="part">forto</seg><seg type="word" me_root="to" pos="part">to</seg><seg type="word" me_root="tellen" pos="v%inf">telle</seg>
</l>
<l n="90">
<seg type="word" me_root="in" pos="prep">In</seg><seg type="word" me_root="heven" pos="n">heuene</seg><seg type="word" me_root="and" pos="conj">and</seg><seg type="word" me_root="erthe" pos="n1">eerthe</seg><seg type="word" me_root="bi" pos="prep">by</seg><seg type="word" me_root="thin" pos="pron%gen">thyn</seg><seg type="word" me_root="ordinaunce" pos="n">ordenance</seg>
</l>
<l n="91">
<seg type="word" me_root="performen" pos="v%ppl">Parforned</seg><seg type="word" me_root="ben" pos="v%pr_3">is</seg><seg type="word" me_root="oure" pos="pron%gen">our</seg><seg type="word" me_root="soule" pos="n%gen">soules</seg><seg type="word" me_root="sustenaunce" pos="n">sustenance</seg>
</l>
</lg>
<lg type="stanza" n="14" rhyme="ababbcc">
<l n="92">
<seg type="word" me_root="nou" pos="adv">Now</seg><seg type="word" me_root="sin" pos="conj">syn</seg><seg type="word" me_root="thou" pos="pron%nom">thow</seg><seg type="word" me_root="ben" pos="v%pr_2">art</seg><seg type="word" me_root="of" pos="prep">of</seg><seg type="word" me_root="swich" pos="gram_adj">swich</seg><seg type="word" me_root="auctorite" pos="n">auctoritee</seg>
</l>
<l n="93">
<seg type="word" me_root="ladie" pos="n">Lady</seg><seg type="word" me_root="pitous" pos="adj">pitous</seg><seg type="word" me_root="virgin" pos="n">virgyne</seg><seg type="word" me_root="wemles" pos="adj">wemmelees</seg>
</l>
<l n="94">
<seg type="word" me_root="that" pos="conj">That</seg><seg type="word" me_root="oure" pos="pron%gen">our</seg><seg type="word" me_root="lord" pos="n">lord</seg><seg type="word" me_root="god" pos="n1#propn">God</seg><seg type="word" me_root="not" pos="adv">nat</seg><seg type="word" me_root="listen" pos="v1%pr_3">list</seg><seg type="word" me_root="to" pos="part">to</seg><seg type="word" me_root="wernen" pos="v%inf">werne</seg><seg type="word" me_root="the" pos="pron2%obj">thee</seg>
</l>
<l n="95">
<seg type="word" me_root="of" pos="prep">Of</seg><seg type="word" me_root="thin" pos="pron%gen">thy</seg><seg type="word" me_root="requeste" pos="n">requeste</seg><seg type="word" me_root="ich" pos="pron%nom">I</seg><seg type="word" me_root="witen" pos="v1%pr_1">wot</seg><seg type="word" me_root="wel" pos="adv">wel</seg><seg type="word" me_root="douteles" pos="adv">doutelees</seg>
</l>
<l n="96">
<seg type="word" me_root="thanne" pos="adv">Than</seg><seg type="word" me_root="sparen" pos="v%imp">spare</seg><seg type="word" me_root="not" pos="adv">nat</seg><seg type="word" me_root="forth" pos="adv">foorth</seg><seg type="word" me_root="the" pos="pron2%obj">thee</seg><seg type="word" me_root="to" pos="part">to</seg><seg type="word" me_root="putten" pos="v%inf">putte</seg><seg type="word" me_root="in" pos="prep">in</seg><seg type="word" me_root="presse" pos="n">prees</seg>
</l>
<l n="97">
<seg type="word" me_root="to" pos="part">To</seg><seg type="word" me_root="preien" pos="v1%inf">preye</seg><seg type="word" me_root="for" pos="prep">for</seg><seg type="word" me_root="us" pos="pron%pl_obj">vs</seg><seg type="word" me_root="crist" pos="n#propn%gen">Crystes</seg><seg type="word" me_root="moder" pos="n">modir</seg><seg type="word" me_root="dere" pos="adj1">deere</seg>
</l>
<l n="98">
<seg type="word" me_root="benigneli" pos="adv">Benygnely</seg><seg type="word" me_root="willen" pos="v%pr_3">wole</seg><seg type="word" me_root="he" pos="pron1%nom">he</seg><seg type="word" me_root="thin" pos="pron%gen">thyn</seg><seg type="word" me_root="askinge" pos="ger">axyng</seg><seg type="word" me_root="heren" pos="v%inf">heere</seg>
</l>
</lg>
<lg type="stanza" n="15" rhyme="ababbcc">
<l n="99">
<seg type="word" me_root="apostle" pos="n">Apostle</seg><seg type="word" me_root="and" pos="conj">and</seg><seg type="word" me_root="frend" pos="n">freend</seg><seg type="word" me_root="familier" pos="adj">familier</seg><seg type="word" me_root="of" pos="prep">of</seg><seg type="word" me_root="crist" pos="n#propn">Cryst</seg>
</l>
<l n="100">
<seg type="word" me_root="and" pos="conj">And</seg><seg type="word" me_root="his" pos="pron1%gen">his</seg><seg type="word" me_root="chesen" pos="v#adj%ppl">ychosen</seg><seg type="word" me_root="virgin" pos="n">virgyne</seg><seg type="word" me_root="seinte" pos="n">seint</seg><seg type="word" me_root="Jon" pos="n1#propn">Ion</seg>
</l>
<l n="101">
<seg type="word" me_root="shininge" pos="ger">Shynynge</seg><seg type="word" me_root="apostle" pos="n">apostle</seg><seg type="word" me_root="and" pos="conj">and</seg><seg type="word" me_root="evangelist" pos="n">evangelyst</seg>
</l>
<l n="102">
<seg type="word" me_root="and" pos="conj">And</seg><seg type="word" me_root="best" pos="adv%sup">best</seg><seg type="word" me_root="biloved" pos="ppl">beloued</seg><seg type="word" me_root="amonges" pos="prep">among</seg><seg type="word" me_root="hem" pos="pron%pl_obj">hem</seg><seg type="word" me_root="ech_on" pos="pron">echon</seg>
</l>
<l n="103">
<seg type="word" me_root="with" pos="prep">With</seg><seg type="word" me_root="oure" pos="pron%gen">our</seg><seg type="word" me_root="ladie" pos="n">lady</seg><seg type="word" me_root="preien" pos="v1%pr_1">preye</seg><seg type="word" me_root="ich" pos="pron%nom">I</seg><seg type="word" me_root="the" pos="pron2%obj">thee</seg><seg type="word" me_root="to" pos="part">to</seg><seg type="word" me_root="ben" pos="v%inf">been</seg><seg type="word" me_root="on" pos="pron">oon</seg>
</l>
<l n="104">
<seg type="word" me_root="that" pos="pron_rel">That</seg><seg type="word" me_root="unto" pos="prep">vnto</seg><seg type="word" me_root="crist" pos="n#propn">Cryst</seg><seg type="word" me_root="shulen" pos="v1%pr_3">shal</seg><seg type="word" me_root="for" pos="prep">for</seg><seg type="word" me_root="us" pos="pron%pl_obj">vs</seg><seg type="word" me_root="al" pos="gram_adj">alle</seg><seg type="word" me_root="preien" pos="v1%inf">preye</seg>
</l>
<l n="105">
<seg type="word" me_root="don" pos="v1%imp">Do</seg><seg type="word" me_root="this" pos="gram_adj">this</seg><seg type="word" me_root="for" pos="prep">for</seg><seg type="word" me_root="us" pos="pron%pl_obj">vs</seg><seg type="word" me_root="crist" pos="n#propn%gen">Crystes</seg><seg type="word" me_root="dereling" pos="n">derlyng</seg><seg type="word" me_root="ich" pos="pron%nom">I</seg><seg type="word" me_root="seien" pos="v1%pr_1">seye</seg>
</l>
</lg>
<lg type="stanza" n="16" rhyme="ababbcc">
<l n="106">
<seg type="word" me_root="marie" pos="n#propn">Marie</seg><seg type="word" me_root="and" pos="conj">and</seg><seg type="word" me_root="Jon" pos="n1#propn">Ion</seg><seg type="word" me_root="hevenli" pos="adj">heuenely</seg><seg type="word" me_root="gemme" pos="n%pl">gemmes</seg><seg type="word" me_root="twein" pos="num#adj">tweyne</seg>
</l>
<l n="107">
<seg type="word" me_root="o" pos="interj">O</seg><seg type="word" me_root="light" pos="n%pl">lightes</seg><seg type="word" me_root="two" pos="num#adj">two</seg><seg type="word" me_root="shinen" pos="v%prp_abs">shynyng</seg><seg type="word" me_root="in" pos="prep">in</seg><seg type="word" me_root="the" pos="def_art">the</seg><seg type="word" me_root="presence" pos="n">presence</seg>
</l>
<l n="108">
<seg type="word" me_root="of" pos="prep">Of</seg><seg type="word" me_root="oure" pos="pron%gen">our</seg><seg type="word" me_root="lord" pos="n">lord</seg><seg type="word" me_root="god" pos="n1#propn">God,</seg><seg type="word" me_root="nou" pos="adv">now</seg><seg type="word" me_root="don" pos="v1%imp">do</seg><seg type="word" me_root="your" pos="pron%pl_gen">your</seg><seg type="word" me_root="bisi" pos="adj">bysy</seg><seg type="word" me_root="peine" pos="n">peyne</seg>
</l>
<l n="109">
<seg type="word" me_root="to" pos="part">To</seg><seg type="word" me_root="washen" pos="v%inf">wasshe</seg><seg type="word" me_root="awei" pos="adv">away</seg><seg type="word" me_root="oure" pos="pron%gen">our</seg><seg type="word" me_root="cloudful" pos="adj">cloudeful</seg><seg type="word" me_root="offense" pos="n">offense</seg>
</l>
<l n="110">
<seg type="word" me_root="so" pos="adv">So</seg><seg type="word" me_root="that" pos="conj">that</seg><seg type="word" me_root="we" pos="pron%pl_nom">we</seg><seg type="word" me_root="mouen" pos="v3%pr_pl">mowen</seg><seg type="word" me_root="maken" pos="v1%inf">make</seg><seg type="word" me_root="resistence" pos="n">resistence</seg>
</l>
<l n="111">
<seg type="word" me_root="ayen" pos="prep">Ageyn</seg><seg type="word" me_root="the" pos="def_art">the</seg><seg type="word" me_root="fend" pos="n">feend</seg><seg type="word" me_root="and" pos="conj">and</seg><seg type="word" me_root="maken" pos="v1%inf">make</seg><seg type="word" me_root="him" pos="pron%obj">him</seg><seg type="word" me_root="to" pos="part">to</seg><seg type="word" me_root="biwailen" pos="v%inf">bewaille</seg>
</l>
<l n="112">
<seg type="word" me_root="that" pos="conj">That</seg><seg type="word" me_root="your" pos="pron%pl_gen">your</seg><seg type="word" me_root="preiere" pos="n2">preyere</seg><seg type="word" me_root="mouen" pos="v3%pr_3">may</seg><seg type="word" me_root="so" pos="adv">so</seg><seg type="word" me_root="muche" pos="adv">moche</seg><seg type="word" me_root="availen" pos="v%inf">auaille</seg>
</l>
</lg>
<lg type="stanza" n="17" rhyme="ababbcc">
<l n="113">
<seg type="word" me_root="ye" pos="pron%pl%nom">Yee</seg><seg type="word" me_root="ben" pos="v%pr_pl">been</seg><seg type="word" me_root="tho" pos="gram_adj%pl">tho</seg><seg type="word" me_root="two" pos="num#n">two</seg><seg type="word" me_root="ich" pos="pron%nom">I</seg><seg type="word" me_root="knouen" pos="v%pr_1">knowe</seg><seg type="word" me_root="verreilli" pos="adv">verraily</seg>
</l>
<l n="114">
<seg type="word" me_root="in" pos="prep">In</seg><seg type="word" me_root="which" pos="pron">which</seg><seg type="word" me_root="the" pos="def_art">the</seg><seg type="word" me_root="fader" pos="n">fadir</seg><seg type="word" me_root="god" pos="n1#propn">God</seg><seg type="word" me_root="ginnen" pos="v%pt_3">gan</seg><seg type="word" me_root="edifien" pos="v%inf">edifie</seg>
</l>
<l n="115">
<seg type="word" me_root="bi" pos="prep">By</seg><seg type="word" me_root="his" pos="pron1%gen">his</seg><seg type="word" me_root="sone" pos="n">sone</seg><seg type="word" me_root="onli" pos="adv">oonly</seg><seg type="word" me_root="geten" pos="v1%ppl_abs">geten</seg><seg type="word" me_root="specialli" pos="adv">specially</seg>
</l>
<l n="116">
<seg type="word" me_root="to" pos="prep">To</seg><seg type="word" me_root="him" pos="pron%obj">him</seg><seg type="word" me_root="a" pos="indef_art">an</seg><seg type="word" me_root="hous" pos="n">hows</seg><seg type="word" me_root="wher-for" pos="adv">wherfore</seg><seg type="word" me_root="ich" pos="pron%nom">I</seg><seg type="word" me_root="to" pos="prep">to</seg><seg type="word" me_root="you" pos="pron%pl_obj">yow</seg><seg type="word" me_root="crien" pos="v%pr_1">crye</seg>
</l>
<l n="117">
<seg type="word" me_root="ben" pos="v%imp">Beeth</seg><seg type="word" me_root="leche" pos="n3%pl">leches</seg><seg type="word" me_root="of" pos="prep">of</seg><seg type="word" me_root="oure" pos="pron%gen">our</seg><seg type="word" me_root="sinful" pos="adj">synful</seg><seg type="word" me_root="maladie" pos="n">maladie</seg>
</l>
<l n="118">
<seg type="word" me_root="preien" pos="v1%imp">Preyeth</seg><seg type="word" me_root="to" pos="prep">to</seg><seg type="word" me_root="god" pos="n1#propn">God,</seg><seg type="word" me_root="lord" pos="n">lord</seg><seg type="word" me_root="of" pos="prep">of</seg><seg type="word" me_root="misericorde" pos="n">misericorde</seg>
</l>
<l n="119">
<seg type="word" me_root="oure" pos="pron%gen">Oure</seg><seg type="word" me_root="olde" pos="adj">olde</seg><seg type="word" me_root="gilt" pos="n1%pl">giltes</seg><seg type="word" me_root="that" pos="conj">that</seg><seg type="word" me_root="he" pos="pron1%nom">he</seg><seg type="word" me_root="not" pos="adv">nat</seg><seg type="word" me_root="recorden" pos="v%pr_3">recorde</seg>
</l>
</lg>
<lg type="stanza" n="18" rhyme="ababbcc">
<l n="120">
<seg type="word" me_root="ben" pos="v%imp">Be</seg><seg type="word" me_root="ye" pos="pron%pl%nom">yee</seg><seg type="word" me_root="oure" pos="pron%gen">oure</seg><seg type="word" me_root="help" pos="n">help</seg><seg type="word" me_root="and" pos="conj">and</seg><seg type="word" me_root="oure" pos="pron%gen">our</seg><seg type="word" me_root="proteccioun" pos="n">proteccioun</seg>
</l>
<l n="121">
<seg type="word" me_root="sin" pos="conj">Syn</seg><seg type="word" me_root="for" pos="prep">for</seg><seg type="word" me_root="merite" pos="n">meryt</seg><seg type="word" me_root="of" pos="prep">of</seg><seg type="word" me_root="your" pos="pron%pl_gen">your</seg><seg type="word" me_root="virginite" pos="n">virginitee</seg>
</l>
<l n="122">
<seg type="word" me_root="the" pos="def_art">The</seg><seg type="word" me_root="privilege" pos="n">priuilege</seg><seg type="word" me_root="of" pos="prep">of</seg><seg type="word" me_root="his" pos="pron1%gen">his</seg><seg type="word" me_root="dileccioun" pos="n">dileccioun</seg>
</l>
<l n="123">
<seg type="word" me_root="in" pos="prep">In</seg><seg type="word" me_root="you" pos="pron%pl_obj">yow</seg><seg type="word" me_root="confermen" pos="v%pt_3">confermed</seg><seg type="word" me_root="god" pos="n1#propn">God</seg><seg type="word" me_root="upon" pos="prep">vpon</seg><seg type="word" me_root="a" pos="indef_art">a</seg><seg type="word" me_root="tre" pos="n">tree</seg>
</l>
<l n="124">
<seg type="word" me_root="hongen" pos="v%prp_abs">Hangyng</seg><seg type="word" me_root="and" pos="conj">and</seg><seg type="word" me_root="unto" pos="prep">vnto</seg><seg type="word" me_root="on" pos="pron">oon</seg><seg type="word" me_root="of" pos="prep">of</seg><seg type="word" me_root="you" pos="pron%pl_obj">yow</seg><seg type="word" me_root="seien" pos="v1%pt_3">seide</seg><seg type="word" me_root="he" pos="pron1%nom">he</seg>
</l>
<l n="125">
<seg type="word" me_root="righte" pos="adv">Right</seg><seg type="word" me_root="in" pos="prep">in</seg><seg type="word" me_root="this" pos="gram_adj">this</seg><seg type="word" me_root="wise" pos="n2">wyse</seg><seg type="word" me_root="as" pos="conj">as</seg><seg type="word" me_root="ich" pos="pron%nom">I</seg><seg type="word" me_root="rehersen" pos="v%inf">reherce</seg><seg type="word" me_root="connen" pos="v%pr_1">can</seg>
</l>
<l n="126">
<seg type="word" me_root="biholden" pos="v%imp">Beholde</seg><seg type="word" me_root="her" pos="adv">heere</seg><seg type="word" me_root="lo" pos="interj">lo</seg><seg type="word" me_root="thin" pos="pron%gen">thy</seg><seg type="word" me_root="sone" pos="n">sone</seg><seg type="word" me_root="womman" pos="n">womman</seg>
</l>
</lg>
<lg type="stanza" n="19" rhyme="ababbcc">
<l n="127">
<seg type="word" me_root="and" pos="conj">And</seg><seg type="word" me_root="to" pos="prep">to</seg><seg type="word" me_root="that" pos="art&amp;gram_adj">that</seg><seg type="word" me_root="other" pos="pron">othir</seg><seg type="word" me_root="her" pos="adv">heer</seg><seg type="word" me_root="thin" pos="pron%gen">thy</seg><seg type="word" me_root="moder" pos="n">modir</seg><seg type="word" me_root="lo" pos="interj">lo</seg>
</l>
<l n="128">
<seg type="word" me_root="thanne" pos="adv">Than</seg><seg type="word" me_root="preien" pos="v1%pr_1">preye</seg><seg type="word" me_root="ich" pos="pron%nom">I</seg><seg type="word" me_root="the" pos="pron2%obj">thee</seg><seg type="word" me_root="that" pos="conj">that</seg><seg type="word" me_root="for" pos="prep">for</seg><seg type="word" me_root="the" pos="def_art">the</seg><seg type="word" me_root="gret" pos="adj%sg">greet</seg><seg type="word" me_root="swetenesse" pos="n">swetnesse</seg>
</l>
<l n="129">
<seg type="word" me_root="of" pos="prep">Of</seg><seg type="word" me_root="the" pos="def_art">the</seg><seg type="word" me_root="heigh" pos="adj">hy</seg><seg type="word" me_root="love" pos="n1">love</seg><seg type="word" me_root="that" pos="pron_rel">that</seg><seg type="word" me_root="god" pos="n1#propn">God</seg><seg type="word" me_root="twixt" pos="prep">twixt</seg><seg type="word" me_root="you" pos="pron%pl_obj">yow</seg><seg type="word" me_root="two" pos="num#n">two</seg>
</l>
<l n="130">
<seg type="word" me_root="with" pos="prep">With</seg><seg type="word" me_root="his" pos="pron1%gen">his</seg><seg type="word" me_root="mouth" pos="n">mowth</seg><seg type="word" me_root="maken" pos="v1%pt_3">made</seg><seg type="word" me_root="and" pos="conj">and</seg><seg type="word" me_root="of" pos="prep">of</seg><seg type="word" me_root="his" pos="pron1%gen">his</seg><seg type="word" me_root="noblesse" pos="n">noblesse</seg>
</l>
<l n="131">
<seg type="word" me_root="conjoinen" pos="v%ppl">Conjoyned</seg><seg type="word" me_root="haven" pos="v%pr_3">hath</seg><seg type="word" me_root="you" pos="pron%pl_obj">yow</seg><seg type="word" me_root="thurgh" pos="prep">thurgh</seg><seg type="word" me_root="his" pos="pron1%gen">his</seg><seg type="word" me_root="blisfulnesse" pos="n">blisfulnesse</seg>
</l>
<l n="132">
<seg type="word" me_root="as" pos="conj">As</seg><seg type="word" me_root="moder" pos="n">modir</seg><seg type="word" me_root="and" pos="conj">and</seg><seg type="word" me_root="sone" pos="n">sone</seg><seg type="word" me_root="helpen" pos="v%imp">helpe</seg><seg type="word" me_root="us" pos="pron%pl_obj">vs</seg><seg type="word" me_root="in" pos="prep">in</seg><seg type="word" me_root="oure" pos="pron%gen">our</seg><seg type="word" me_root="nede" pos="n1">neede</seg>
</l>
<l n="133">
<seg type="word" me_root="and" pos="conj">And</seg><seg type="word" me_root="for" pos="prep">for</seg><seg type="word" me_root="oure" pos="pron%gen">our</seg><seg type="word" me_root="gilt" pos="n1%pl">giltes</seg><seg type="word" me_root="maken" pos="v1%imp">make</seg><seg type="word" me_root="oure" pos="pron%gen">oure</seg><seg type="word" me_root="herte" pos="n%pl">hertes</seg><seg type="word" me_root="bleden" pos="v%inf">bleede</seg>
</l>
</lg>
<lg type="stanza" n="20" rhyme="ababbcc">
<l n="134">
<seg type="word" me_root="unto" pos="prep">Vnto</seg><seg type="word" me_root="you" pos="pron%pl_obj">yow</seg><seg type="word" me_root="twein" pos="num#n">tweyne</seg><seg type="word" me_root="ich" pos="pron%nom">I</seg><seg type="word" me_root="min" pos="pron%gen">my</seg><seg type="word" me_root="soule" pos="n">soule</seg><seg type="word" me_root="commenden" pos="v%pr_1">commende</seg>
</l>
<l n="135">
<seg type="word" me_root="marie" pos="n#propn">Marie</seg><seg type="word" me_root="and" pos="conj">and</seg><seg type="word" me_root="Jon" pos="n1#propn">John</seg><seg type="word" me_root="for" pos="prep">for</seg><seg type="word" me_root="min" pos="pron%gen">my</seg><seg type="word" me_root="savacioun" pos="n">sauuacioun</seg>
</l>
<l n="136">
<seg type="word" me_root="helpen" pos="v%imp">Helpith</seg><seg type="word" me_root="me" pos="pron2%obj">me</seg><seg type="word" me_root="that" pos="conj">that</seg><seg type="word" me_root="ich" pos="pron%nom">I</seg><seg type="word" me_root="mouen" pos="v3%pr_1">may</seg><seg type="word" me_root="min" pos="pron%gen">my</seg><seg type="word" me_root="lif" pos="n">lyf</seg><seg type="word" me_root="amenden" pos="v%inf">amende</seg>
</l>
<l n="137">
<seg type="word" me_root="helpen" pos="v%imp">Helpith</seg><seg type="word" me_root="nou" pos="adv">now</seg><seg type="word" me_root="that" pos="conj">that</seg><seg type="word" me_root="the" pos="def_art">the</seg><seg type="word" me_root="habitacioun" pos="n">habitacioun</seg>
</l>
<l n="138">
<seg type="word" me_root="of" pos="prep">Of</seg><seg type="word" me_root="the" pos="def_art">the</seg><seg type="word" me_root="holi" pos="adj2">holy</seg><seg type="word" me_root="gost" pos="n">goost,</seg><seg type="word" me_root="oure" pos="pron%gen">our</seg><seg type="word" me_root="recreacioun" pos="n">recreacioun</seg>
</l>
<l n="139">
<seg type="word" me_root="ben" pos="v%pr_3">Be</seg><seg type="word" me_root="in" pos="prep">in</seg><seg type="word" me_root="min" pos="pron%gen">myn</seg><seg type="word" me_root="herte" pos="n">herte</seg><seg type="word" me_root="nou" pos="adv">now</seg><seg type="word" me_root="and" pos="conj">and</seg><seg type="word" me_root="ever-mor" pos="adv">everemore</seg>
</l>
<l n="140">
<seg type="word" me_root="and" pos="conj">And</seg><seg type="word" me_root="of" pos="prep">of</seg><seg type="word" me_root="min" pos="pron%gen">my</seg><seg type="word" me_root="soule" pos="n">soule</seg><seg type="word" me_root="washen" pos="v%imp">wasshe</seg><seg type="word" me_root="awei" pos="adv">away</seg><seg type="word" me_root="the" pos="def_art">the</seg><seg type="word" me_root="sore" pos="n1">sore</seg>
</l>
</lg>
<!-- <lg type="stanza" n="21" rhyme="ababbcc">
<l n="0">
<seg type="word" me_root="that" pos="conj">that</seg><seg type="word" me_root="the" pos="def_art">the</seg><seg type="word" me_root="habitacioun" pos="n">habitacioun</seg>
</l>
<l n="138">
<seg type="word" me_root="of" pos="prep">Of</seg><seg type="word" me_root="the" pos="def_art">the</seg><seg type="word" me_root="holi" pos="adj2">holy</seg><seg type="word" me_root="gost" pos="n">goost,</seg><seg type="word" me_root="oure" pos="pron%gen">our</seg><seg type="word" me_root="recreacioun" pos="n">recreacioun</seg>
</l>
<l n="139">
<seg type="word" me_root="ben" pos="v%pr_3">Be</seg><seg type="word" me_root="in" pos="prep">in</seg><seg type="word" me_root="min" pos="pron%gen">myn</seg><seg type="word" me_root="herte" pos="n">herte</seg><seg type="word" me_root="nou" pos="adv">now</seg><seg type="word" me_root="and" pos="conj">and</seg><seg type="word" me_root="ever-mor" pos="adv">everemore</seg>
</l>
<l n="140">
<seg type="word" me_root="and" pos="conj">And</seg><seg type="word" me_root="of" pos="prep">of</seg><seg type="word" me_root="min" pos="pron%gen">my</seg><seg type="word" me_root="soule" pos="n">soule</seg><seg type="word" me_root="washen" pos="v%imp">wasshe</seg><seg type="word" me_root="awei" pos="adv">away</seg><seg type="word" me_root="the" pos="def_art">the</seg><seg type="word" me_root="or" pos="sor">sor</seg>
</l>
</lg> -->
</poem>
