<?xml version="1.0" encoding="UTF-8"?>
<poem id="18-hoc">
<lg type="stanza" n="1" rhyme="ababbcbc">
<l n="1">
<seg type="word" me_root="as" pos="conj">As</seg><seg type="word" me_root="that" pos="part">that</seg><seg type="word" me_root="ich" pos="pron%nom">I</seg><seg type="word" me_root="walken" pos="v1%pt_1">walkid</seg><seg type="word" me_root="in" pos="prep">in</seg><seg type="word" me_root="the" pos="def_art">the</seg><seg type="word" me_root="month" pos="n">monthe</seg><seg type="word" me_root="of" pos="prep">of</seg><seg type="word" me_root="mai" pos="n2">May</seg>
</l>
<l n="2">
<seg type="word" me_root="bisides" pos="prep">Besyde</seg><seg type="word" me_root="a" pos="indef_art">a</seg><seg type="word" me_root="grove" pos="n1">grove,</seg><seg type="word" me_root="in" pos="prep">in</seg><seg type="word" me_root="a" pos="indef_art">an</seg><seg type="word" me_root="hevi" pos="adj">heuy</seg><seg type="word" me_root="musinge" pos="ger">musynge</seg>
</l>
<l n="3">
<seg type="word" me_root="flour" pos="n1%pl">Floures</seg><seg type="word" me_root="diverse" pos="adj">dyverse</seg><seg type="word" me_root="ich" pos="pron%nom">I</seg><seg type="word" me_root="sen" pos="v1%pt_1">sy</seg><seg type="word" me_root="righte" pos="adv">right</seg><seg type="word" me_root="fresh" pos="adj">fressh</seg><seg type="word" me_root="and" pos="conj">and</seg><seg type="word" me_root="gai" pos="adj">gay</seg>
</l>
<l n="4">
<seg type="word" me_root="and" pos="conj">And</seg><seg type="word" me_root="brid" pos="n%pl">briddes</seg><seg type="word" me_root="heren" pos="v%pt_1">herde</seg><seg type="word" me_root="ich" pos="pron%nom">I</seg><seg type="word" me_root="ek" pos="adv">eek</seg><seg type="word" me_root="lustili" pos="adv">lustyly</seg><seg type="word" me_root="singen" pos="v%inf">synge</seg>
</l>
<l n="5">
<seg type="word" me_root="that" pos="pron_rel">That</seg><seg type="word" me_root="to" pos="prep">to</seg><seg type="word" me_root="min" pos="pron%gen">myn</seg><seg type="word" me_root="herte" pos="n">herte</seg><seg type="word" me_root="yeven" pos="v%pt_3">yaf</seg><seg type="word" me_root="a" pos="indef_art">a</seg><seg type="word" me_root="comfortinge" pos="ger">confortynge</seg>
</l>
<l n="6">
<seg type="word" me_root="but" pos="conj">But</seg><seg type="word" me_root="ever" pos="adv">evere</seg><seg type="word" me_root="o" pos="num#adj">o</seg><seg type="word" me_root="thought" pos="n">thoght</seg><seg type="word" me_root="me" pos="pron2%obj">me</seg><seg type="word" me_root="stingen" pos="v%pt_3">stang</seg><seg type="word" me_root="unto" pos="prep">vnto</seg><seg type="word" me_root="the" pos="def_art">the</seg><seg type="word" me_root="herte" pos="n">herte</seg>
</l>
<l n="7">
<seg type="word" me_root="that" pos="conj">That</seg><seg type="word" me_root="dien" pos="v%inf">dye</seg><seg type="word" me_root="ich" pos="pron%nom">I</seg><seg type="word" me_root="shulen" pos="v1%pt_3">sholde</seg><seg type="word" me_root="and" pos="conj">and</seg><seg type="word" me_root="haven" pos="v%pt_3">hadde</seg><seg type="word" me_root="no" pos="gram_adj">no</seg><seg type="word" me_root="knouinge" pos="ger">knowynge</seg>
</l>
<l n="8">
<seg type="word" me_root="whan" pos="adv&amp;conj">Whanne</seg><seg type="word" me_root="ne" pos="adv">ne</seg><seg type="word" me_root="whider" pos="adv">whidir</seg><seg type="word" me_root="ich" pos="pron%nom">I</seg><seg type="word" me_root="shulen" pos="v1%pt_1">sholde</seg><seg type="word" me_root="hennes" pos="adv">hennes</seg><seg type="word" me_root="sterten" pos="v%inf">sterte</seg>
</l>
</lg>
<lg type="stanza" n="2" rhyme="ababbcbc">
<l n="9">
<seg type="word" me_root="thinken" pos="v2%prp_abs">Thynkynge</seg><seg type="word" me_root="thus" pos="adv">thus</seg><seg type="word" me_root="biforen" pos="prep">byfore</seg><seg type="word" me_root="me" pos="pron2%obj">me</seg><seg type="word" me_root="ich" pos="pron%nom">I</seg><seg type="word" me_root="sen" pos="v1%pt_1">say</seg>
</l>
<l n="10">
<seg type="word" me_root="a" pos="indef_art">A</seg><seg type="word" me_root="crois" pos="n">crois</seg><seg type="word" me_root="depeinten" pos="v%ppl_abs">depeynted</seg><seg type="word" me_root="with" pos="prep">with</seg><seg type="word" me_root="a" pos="indef_art">a</seg><seg type="word" me_root="fair" pos="adj">fair</seg><seg type="word" me_root="image" pos="n">ymage</seg>
</l>
<l n="11">
<seg type="word" me_root="ich" pos="pron%nom">I</seg><seg type="word" me_root="thinken" pos="v2%pt_1">thoghte</seg><seg type="word" me_root="ich" pos="pron%nom">I</seg><seg type="word" me_root="ben" pos="v%pt_1_neg">nas</seg><seg type="word" me_root="but" pos="conj">but</seg><seg type="word" me_root="asshe" pos="n2%pl">asshes</seg><seg type="word" me_root="and" pos="conj">and</seg><seg type="word" me_root="foul" pos="adj">foul</seg><seg type="word" me_root="clei" pos="n">clay</seg>
</l>
<l n="12">
<seg type="word" me_root="lif" pos="n">Lyf</seg><seg type="word" me_root="passen" pos="v%pr_3">passith</seg><seg type="word" me_root="as" pos="conj">as</seg><seg type="word" me_root="a" pos="indef_art">a</seg><seg type="word" me_root="shadwe" pos="n">shadwe</seg><seg type="word" me_root="in" pos="prep">in</seg><seg type="word" me_root="everi" pos="pron_gram_adj">every</seg><seg type="word" me_root="age" pos="n">age</seg>
</l>
<l n="13">
<seg type="word" me_root="and" pos="conj">And</seg><seg type="word" me_root="min" pos="pron%gen">my</seg><seg type="word" me_root="bodi" pos="n">body</seg><seg type="word" me_root="yeven" pos="v%pr_3">yeueth</seg><seg type="word" me_root="no" pos="gram_adj">no</seg><seg type="word" me_root="bettre" pos="adj%comp">bettre</seg><seg type="word" me_root="wage" pos="n">wage</seg>
</l>
<l n="14">
<seg type="word" me_root="than" pos="conj">Than</seg><seg type="word" me_root="sinne" pos="n">synne</seg><seg type="word" me_root="which" pos="pron">which</seg><seg type="word" me_root="the" pos="def_art">the</seg><seg type="word" me_root="soule" pos="n">soule</seg><seg type="word" me_root="anoien" pos="v%pr_3">annoyeth</seg><seg type="word" me_root="sore" pos="adv">sore</seg>
</l>
<l n="15">
<seg type="word" me_root="ich" pos="pron%nom">I</seg><seg type="word" me_root="preien" pos="v1%pt_1">preyde</seg><seg type="word" me_root="god" pos="n1#propn">God</seg><seg type="word" me_root="merci" pos="n1">mercy</seg><seg type="word" me_root="of" pos="prep">of</seg><seg type="word" me_root="min" pos="pron%gen">myn</seg><seg type="word" me_root="outrage" pos="n">outrage</seg>
</l>
<l n="16">
<seg type="word" me_root="and" pos="conj">And</seg><seg type="word" me_root="shapen" pos="v%pt_3">shoop</seg><seg type="word" me_root="me" pos="pron2%obj">me</seg><seg type="word" me_root="him" pos="pron%obj">him</seg><seg type="word" me_root="forto" pos="part">for</seg><seg type="word" me_root="offenden" pos="v%inf_part">toffende</seg><seg type="word" me_root="no" pos="gram_adj">no</seg><seg type="word" me_root="more" pos="n3">more</seg>
</l>
</lg>
<lg type="stanza" n="3" rhyme="ababbcbc">
<l n="17">
<seg type="word" me_root="on" pos="prep">On</seg><seg type="word" me_root="god" pos="n1#propn">God</seg><seg type="word" me_root="to" pos="part">to</seg><seg type="word" me_root="thinken" pos="v2%inf">thynke</seg><seg type="word" me_root="hit" pos="pron">it</seg><seg type="word" me_root="yeven" pos="v%pr_3">yeueth</seg><seg type="word" me_root="a" pos="indef_art">a</seg><seg type="word" me_root="delite" pos="n1">delyt</seg>
</l>
<l n="18">
<seg type="word" me_root="wel" pos="adv">Wel</seg><seg type="word" me_root="forto" pos="part">forto</seg><seg type="word" me_root="to" pos="part">to</seg><seg type="word" me_root="don" pos="v1%inf">doon</seg><seg type="word" me_root="and" pos="conj">and</seg><seg type="word" me_root="from" pos="prep">fro</seg><seg type="word" me_root="sinne" pos="n">synne</seg><seg type="word" me_root="withdrauen" pos="v%inf">withdrawe</seg>
</l>
<l n="19">
<seg type="word" me_root="but" pos="conj">But</seg><seg type="word" me_root="forto" pos="part">forto</seg><seg type="word" me_root="to" pos="part">to</seg><seg type="word" me_root="putten" pos="v%inf">putte</seg><seg type="word" me_root="a" pos="indef_art">a</seg><seg type="word" me_root="god" pos="adj">good</seg><seg type="word" me_root="dede" pos="n">deede</seg><seg type="word" me_root="in" pos="prep">in</seg><seg type="word" me_root="respite" pos="n">respyt</seg>
</l>
<l n="20">
<seg type="word" me_root="harmen" pos="v%pr_3">Harmeth,</seg><seg type="word" me_root="swich" pos="gram_adj">swich</seg><seg type="word" me_root="delaie" pos="n">delay</seg><seg type="word" me_root="ben" pos="v%pr_3">is</seg><seg type="word" me_root="not" pos="adv">nat</seg><seg type="word" me_root="worth" pos="adj">worth</seg><seg type="word" me_root="a" pos="indef_art">an</seg><seg type="word" me_root="haue" pos="n2">hawe</seg>
</l>
<l n="21">
<seg type="word" me_root="willen" pos="v%pt_3">Wolde</seg><seg type="word" me_root="god" pos="n1#propn">God,</seg><seg type="word" me_root="bi" pos="prep">by</seg><seg type="word" me_root="min" pos="pron%gen">my</seg><seg type="word" me_root="speche" pos="n">speeche</seg><seg type="word" me_root="and" pos="conj">and</seg><seg type="word" me_root="bi" pos="prep">by</seg><seg type="word" me_root="min" pos="pron%gen">my</seg><seg type="word" me_root="saue" pos="n2">sawe</seg>
</l>
<l n="22">
<seg type="word" me_root="ich" pos="pron%nom">I</seg><seg type="word" me_root="mouen" pos="v3%pt_1">mighte</seg><seg type="word" me_root="him" pos="pron%obj">him</seg><seg type="word" me_root="and" pos="conj">and</seg><seg type="word" me_root="his" pos="pron1%gen">his</seg><seg type="word" me_root="moder" pos="n">modir</seg><seg type="word" me_root="don" pos="v1%inf">do</seg><seg type="word" me_root="plesaunce" pos="n1">plesance</seg>
</l>
<l n="23">
<seg type="word" me_root="and" pos="conj">And</seg><seg type="word" me_root="to" pos="prep">to</seg><seg type="word" me_root="min" pos="pron%gen">my</seg><seg type="word" me_root="merite" pos="n">meryt</seg><seg type="word" me_root="folwen" pos="v%inf">folwe</seg><seg type="word" me_root="god" pos="n1#propn%gen">Goddes</seg><seg type="word" me_root="laue" pos="n">lawe</seg>
</l>
<l n="24">
<seg type="word" me_root="and" pos="conj">And</seg><seg type="word" me_root="of" pos="prep">of</seg><seg type="word" me_root="merci" pos="n1">mercy</seg><seg type="word" me_root="hus-bonden" pos="v%inf">housbonde</seg><seg type="word" me_root="a" pos="indef_art">a</seg><seg type="word" me_root="purveiaunce" pos="n">purueance</seg>
</l>
</lg>
<lg type="stanza" n="4" rhyme="ababbcbc">
<l n="25">
<seg type="word" me_root="moder" pos="n">Modir</seg><seg type="word" me_root="of" pos="prep">of</seg><seg type="word" me_root="Jesu" pos="n#propn">Jhesu</seg><seg type="word" me_root="verrei" pos="adj">verray</seg><seg type="word" me_root="god" pos="n1#propn">God</seg><seg type="word" me_root="and" pos="conj">and</seg><seg type="word" me_root="man" pos="n">man</seg>
</l>
<l n="26">
<seg type="word" me_root="that" pos="pron_rel">That</seg><seg type="word" me_root="bi" pos="prep">by</seg><seg type="word" me_root="his" pos="pron1%gen">his</seg><seg type="word" me_root="deth" pos="n">deeth</seg><seg type="word" me_root="victorie" pos="n">victorie</seg><seg type="word" me_root="of" pos="prep">of</seg><seg type="word" me_root="the" pos="def_art">the</seg><seg type="word" me_root="fend" pos="n">feend</seg><seg type="word" me_root="geten" pos="v1%pt_3">gat</seg>
</l>
<l n="27">
<seg type="word" me_root="haven" pos="v%imp">Have</seg><seg type="word" me_root="hit" pos="pron">it</seg><seg type="word" me_root="in" pos="prep">in</seg><seg type="word" me_root="minde" pos="n1">mynde</seg><seg type="word" me_root="thou" pos="pron%nom">thow</seg><seg type="word" me_root="blessed" pos="ppl">blessid</seg><seg type="word" me_root="womman" pos="n">womman</seg>
</l>
<l n="28">
<seg type="word" me_root="for" pos="prep">For</seg><seg type="word" me_root="the" pos="def_art">the</seg><seg type="word" me_root="wo" pos="n">wo</seg><seg type="word" me_root="which" pos="pron">which</seg><seg type="word" me_root="unto" pos="prep">vnto</seg><seg type="word" me_root="thin" pos="pron%gen">thyn</seg><seg type="word" me_root="herte" pos="n">herte</seg><seg type="word" me_root="sitten" pos="v%pt_3">sat</seg>
</l>
<l n="29">
<seg type="word" me_root="in" pos="prep">In</seg><seg type="word" me_root="thin" pos="pron%gen">thy</seg><seg type="word" me_root="sone" pos="n%gen">sones</seg><seg type="word" me_root="torment" pos="n">torment</seg><seg type="word" me_root="foryeten" pos="v%imp">forgete</seg><seg type="word" me_root="hit" pos="pron">it</seg><seg type="word" me_root="not" pos="adv">nat</seg>
</l>
<l n="30">
<seg type="word" me_root="graunten" pos="v%imp">Grante</seg><seg type="word" me_root="me" pos="pron2%obj">me</seg><seg type="word" me_root="grace" pos="n">grace,</seg><seg type="word" me_root="to" pos="prep">to</seg><seg type="word" me_root="vertu" pos="n">vertu</seg><seg type="word" me_root="me" pos="pron2%obj">me</seg><seg type="word" me_root="taken" pos="v%imp">take</seg>
</l>
<l n="31">
<seg type="word" me_root="sinne" pos="n">Synne</seg><seg type="word" me_root="despisen" pos="v%imp">despyse</seg><seg type="word" me_root="and" pos="conj">and</seg><seg type="word" me_root="forto" pos="part">forto</seg><seg type="word" me_root="to" pos="part">to</seg><seg type="word" me_root="haten" pos="v%inf">hate</seg><seg type="word" me_root="al" pos="gram_adj">al</seg><seg type="word" me_root="that" pos="pron">that</seg>
</l>
<l n="32">
<seg type="word" me_root="that" pos="pron_rel">That</seg><seg type="word" me_root="mouen" pos="v3%pr_pl">may</seg><seg type="word" me_root="thin" pos="pron%gen">thy</seg><seg type="word" me_root="sone" pos="n">sone</seg><seg type="word" me_root="and" pos="conj">and</seg><seg type="word" me_root="the" pos="pron2%obj">thee</seg><seg type="word" me_root="displesen" pos="v%ppl_abs">displesid</seg><seg type="word" me_root="maken" pos="v1%inf">make</seg>
</l>
</lg>
<lg type="stanza" n="5" rhyme="ababbcbc">
<l n="33">
<seg type="word" me_root="merciful" pos="adj">Mercyful</seg><seg type="word" me_root="lord" pos="n">lord</seg><seg type="word" me_root="Jesu" pos="n#propn">Jhesu</seg><seg type="word" me_root="me" pos="pron2%obj">me</seg><seg type="word" me_root="heren" pos="v%imp">heere</seg><seg type="word" me_root="ich" pos="pron%nom">I</seg><seg type="word" me_root="preien" pos="v1%pr_1">preye</seg>
</l>
<l n="34">
<seg type="word" me_root="that" pos="pron_rel">That</seg><seg type="word" me_root="righte" pos="adv">right</seg><seg type="word" me_root="unkinde" pos="adj">vnkynde</seg><seg type="word" me_root="and" pos="conj">and</seg><seg type="word" me_root="fals" pos="adj">fals</seg><seg type="word" me_root="ben" pos="v%pr_1">am</seg><seg type="word" me_root="unto" pos="prep">vnto</seg><seg type="word" me_root="the" pos="pron2%obj">thee</seg>
</l>
<l n="35">
<seg type="word" me_root="ich" pos="pron%nom">I</seg><seg type="word" me_root="ben" pos="v%pr_1">am</seg><seg type="word" me_root="righte" pos="adv">right</seg><seg type="word" me_root="swich" pos="gram_adj">swich</seg><seg type="word" me_root="ich" pos="pron%nom">I</seg><seg type="word" me_root="mouen" pos="v3%pr_1">may</seg><seg type="word" me_root="hit" pos="pron">it</seg><seg type="word" me_root="not" pos="adv">nat</seg><seg type="word" me_root="withseien" pos="v%inf">withseye</seg>
</l>
<l n="36">
<seg type="word" me_root="with" pos="prep">With</seg><seg type="word" me_root="salt" pos="adj">salte</seg><seg type="word" me_root="tere" pos="n%pl">teeres</seg><seg type="word" me_root="craven" pos="v%pr_1">crave</seg><seg type="word" me_root="ich" pos="pron%nom">I</seg><seg type="word" me_root="thin" pos="pron%gen">thy</seg><seg type="word" me_root="pite" pos="n">pitee</seg>
</l>
<l n="37">
<seg type="word" me_root="and" pos="conj">And</seg><seg type="word" me_root="herte" pos="n">herte</seg><seg type="word" me_root="contrit" pos="adj">contryt,</seg><seg type="word" me_root="merci" pos="n1">mercy</seg><seg type="word" me_root="haven" pos="v%imp">have</seg><seg type="word" me_root="on" pos="prep">on</seg><seg type="word" me_root="me" pos="pron2%obj">me</seg>
</l>
<l n="38">
<seg type="word" me_root="that" pos="pron_rel">That</seg><seg type="word" me_root="ben" pos="v%pr_1">am</seg><seg type="word" me_root="thin" pos="pron%gen">thy</seg><seg type="word" me_root="recreaunt" pos="adj">recreant</seg><seg type="word" me_root="caitif" pos="adj">caytyf</seg><seg type="word" me_root="traitour" pos="n">traitour</seg>
</l>
<l n="39">
<seg type="word" me_root="bi" pos="prep">By</seg><seg type="word" me_root="min" pos="pron%gen">my</seg><seg type="word" me_root="desert" pos="n1%pl">dissertes</seg><seg type="word" me_root="ouen" pos="v%pt_1">oghte</seg><seg type="word" me_root="ich" pos="pron%nom">I</seg><seg type="word" me_root="dampnen" pos="v%ppl">dampned</seg><seg type="word" me_root="ben" pos="v%inf">be</seg>
</l>
<l n="40">
<seg type="word" me_root="but" pos="conj">But</seg><seg type="word" me_root="ai" pos="adv">ay</seg><seg type="word" me_root="thin" pos="pron%gen">thy</seg><seg type="word" me_root="merci" pos="n1">mercy</seg><seg type="word" me_root="heten" pos="v%pr">heetith</seg><seg type="word" me_root="me" pos="pron2%obj">me</seg><seg type="word" me_root="socour" pos="n">socour</seg>
</l>
</lg>
<lg type="stanza" n="6" rhyme="ababbcbc">
<l n="41">
<seg type="word" me_root="ladie" pos="n">Lady</seg><seg type="word" me_root="benigne" pos="adj">benigne</seg><seg type="word" me_root="oure" pos="pron%gen">our</seg><seg type="word" me_root="soverain" pos="adj">souereyn</seg><seg type="word" me_root="refute" pos="n">refuyt</seg>
</l>
<l n="42">
<seg type="word" me_root="seur" pos="adj">Seur</seg><seg type="word" me_root="trust" pos="n">trust</seg><seg type="word" me_root="haven" pos="v%pr_1">have</seg><seg type="word" me_root="ich" pos="pron%nom">I</seg><seg type="word" me_root="to" pos="part">to</seg><seg type="word" me_root="haven" pos="v%inf">han,</seg><seg type="word" me_root="bi" pos="prep">by</seg><seg type="word" me_root="thin" pos="pron%gen">thy</seg><seg type="word" me_root="preiere" pos="n2">prayeere</seg>
</l>
<l n="43">
<seg type="word" me_root="of" pos="prep">Of</seg><seg type="word" me_root="strengthe" pos="n">strengthe</seg><seg type="word" me_root="and" pos="conj">and</seg><seg type="word" me_root="comfort" pos="n">confort</seg><seg type="word" me_root="so" pos="adv">so</seg><seg type="word" me_root="vertuous" pos="adj">vertuous</seg><seg type="word" me_root="fruit" pos="n">fruyt</seg>
</l>
<l n="44">
<seg type="word" me_root="that" pos="conj">That</seg><seg type="word" me_root="ich" pos="pron%nom">I</seg><seg type="word" me_root="shulen" pos="v1%pr_1">shal</seg><seg type="word" me_root="sauf" pos="adj">sauf</seg><seg type="word" me_root="ben" pos="v%inf">be</seg><seg type="word" me_root="crist" pos="n#propn%gen">Crystes</seg><seg type="word" me_root="moder" pos="n">modir</seg><seg type="word" me_root="dere" pos="adj1">deere</seg>
</l>
<l n="45">
<seg type="word" me_root="min" pos="pron%gen">My</seg><seg type="word" me_root="soule" pos="n%gen">soules</seg><seg type="word" me_root="ship" pos="n">ship</seg><seg type="word" me_root="governen" pos="v%imp">governe</seg><seg type="word" me_root="thou" pos="pron%nom">thow</seg><seg type="word" me_root="and" pos="conj">and</seg><seg type="word" me_root="steren" pos="v1%imp">steere</seg>
</l>
<l n="46">
<seg type="word" me_root="leten" pos="v%imp">Let</seg><seg type="word" me_root="me" pos="pron2%obj">me</seg><seg type="word" me_root="not" pos="adv">nat</seg><seg type="word" me_root="slippen" pos="v%inf">slippe</seg><seg type="word" me_root="oute" pos="adv#prep">out</seg><seg type="word" me_root="of" pos="prep">of</seg><seg type="word" me_root="thin" pos="pron%gen">thy</seg><seg type="word" me_root="remembraunce" pos="n">remembrance</seg>
</l>
<l n="47">
<seg type="word" me_root="leste" pos="conj">Lest</seg><seg type="word" me_root="whan" pos="adv&amp;conj">whan</seg><seg type="word" me_root="that" pos="part">that</seg><seg type="word" me_root="ich" pos="pron%nom">I</seg><seg type="word" me_root="ben" pos="v%pr_1">am</seg><seg type="word" me_root="ripe" pos="adj">rype</seg><seg type="word" me_root="unto" pos="prep">vnto</seg><seg type="word" me_root="min" pos="pron%gen">my</seg><seg type="word" me_root="bere" pos="n8">beere</seg>
</l>
<l n="48">
<seg type="word" me_root="the" pos="def_art">The</seg><seg type="word" me_root="fend" pos="n">feend</seg><seg type="word" me_root="me" pos="pron2%obj">me</seg><seg type="word" me_root="assaillen" pos="v%pr_3">assaille</seg><seg type="word" me_root="and" pos="conj">and</seg><seg type="word" me_root="haven" pos="v%pr_3">have</seg><seg type="word" me_root="at" pos="prep">at</seg><seg type="word" me_root="the" pos="def_art">the</seg><seg type="word" me_root="outraunce" pos="n2">outrance</seg>
</l>
</lg>
<lg type="stanza" n="7" rhyme="ababbcbc">
<l n="49">
<seg type="word" me_root="to" pos="part">To</seg><seg type="word" me_root="thanken" pos="v%inf">thanke</seg><seg type="word" me_root="the" pos="pron2%obj">thee</seg><seg type="word" me_root="lord" pos="n">lord</seg><seg type="word" me_root="heighli" pos="adv">hyly</seg><seg type="word" me_root="holden" pos="v1%pr_1">holde</seg><seg type="word" me_root="ich" pos="pron%nom">I</seg><seg type="word" me_root="ben" pos="v%pr_1">am</seg>
</l>
<l n="50">
<seg type="word" me_root="for" pos="prep">For</seg><seg type="word" me_root="min" pos="pron%gen">my</seg><seg type="word" me_root="gilt" pos="n1">gilt,</seg><seg type="word" me_root="not" pos="adv">nat</seg><seg type="word" me_root="for" pos="prep">for</seg><seg type="word" me_root="thin" pos="pron%gen">thyn</seg><seg type="word" me_root="that" pos="pron_rel">that</seg><seg type="word" me_root="willen" pos="v%pt_2">woldest</seg><seg type="word" me_root="dien" pos="v%inf">die</seg>
</l>
<l n="51">
<seg type="word" me_root="who" pos="pron%nom">Who</seg><seg type="word" me_root="sufferen" pos="v%pt_3">souffrid</seg><seg type="word" me_root="ever" pos="adv">evere</seg><seg type="word" me_root="swich" pos="gram_adj">swich</seg><seg type="word" me_root="a" pos="indef_art">a</seg><seg type="word" me_root="martirdom" pos="n">martirdam</seg>
</l>
<l n="52">
<seg type="word" me_root="yet" pos="adv">Yit</seg><seg type="word" me_root="thin" pos="pron%gen">thy</seg><seg type="word" me_root="deth" pos="n">deeth</seg><seg type="word" me_root="geten" pos="v1%pt_3">gat</seg><seg type="word" me_root="of" pos="prep">of</seg><seg type="word" me_root="the" pos="def_art">the</seg><seg type="word" me_root="fend" pos="n">feend</seg><seg type="word" me_root="the" pos="def_art">the</seg><seg type="word" me_root="maistrie" pos="n">maistrie</seg>
</l>
<l n="53">
<seg type="word" me_root="and" pos="conj">And</seg><seg type="word" me_root="that" pos="pron">that</seg><seg type="word" me_root="al" pos="gram_adj">al</seg><seg type="word" me_root="kinde" pos="n">kynde</seg><seg type="word" me_root="of" pos="prep">of</seg><seg type="word" me_root="man" pos="n">man</seg><seg type="word" me_root="mouen" pos="v3%pr_3">may</seg><seg type="word" me_root="testifien" pos="v%inf">testifie</seg>
</l>
<l n="54">
<seg type="word" me_root="o" pos="interj">O</seg><seg type="word" me_root="blessed" pos="ppl">blessid</seg><seg type="word" me_root="ben" pos="v%pr_3">be</seg><seg type="word" me_root="thin" pos="pron%gen">thy</seg><seg type="word" me_root="love" pos="n1">love</seg><seg type="word" me_root="charitable" pos="adj">charitable</seg>
</l>
<l n="55">
<seg type="word" me_root="that" pos="pron_rel">That</seg><seg type="word" me_root="listen" pos="v1%pr_3">list</seg><seg type="word" me_root="so" pos="adv">so</seg><seg type="word" me_root="dere" pos="adv">deere</seg><seg type="word" me_root="oure" pos="pron%gen">our</seg><seg type="word" me_root="sinful" pos="adj">synful</seg><seg type="word" me_root="soule" pos="n%pl">soules</seg><seg type="word" me_root="bien" pos="v%inf">bie</seg>
</l>
<l n="56">
<seg type="word" me_root="to" pos="part">To</seg><seg type="word" me_root="maken" pos="v1%inf">make</seg><seg type="word" me_root="us" pos="pron%pl_obj">vs</seg><seg type="word" me_root="sauf" pos="adj">sauf</seg><seg type="word" me_root="wher" pos="adv&amp;conj">wher</seg><seg type="word" me_root="we" pos="pron%pl_nom">we</seg><seg type="word" me_root="ben" pos="v%pt_pl">weren</seg><seg type="word" me_root="dampnable" pos="adj">dampnable</seg>
</l>
</lg>
<lg type="stanza" n="8" rhyme="ababbcbc">
<l n="57">
<seg type="word" me_root="nou" pos="adv">Now</seg><seg type="word" me_root="thin" pos="pron%gen">thy</seg><seg type="word" me_root="socour" pos="n">socour</seg><seg type="word" me_root="o" pos="interj">O</seg><seg type="word" me_root="heven" pos="n%gen">heuenes</seg><seg type="word" me_root="emperesse" pos="n">Emperice</seg>
</l>
<l n="58">
<seg type="word" me_root="from" pos="prep">Fro</seg><seg type="word" me_root="me" pos="pron2%obj">me</seg><seg type="word" me_root="wrecche" pos="n">wrecche</seg><seg type="word" me_root="turnen" pos="v%imp">torne</seg><seg type="word" me_root="thou" pos="pron%nom">thow</seg><seg type="word" me_root="not" pos="adv">nat</seg><seg type="word" me_root="thin" pos="pron%gen">thy</seg><seg type="word" me_root="face" pos="n">face</seg>
</l>
<l n="59">
<seg type="word" me_root="ther-as" pos="conj">Theras</seg><seg type="word" me_root="ich" pos="pron%nom">I</seg><seg type="word" me_root="depe" pos="adv">deepe</seg><seg type="word" me_root="wrappen" pos="v%ppl">wrappid</seg><seg type="word" me_root="ben" pos="v%pr_1">am</seg><seg type="word" me_root="in" pos="prep">in</seg><seg type="word" me_root="vice" pos="n">vice</seg>
</l>
<l n="60">
<seg type="word" me_root="gret" pos="adj%comp">Gretter</seg><seg type="word" me_root="nede" pos="n1">neede</seg><seg type="word" me_root="haven" pos="v%pr_1">have</seg><seg type="word" me_root="ich" pos="pron%nom">I</seg><seg type="word" me_root="thin" pos="pron%gen">thyn</seg><seg type="word" me_root="help" pos="n">help</seg><seg type="word" me_root="to" pos="part">to</seg><seg type="word" me_root="purchasen" pos="v%inf">purchace</seg>
</l>
<l n="61">
<seg type="word" me_root="unto" pos="prep">Vnto</seg><seg type="word" me_root="the" pos="def_art">the</seg><seg type="word" me_root="soverain" pos="adj">souerain</seg><seg type="word" me_root="leche" pos="n3">leche</seg><seg type="word" me_root="preien" pos="v1%imp">preye</seg><seg type="word" me_root="of" pos="prep">of</seg><seg type="word" me_root="grace" pos="n">grace</seg>
</l>
<l n="62">
<seg type="word" me_root="that" pos="conj">That</seg><seg type="word" me_root="he" pos="pron1%nom">he</seg><seg type="word" me_root="min" pos="pron%gen">my</seg><seg type="word" me_root="wound" pos="n%pl">wowndes</seg><seg type="word" me_root="vouchen_sauf" pos="v%pr_3">vouchesauf</seg><seg type="word" me_root="to" pos="part">to</seg><seg type="word" me_root="curen" pos="v2%inf">cure</seg>
</l>
<l n="63">
<seg type="word" me_root="so" pos="adv">So</seg><seg type="word" me_root="that" pos="conj">that</seg><seg type="word" me_root="the" pos="def_art">the</seg><seg type="word" me_root="fend" pos="n">feend</seg><seg type="word" me_root="min" pos="pron%gen">my</seg><seg type="word" me_root="soule" pos="n">soule</seg><seg type="word" me_root="not" pos="adv">nat</seg><seg type="word" me_root="embracen" pos="v%pr_3">embrace</seg>
</l>
<l n="64">
<seg type="word" me_root="al-thogh" pos="conj">Althogh</seg><seg type="word" me_root="ich" pos="pron%nom">I</seg><seg type="word" me_root="haven" pos="v%pr_1">have</seg><seg type="word" me_root="agilten" pos="v%ppl">agilt</seg><seg type="word" me_root="overmesure" pos="adv">ouermesure</seg>
</l>
</lg>
<lg type="stanza" n="9" rhyme="ababbcbc">
<l n="65">
<seg type="word" me_root="wel" pos="adv">Wel</seg><seg type="word" me_root="ouen" pos="v%pt_pl">oghten</seg><seg type="word" me_root="we" pos="pron%pl_nom">we</seg><seg type="word" me_root="the" pos="pron2%obj">thee</seg><seg type="word" me_root="thanken" pos="v%inf">thanke</seg><seg type="word" me_root="gracious" pos="adj">gracious</seg><seg type="word" me_root="lord" pos="n">lord</seg>
</l>
<l n="66">
<seg type="word" me_root="that" pos="pron_rel">That</seg><seg type="word" me_root="the" pos="pron2%obj">thee</seg><seg type="word" me_root="haven" pos="v%pr_2">haast</seg><seg type="word" me_root="humblen" pos="v%ppl">humbled</seg><seg type="word" me_root="forto" pos="part">forto</seg><seg type="word" me_root="to" pos="part">to</seg><seg type="word" me_root="ben" pos="v%inf">been</seg><seg type="word" me_root="allien" pos="v%ppl">allied</seg>
</l>
<l n="67">
<seg type="word" me_root="to" pos="prep">To</seg><seg type="word" me_root="us" pos="pron%pl_obj">vs</seg><seg type="word" me_root="auctour" pos="n">auctour</seg><seg type="word" me_root="of" pos="prep">of</seg><seg type="word" me_root="pes" pos="n">pees</seg><seg type="word" me_root="and" pos="conj">and</seg><seg type="word" me_root="of" pos="prep">of</seg><seg type="word" me_root="concorde" pos="n">concord</seg>
</l>
<l n="68">
<seg type="word" me_root="on" pos="prep">On</seg><seg type="word" me_root="the" pos="def_art">the</seg><seg type="word" me_root="crois" pos="n">crois</seg><seg type="word" me_root="ben" pos="v%pt_3">was</seg><seg type="word" me_root="thin" pos="pron%gen">thy</seg><seg type="word" me_root="skin" pos="n1">skyn</seg><seg type="word" me_root="in-to" pos="prep">into</seg><seg type="word" me_root="blod" pos="n1">blood</seg><seg type="word" me_root="deien" pos="v%ppl">died</seg>
</l>
<l n="69">
<seg type="word" me_root="alas" pos="interj">Allas</seg><seg type="word" me_root="whi" pos="pron">why</seg><seg type="word" me_root="haven" pos="v%pr_1">have</seg><seg type="word" me_root="ich" pos="pron%nom">I</seg><seg type="word" me_root="me" pos="pron2%obj">me</seg><seg type="word" me_root="to" pos="prep">to</seg><seg type="word" me_root="sinne" pos="n">synne</seg><seg type="word" me_root="applien" pos="v%ppl">applied</seg>
</l>
<l n="70">
<seg type="word" me_root="whi" pos="pron">Why</seg><seg type="word" me_root="ben" pos="v%pr_3">is</seg><seg type="word" me_root="min" pos="pron%gen">my</seg><seg type="word" me_root="soule" pos="n">soule</seg><seg type="word" me_root="encombren" pos="v%ppl">encombrid</seg><seg type="word" me_root="so" pos="adv">so</seg><seg type="word" me_root="with" pos="prep">with</seg><seg type="word" me_root="sinne" pos="n">synne</seg>
</l>
<l n="71">
<seg type="word" me_root="lord" pos="n">Lord</seg><seg type="word" me_root="in" pos="prep">in</seg><seg type="word" me_root="al" pos="gram_adj">al</seg><seg type="word" me_root="that" pos="pron">that</seg><seg type="word" me_root="ich" pos="pron%nom">I</seg><seg type="word" me_root="haven" pos="v%pr_1">have</seg><seg type="word" me_root="me" pos="pron2%obj">me</seg><seg type="word" me_root="misgien" pos="v%ppl">misgyed</seg>
</l>
<l n="72">
<seg type="word" me_root="foryeven" pos="v%imp">Foryeve,</seg><seg type="word" me_root="and" pos="conj">and</seg><seg type="word" me_root="of" pos="prep">of</seg><seg type="word" me_root="min" pos="pron%gen">my</seg><seg type="word" me_root="trespas" pos="n">trespas</seg><seg type="word" me_root="willen" pos="v%pr_1">wole</seg><seg type="word" me_root="ich" pos="pron%nom">I</seg><seg type="word" me_root="blinnen" pos="v%inf">blynne</seg>
</l>
</lg>
<lg type="stanza" n="10" rhyme="ababbcbc">
<l n="73">
<seg type="word" me_root="ladie" pos="n">Lady</seg><seg type="word" me_root="wardein" pos="n">wardeyn</seg><seg type="word" me_root="of" pos="prep">of</seg><seg type="word" me_root="peple" pos="n">peple</seg><seg type="word" me_root="from" pos="prep">fro</seg><seg type="word" me_root="ruine" pos="n">ruyne</seg>
</l>
<l n="74">
<seg type="word" me_root="that" pos="pron_rel">That</seg><seg type="word" me_root="saven" pos="v%pt_2">sauedest</seg><seg type="word" me_root="theofle" pos="n#propn">Theofle</seg><seg type="word" me_root="and" pos="conj">and</seg><seg type="word" me_root="mani" pos="gram_adj">many</seg><seg type="word" me_root="mo" pos="n">mo</seg>
</l>
<l n="75">
<seg type="word" me_root="of" pos="prep">Of</seg><seg type="word" me_root="thin" pos="pron%gen">thy</seg><seg type="word" me_root="grace" pos="n">grace,</seg><seg type="word" me_root="min" pos="pron%gen">myn</seg><seg type="word" me_root="herte" pos="n">herte</seg><seg type="word" me_root="enluminen" pos="v%imp">enlumyne</seg>
</l>
<l n="76">
<seg type="word" me_root="for" pos="conj">For</seg><seg type="word" me_root="as" pos="conj">as</seg><seg type="word" me_root="ich" pos="pron%nom">I</seg><seg type="word" me_root="trouen" pos="v%pr_1">trowe</seg><seg type="word" me_root="and" pos="conj">and</seg><seg type="word" me_root="witen" pos="v1%pr_1">woot</seg><seg type="word" me_root="hit" pos="pron">it</seg><seg type="word" me_root="wel" pos="adv">wel</seg><seg type="word" me_root="also" pos="adv">also</seg>
</l>
<l n="77">
<seg type="word" me_root="thin" pos="pron%gen">Thy</seg><seg type="word" me_root="might" pos="n">might</seg><seg type="word" me_root="ben" pos="v%pr_3">is</seg><seg type="word" me_root="me" pos="pron2%obj">me</seg><seg type="word" me_root="to" pos="part">to</seg><seg type="word" me_root="warishen" pos="v%inf">warisshe</seg><seg type="word" me_root="of" pos="prep">of</seg><seg type="word" me_root="min" pos="pron%gen">my</seg><seg type="word" me_root="wo" pos="n">wo</seg>
</l>
<l n="78">
<seg type="word" me_root="of" pos="prep">Of</seg><seg type="word" me_root="thin" pos="pron%gen">thy</seg><seg type="word" me_root="benigne" pos="adj">benigne</seg><seg type="word" me_root="sone" pos="n">sone</seg><seg type="word" me_root="merci" pos="n1">mercy</seg><seg type="word" me_root="craven" pos="v%imp">crave</seg>
</l>
<l n="79">
<seg type="word" me_root="of" pos="prep">Of</seg><seg type="word" me_root="that" pos="pron">that</seg><seg type="word" me_root="forveien" pos="v%ppl">forveyed</seg><seg type="word" me_root="haven" pos="v%pr_1">have</seg><seg type="word" me_root="ich" pos="pron%nom">I</seg><seg type="word" me_root="and" pos="conj">and</seg><seg type="word" me_root="misgon" pos="v%ppl">misgo</seg>
</l>
<l n="80">
<seg type="word" me_root="his" pos="pron1%gen">His</seg><seg type="word" me_root="wille" pos="n">wil</seg><seg type="word" me_root="ben" pos="v%pr_3">is</seg><seg type="word" me_root="thin" pos="pron%gen">thyn</seg><seg type="word" me_root="min" pos="pron%gen">my</seg><seg type="word" me_root="soule" pos="n">soule</seg><seg type="word" me_root="kepen" pos="v%imp">keepe</seg><seg type="word" me_root="and" pos="conj">and</seg><seg type="word" me_root="saven" pos="v%imp">saue</seg>
</l>
</lg>
<lg type="stanza" n="11" rhyme="ababbcbc">
<l n="81">
<seg type="word" me_root="lord" pos="n">Lord</seg><seg type="word" me_root="Jesu" pos="n#propn">Jhesu</seg><seg type="word" me_root="crist" pos="n#propn">Cryst,</seg><seg type="word" me_root="ich" pos="pron%nom">I</seg><seg type="word" me_root="asken" pos="v%pr_1">axe</seg><seg type="word" me_root="of" pos="prep">of</seg><seg type="word" me_root="the" pos="pron2%obj">thee</seg><seg type="word" me_root="pardoun" pos="n">pardoun</seg>
</l>
<l n="82">
<seg type="word" me_root="ich" pos="pron%nom">I</seg><seg type="word" me_root="yelden" pos="v%pr_1">yilde</seg><seg type="word" me_root="me" pos="pron2%obj">me</seg><seg type="word" me_root="to" pos="prep">to</seg><seg type="word" me_root="the" pos="pron2%obj">thee</seg><seg type="word" me_root="lord" pos="n">lord</seg><seg type="word" me_root="soverain" pos="adj">souereyn</seg>
</l>
<l n="83">
<seg type="word" me_root="min" pos="pron%gen">My</seg><seg type="word" me_root="gilt" pos="n1">gilt</seg><seg type="word" me_root="confessen" pos="v%pr_1">confesse</seg><seg type="word" me_root="ich" pos="pron%nom">I</seg><seg type="word" me_root="lord" pos="n">lord</seg><seg type="word" me_root="maken" pos="v1%imp">make</seg><seg type="word" me_root="unioun" pos="n">vnioun</seg>
</l>
<l n="84">
<seg type="word" me_root="bitwixe" pos="prep">Betwixt</seg><seg type="word" me_root="the" pos="pron2%obj">thee</seg><seg type="word" me_root="and" pos="conj">and</seg><seg type="word" me_root="min" pos="pron%gen">my</seg><seg type="word" me_root="soule" pos="n">soule</seg><seg type="word" me_root="for" pos="conj">for</seg><seg type="word" me_root="in" pos="prep">in</seg><seg type="word" me_root="vein" pos="n">veyn</seg>
</l>
<l n="85">
<seg type="word" me_root="min" pos="pron%gen">My</seg><seg type="word" me_root="time" pos="n">tyme</seg><seg type="word" me_root="haven" pos="v%pr_1">have</seg><seg type="word" me_root="ich" pos="pron%nom">I</seg><seg type="word" me_root="dispenden" pos="v%ppl">despendid</seg><seg type="word" me_root="in" pos="prep">in</seg><seg type="word" me_root="certain" pos="n">certeyn</seg>
</l>
<l n="86">
<seg type="word" me_root="som" pos="pron">Some</seg><seg type="word" me_root="of" pos="prep">of</seg><seg type="word" me_root="the" pos="def_art">the</seg><seg type="word" me_root="drope" pos="n1%pl">dropes</seg><seg type="word" me_root="of" pos="prep">of</seg><seg type="word" me_root="thin" pos="pron%gen">thy</seg><seg type="word" me_root="preciouse" pos="adj">precious</seg><seg type="word" me_root="blod" pos="n1">blood</seg>
</l>
<l n="87">
<seg type="word" me_root="that" pos="pron_rel">That</seg><seg type="word" me_root="the" pos="def_art">the</seg><seg type="word" me_root="crois" pos="n">crois</seg><seg type="word" me_root="maken" pos="v1%pt_1">made</seg><seg type="word" me_root="as" pos="conj">as</seg><seg type="word" me_root="wet" pos="adj">weet</seg><seg type="word" me_root="as" pos="conj">as</seg><seg type="word" me_root="ben" pos="v%pr_3">is</seg><seg type="word" me_root="the" pos="def_art">the</seg><seg type="word" me_root="rein" pos="n1">reyn</seg>
</l>
<l n="88">
<seg type="word" me_root="dispenden" pos="v%imp">Despende</seg><seg type="word" me_root="on" pos="prep">on</seg><seg type="word" me_root="me" pos="pron2%obj">me</seg><seg type="word" me_root="lord" pos="n">lord</seg><seg type="word" me_root="merciable" pos="adj">merciable</seg><seg type="word" me_root="and" pos="conj">and</seg><seg type="word" me_root="god" pos="adj">good</seg>
</l>
</lg>
<lg type="stanza" n="12" rhyme="ababbcbc">
<l n="89">
<seg type="word" me_root="ladie" pos="n">Lady</seg><seg type="word" me_root="that" pos="pron_rel">that</seg><seg type="word" me_root="clepen" pos="v%ppl">clept</seg><seg type="word" me_root="ben" pos="v%pr_2">art</seg><seg type="word" me_root="moder" pos="n">modir</seg><seg type="word" me_root="of" pos="prep">of</seg><seg type="word" me_root="merci" pos="n1">mercy</seg>
</l>
<l n="90">
<seg type="word" me_root="noble" pos="adj">Noble</seg><seg type="word" me_root="saphire" pos="n">saphir</seg><seg type="word" me_root="to" pos="prep">to</seg><seg type="word" me_root="me" pos="pron2%obj">me</seg><seg type="word" me_root="that" pos="pron_rel">that</seg><seg type="word" me_root="ben" pos="v%pr_1">am</seg><seg type="word" me_root="ful" pos="adv">ful</seg><seg type="word" me_root="lame" pos="adj">lame</seg>
</l>
<l n="91">
<seg type="word" me_root="of" pos="prep">Of</seg><seg type="word" me_root="vertu" pos="n">vertu</seg><seg type="word" me_root="and" pos="conj">and</seg><seg type="word" me_root="ben" pos="v%pr_1">am</seg><seg type="word" me_root="ther-to" pos="adv">therto</seg><seg type="word" me_root="enemi" pos="n">enemy</seg>
</l>
<l n="92">
<seg type="word" me_root="thin" pos="pron%gen">Thy</seg><seg type="word" me_root="welle" pos="n">welle</seg><seg type="word" me_root="of" pos="prep">of</seg><seg type="word" me_root="pite" pos="n">pitee</seg><seg type="word" me_root="in" pos="prep">in</seg><seg type="word" me_root="thin" pos="pron%gen">thy</seg><seg type="word" me_root="sone" pos="n%gen">sones</seg><seg type="word" me_root="name" pos="n">name</seg>
</l>
<l n="93">
<seg type="word" me_root="leten" pos="v%imp">Lete</seg><seg type="word" me_root="on" pos="prep">on</seg><seg type="word" me_root="me" pos="pron2%obj">me</seg><seg type="word" me_root="flouen" pos="v%inf">flowe</seg><seg type="word" me_root="to" pos="part">to</seg><seg type="word" me_root="purgen" pos="v1%inf">pourge</seg><seg type="word" me_root="min" pos="pron%gen">my</seg><seg type="word" me_root="blame" pos="n">blame</seg>
</l>
<l n="94">
<seg type="word" me_root="leste" pos="conj">Lest</seg><seg type="word" me_root="in-to" pos="prep">into</seg><seg type="word" me_root="despeir" pos="n">despeir</seg><seg type="word" me_root="that" pos="part">that</seg><seg type="word" me_root="ich" pos="pron%nom">I</seg><seg type="word" me_root="slippen" pos="v%pr_1">slippe</seg><seg type="word" me_root="and" pos="conj">and</seg><seg type="word" me_root="fallen" pos="v%pr_1">falle</seg>
</l>
<l n="95">
<seg type="word" me_root="for" pos="prep">For</seg><seg type="word" me_root="min" pos="pron%gen">my</seg><seg type="word" me_root="seurte" pos="n">seurtee</seg><seg type="word" me_root="to" pos="part">to</seg><seg type="word" me_root="kepen" pos="v%inf">keepe</seg><seg type="word" me_root="me" pos="pron2%obj">me</seg><seg type="word" me_root="from" pos="prep">fro</seg><seg type="word" me_root="blame" pos="n">blame</seg>
</l>
<l n="96">
<seg type="word" me_root="of" pos="prep">Of</seg><seg type="word" me_root="pite" pos="n">pitee</seg><seg type="word" me_root="mirour" pos="n">mirour</seg><seg type="word" me_root="ich" pos="pron%nom">I</seg><seg type="word" me_root="unto" pos="prep">vnto</seg><seg type="word" me_root="the" pos="pron2%obj">thee</seg><seg type="word" me_root="callen" pos="v%pr_1">calle</seg>
</l>
</lg>
<lg type="stanza" n="13" rhyme="ababbcbc">
<l n="97">
<seg type="word" me_root="sinne" pos="n">Synne</seg><seg type="word" me_root="that" pos="pron_rel">that</seg><seg type="word" me_root="ben" pos="v%pr_3">is</seg><seg type="word" me_root="to" pos="prep">to</seg><seg type="word" me_root="everi" pos="pron_gram_adj">every</seg><seg type="word" me_root="vertu" pos="n">vertu</seg><seg type="word" me_root="fo" pos="n">fo</seg>
</l>
<l n="98">
<seg type="word" me_root="bitwixe" pos="prep">Betwixt</seg><seg type="word" me_root="god" pos="n1#propn">God</seg><seg type="word" me_root="and" pos="conj">and</seg><seg type="word" me_root="me" pos="pron2%obj">me</seg><seg type="word" me_root="maken" pos="v1%ppl">maad</seg><seg type="word" me_root="haven" pos="v%pr_3">hath</seg><seg type="word" me_root="swich" pos="gram_adj">swich</seg><seg type="word" me_root="debat" pos="n">debat</seg>
</l>
<l n="99">
<seg type="word" me_root="that" pos="conj">That</seg><seg type="word" me_root="min" pos="pron%gen">my</seg><seg type="word" me_root="soule" pos="n">soule</seg><seg type="word" me_root="ben" pos="v%pr_3">is</seg><seg type="word" me_root="dampnen" pos="v%ppl">dampned</seg><seg type="word" me_root="for" pos="prep">for</seg><seg type="word" me_root="ever-mor" pos="adv">everemo</seg>
</l>
<l n="100">
<seg type="word" me_root="but" pos="conj">But</seg><seg type="word" me_root="if" pos="conj">if</seg><seg type="word" me_root="that" pos="part">that</seg><seg type="word" me_root="merci" pos="n1">mercy</seg><seg type="word" me_root="which" pos="pron">which</seg><seg type="word" me_root="haven" pos="v%pr_3">hath</seg><seg type="word" me_root="maken" pos="v1%ppl">maad</seg><seg type="word" me_root="achat" pos="n_art">thacat</seg>
</l>
<l n="101">
<seg type="word" me_root="of" pos="prep">Of</seg><seg type="word" me_root="man" pos="n%gen">mannes</seg><seg type="word" me_root="soule" pos="n">soule</seg><seg type="word" me_root="that" pos="pron_rel">that</seg><seg type="word" me_root="ben" pos="v%pt_3">was</seg><seg type="word" me_root="violat" pos="adj">violat</seg>
</l>
<l n="102">
<seg type="word" me_root="bi" pos="prep">By</seg><seg type="word" me_root="likerous" pos="adj">likerous</seg><seg type="word" me_root="lust" pos="n">lust</seg><seg type="word" me_root="and" pos="conj">and</seg><seg type="word" me_root="disobedience" pos="n">disobedience</seg>
</l>
<l n="103">
<seg type="word" me_root="for" pos="prep">For</seg><seg type="word" me_root="which" pos="pron">which</seg><seg type="word" me_root="oure" pos="pron%gen">our</seg><seg type="word" me_root="lord" pos="n">lord</seg><seg type="word" me_root="Jesu" pos="n#propn">Jhesu</seg><seg type="word" me_root="ben" pos="v%pt_3">was</seg><seg type="word" me_root="incarnate" pos="adj">incarnat</seg>
</l>
<l n="104">
<seg type="word" me_root="me" pos="pron2%obj">Me</seg><seg type="word" me_root="helpen" pos="v%imp">helpe</seg><seg type="word" me_root="maken" pos="v1%inf">make</seg><seg type="word" me_root="the" pos="def_art">the</seg><seg type="word" me_root="fend" pos="n">feend</seg><seg type="word" me_root="resistence" pos="n">resistence</seg>
</l>
</lg>
<lg type="stanza" n="14" rhyme="ababbcbc">
<l n="105">
<seg type="word" me_root="ladie" pos="n">Lady</seg><seg type="word" me_root="that" pos="pron_rel">that</seg><seg type="word" me_root="ben" pos="v%pr_2">art</seg><seg type="word" me_root="of" pos="prep">of</seg><seg type="word" me_root="grace" pos="n">grace</seg><seg type="word" me_root="spring" pos="n">spryng</seg><seg type="word" me_root="and" pos="conj">and</seg><seg type="word" me_root="sours" pos="n">sours</seg>
</l>
<l n="106">
<seg type="word" me_root="port" pos="n2">Port</seg><seg type="word" me_root="in" pos="prep">in</seg><seg type="word" me_root="peril" pos="n">peril</seg><seg type="word" me_root="solas" pos="n">solas</seg><seg type="word" me_root="in" pos="prep">in</seg><seg type="word" me_root="hevinesse" pos="n">heuynesse</seg>
</l>
<l n="107">
<seg type="word" me_root="of" pos="prep">Of</seg><seg type="word" me_root="thin" pos="pron%gen">thy</seg><seg type="word" me_root="wonen" pos="v1#adj%ppl">wont</seg><seg type="word" me_root="bounte" pos="n">bontee</seg><seg type="word" me_root="kepen" pos="v%imp">keepe</seg><seg type="word" me_root="al-wei" pos="adv">alway</seg><seg type="word" me_root="the" pos="def_art">the</seg><seg type="word" me_root="cours" pos="n">cours</seg>
</l>
<l n="108">
<seg type="word" me_root="leten" pos="v%imp">Lat</seg><seg type="word" me_root="not" pos="adv">nat</seg><seg type="word" me_root="the" pos="def_art">the</seg><seg type="word" me_root="fend" pos="n">feend</seg><seg type="word" me_root="at" pos="prep">at</seg><seg type="word" me_root="min" pos="pron%gen">my</seg><seg type="word" me_root="deth" pos="n">deeth</seg><seg type="word" me_root="me" pos="pron2%obj">me</seg><seg type="word" me_root="oppressen" pos="v%inf">oppresse</seg>
</l>
<l n="109">
<seg type="word" me_root="turnen" pos="v%imp">Torne</seg><seg type="word" me_root="the" pos="def_art">the</seg><seg type="word" me_root="crois" pos="n">crois</seg><seg type="word" me_root="to" pos="prep">to</seg><seg type="word" me_root="me" pos="pron2%obj">me</seg><seg type="word" me_root="noble" pos="adj">noble</seg><seg type="word" me_root="princesse" pos="n">Princesse</seg>
</l>
<l n="110">
<seg type="word" me_root="which" pos="pron">Which</seg><seg type="word" me_root="unto" pos="prep">vnto</seg><seg type="word" me_root="everi" pos="pron_gram_adj">every</seg><seg type="word" me_root="sore" pos="n1">soor</seg><seg type="word" me_root="ben" pos="v%pr_3">is</seg><seg type="word" me_root="the" pos="def_art">the</seg><seg type="word" me_root="triacle" pos="n">triacle</seg>
</l>
<l n="111">
<seg type="word" me_root="though" pos="conj">Thogh</seg><seg type="word" me_root="min" pos="pron%gen">my</seg><seg type="word" me_root="desert" pos="n1">dissert</seg><seg type="word" me_root="ben" pos="v%pr_3">be</seg><seg type="word" me_root="nought" pos="pron">naght</seg><seg type="word" me_root="of" pos="prep">of</seg><seg type="word" me_root="thin" pos="pron%gen">thy</seg><seg type="word" me_root="godnesse" pos="n2">goodnesse</seg>
</l>
<l n="112">
<seg type="word" me_root="ayen" pos="prep">Ageyn</seg><seg type="word" me_root="the" pos="def_art">the</seg><seg type="word" me_root="fend" pos="n%gen">feendes</seg><seg type="word" me_root="wrench" pos="n1%pl">wrenches</seg><seg type="word" me_root="maken" pos="v1%imp">make</seg><seg type="word" me_root="obstacle" pos="n">obstacle</seg>
</l>
</lg>
<lg type="stanza" n="15" rhyme="ababbcbc">
<l n="113">
<seg type="word" me_root="lord" pos="n">Lord</seg><seg type="word" me_root="on" pos="prep">on</seg><seg type="word" me_root="thin" pos="pron%gen">thy</seg><seg type="word" me_root="grace" pos="n">grace</seg><seg type="word" me_root="and" pos="conj">and</seg><seg type="word" me_root="pite" pos="n">pitee</seg><seg type="word" me_root="min" pos="pron%gen">myn</seg><seg type="word" me_root="herte" pos="n">herte</seg><seg type="word" me_root="ai" pos="adv">ay</seg>
</l>
<l n="114">
<seg type="word" me_root="awaiten" pos="v%pr_3">Awaitith</seg><seg type="word" me_root="to" pos="part">to</seg><seg type="word" me_root="purchasen" pos="v%inf">purchace</seg><seg type="word" me_root="thin" pos="pron%gen">thy</seg><seg type="word" me_root="merci" pos="n1">mercy</seg>
</l>
<l n="115">
<seg type="word" me_root="alas" pos="interj">Allas</seg><seg type="word" me_root="ich" pos="pron%nom">I</seg><seg type="word" me_root="caitif" pos="n">caytif</seg><seg type="word" me_root="wel" pos="adv">wel</seg><seg type="word" me_root="ich" pos="pron%nom">I</seg><seg type="word" me_root="mornen" pos="v%inf">mourne</seg><seg type="word" me_root="mouen" pos="v3%pr_1">may</seg>
</l>
<l n="116">
<seg type="word" me_root="sin" pos="conj">Syn</seg><seg type="word" me_root="the" pos="def_art">the</seg><seg type="word" me_root="fend" pos="n">feend</seg><seg type="word" me_root="serven" pos="v1%ppl">serued</seg><seg type="word" me_root="often-sithe" pos="adv">often-sythe</seg><seg type="word" me_root="haven" pos="v%pr_1">have</seg><seg type="word" me_root="ich" pos="pron%nom">y</seg>
</l>
<l n="117">
<seg type="word" me_root="hit" pos="pron">It</seg><seg type="word" me_root="reuen" pos="v1%pr_3">reewith</seg><seg type="word" me_root="me" pos="pron2%obj">me</seg><seg type="word" me_root="don" pos="v1%imp">do</seg><seg type="word" me_root="with" pos="prep">with</seg><seg type="word" me_root="me" pos="pron2%obj">me</seg><seg type="word" me_root="graciousli" pos="adv">graciously</seg>
</l>
<l n="118">
<seg type="word" me_root="for" pos="conj">For</seg><seg type="word" me_root="ich" pos="pron%nom">I</seg><seg type="word" me_root="purposen" pos="v%pr_1">purpose</seg><seg type="word" me_root="to" pos="part">to</seg><seg type="word" me_root="stinten" pos="v%inf">stynte</seg><seg type="word" me_root="of" pos="prep">of</seg><seg type="word" me_root="min" pos="pron%gen">my</seg><seg type="word" me_root="sinne" pos="n%pl">synnes</seg>
</l>
<l n="119">
<seg type="word" me_root="what" pos="pron">What</seg><seg type="word" me_root="ayen" pos="prep">ageyn</seg><seg type="word" me_root="the" pos="pron2%obj">thee</seg><seg type="word" me_root="mistaken" pos="v%ppl">mistake</seg><seg type="word" me_root="haven" pos="v%pr_3">hath</seg><seg type="word" me_root="min" pos="pron%gen">my</seg><seg type="word" me_root="bodi" pos="n">body</seg>
</l>
<l n="120">
<seg type="word" me_root="min" pos="pron%gen">My</seg><seg type="word" me_root="soule" pos="n">soule</seg><seg type="word" me_root="kepen" pos="v%imp">keepe</seg><seg type="word" me_root="from" pos="prep">fro</seg><seg type="word" me_root="the" pos="def_art">the</seg><seg type="word" me_root="fend" pos="n%gen">feendes</seg><seg type="word" me_root="ginnen" pos="v%pl">gynnes</seg>
</l>
</lg>
<lg type="stanza" n="16" rhyme="ababbcbc">
<l n="121">
<seg type="word" me_root="blessed" pos="ppl">Blessid</seg><seg type="word" me_root="virgin" pos="n">virgyne</seg><seg type="word" me_root="ensaumple" pos="n">ensample</seg><seg type="word" me_root="of" pos="prep">of</seg><seg type="word" me_root="al" pos="gram_adj">al</seg><seg type="word" me_root="vertu" pos="n">vertu</seg>
</l>
<l n="122">
<seg type="word" me_root="that" pos="pron_rel">That</seg><seg type="word" me_root="per" pos="n">peere</seg><seg type="word" me_root="haven" pos="v%pr_2">hast</seg><seg type="word" me_root="non" pos="gram_adj">noon</seg><seg type="word" me_root="of" pos="prep">of</seg><seg type="word" me_root="wommanhede" pos="n">wommanhode</seg><seg type="word" me_root="flour" pos="n1">flour</seg>
</l>
<l n="123">
<seg type="word" me_root="for" pos="prep">For</seg><seg type="word" me_root="the" pos="def_art">the</seg><seg type="word" me_root="love" pos="n1">love</seg><seg type="word" me_root="of" pos="prep">of</seg><seg type="word" me_root="thin" pos="pron%gen">thy</seg><seg type="word" me_root="sone" pos="n">sone</seg><seg type="word" me_root="oure" pos="pron%gen">our</seg><seg type="word" me_root="lord" pos="n">lord</seg><seg type="word" me_root="Jesu" pos="n#propn">Jhesu</seg>
</l>
<l n="124">
<seg type="word" me_root="strengthen" pos="v%imp">Strengthe</seg><seg type="word" me_root="us" pos="pron%pl_obj">vs</seg><seg type="word" me_root="to" pos="part">to</seg><seg type="word" me_root="don" pos="v1%inf">doon</seg><seg type="word" me_root="him" pos="pron%obj">him</seg><seg type="word" me_root="servise" pos="n">seruice</seg><seg type="word" me_root="and" pos="conj">and</seg><seg type="word" me_root="honour" pos="n">honour</seg>
</l>
<l n="125">
<seg type="word" me_root="ladie" pos="n">Lady</seg><seg type="word" me_root="ben" pos="v%imp">be</seg><seg type="word" me_root="mene" pos="n3">mene</seg><seg type="word" me_root="unto" pos="prep">vnto</seg><seg type="word" me_root="oure" pos="pron%gen">our</seg><seg type="word" me_root="saveour" pos="n">Sauueour</seg>
</l>
<l n="126">
<seg type="word" me_root="that" pos="conj">That</seg><seg type="word" me_root="oure" pos="pron%gen">our</seg><seg type="word" me_root="soule" pos="n%pl">soules</seg><seg type="word" me_root="that" pos="pron_rel">that</seg><seg type="word" me_root="the" pos="def_art">the</seg><seg type="word" me_root="fend" pos="n">feend</seg><seg type="word" me_root="waiten" pos="v%pr_3">waytith</seg><seg type="word" me_root="ai" pos="adv">ay</seg>
</l>
<l n="127">
<seg type="word" me_root="to" pos="part">To</seg><seg type="word" me_root="henten" pos="v%inf">hente,</seg><seg type="word" me_root="and" pos="conj">and</seg><seg type="word" me_root="willen" pos="v%pt_3">wolde</seg><seg type="word" me_root="of" pos="prep">of</seg><seg type="word" me_root="hem" pos="pron%pl_obj">hem</seg><seg type="word" me_root="ben" pos="v%inf">be</seg><seg type="word" me_root="possessour" pos="n">possessour</seg>
</l>
<l n="128">
<seg type="word" me_root="ne" pos="adv">Ne</seg><seg type="word" me_root="seisen" pos="v%inf">sese</seg><seg type="word" me_root="hem" pos="pron%pl_obj">hem</seg><seg type="word" me_root="not" pos="adv">nat</seg><seg type="word" me_root="in" pos="prep">in</seg><seg type="word" me_root="the" pos="def_art">the</seg><seg type="word" me_root="vengeable" pos="n">vengeable</seg><seg type="word" me_root="dai" pos="n">day</seg>
</l>
</lg>
<lg type="stanza" n="17" rhyme="ababbcbc">
<l n="129">
<seg type="word" me_root="the" pos="def_art">The</seg><seg type="word" me_root="flesh" pos="n">flessh,</seg><seg type="word" me_root="the" pos="def_art">the</seg><seg type="word" me_root="world" pos="n">world</seg><seg type="word" me_root="and" pos="conj">and</seg><seg type="word" me_root="ek" pos="adv">eek</seg><seg type="word" me_root="the" pos="def_art">the</seg><seg type="word" me_root="fend" pos="n">feend</seg><seg type="word" me_root="min" pos="pron%gen">my</seg><seg type="word" me_root="fo" pos="n">fo</seg>
</l>
<l n="130">
<seg type="word" me_root="min" pos="pron%gen">My</seg><seg type="word" me_root="wit" pos="n%pl">wittes</seg><seg type="word" me_root="al" pos="gram_adj">alle</seg><seg type="word" me_root="haven" pos="v%pr_pl">han</seg><seg type="word" me_root="at" pos="prep">at</seg><seg type="word" me_root="here" pos="pron%pl_gen">hir</seg><seg type="word" me_root="retenaunce" pos="n">retenance</seg>
</l>
<l n="131">
<seg type="word" me_root="thei" pos="pron%pl_nom">They</seg><seg type="word" me_root="to" pos="prep">to</seg><seg type="word" me_root="min" pos="pron%gen">my</seg><seg type="word" me_root="soule" pos="n">soule</seg><seg type="word" me_root="don" pos="v1%pr_pl">doon</seg><seg type="word" me_root="anoi" pos="n">annoy</seg><seg type="word" me_root="and" pos="conj">and</seg><seg type="word" me_root="wo" pos="n">wo</seg>
</l>
<l n="132">
<seg type="word" me_root="for-whi" pos="adv&amp;conj">Forwhy,</seg><seg type="word" me_root="lord" pos="n">lord</seg><seg type="word" me_root="dreden" pos="v%pr_1">dreede</seg><seg type="word" me_root="ich" pos="pron%nom">I</seg><seg type="word" me_root="me" pos="pron2%obj">me</seg><seg type="word" me_root="of" pos="prep">of</seg><seg type="word" me_root="thin" pos="pron%gen">thy</seg><seg type="word" me_root="vengeaunce" pos="n">vengeance</seg>
</l>
<l n="133">
<seg type="word" me_root="with" pos="prep">With</seg><seg type="word" me_root="merci" pos="n1">mercy</seg><seg type="word" me_root="min" pos="pron%gen">my</seg><seg type="word" me_root="soule" pos="n">soule</seg><seg type="word" me_root="in-to" pos="prep">into</seg><seg type="word" me_root="blisse" pos="n">blisse</seg><seg type="word" me_root="enhauncen" pos="v%imp">enhance</seg>
</l>
<l n="134">
<seg type="word" me_root="worthi" pos="adj">Worthy</seg><seg type="word" me_root="marchaunt" pos="n">marchant</seg><seg type="word" me_root="saven" pos="v%imp">saue</seg><seg type="word" me_root="thin" pos="pron%gen">thy</seg><seg type="word" me_root="marchaundie" pos="n">marchandie</seg>
</l>
<l n="135">
<seg type="word" me_root="which" pos="pron">Which</seg><seg type="word" me_root="that" pos="part">that</seg><seg type="word" me_root="thou" pos="pron%nom">thow</seg><seg type="word" me_root="bien" pos="v%pt_2">boghtest</seg><seg type="word" me_root="with" pos="prep">with</seg><seg type="word" me_root="deth" pos="n%gen">dethes</seg><seg type="word" me_root="penaunce" pos="n">penance</seg>
</l>
<l n="136">
<seg type="word" me_root="leten" pos="v%imp">Lat</seg><seg type="word" me_root="not" pos="adv">nat</seg><seg type="word" me_root="the" pos="def_art">the</seg><seg type="word" me_root="fend" pos="n">feend</seg><seg type="word" me_root="haven" pos="v%inf">have</seg><seg type="word" me_root="of" pos="prep">of</seg><seg type="word" me_root="us" pos="pron%pl_obj">vs</seg><seg type="word" me_root="the" pos="def_art">the</seg><seg type="word" me_root="maistrie" pos="n">maistrie</seg>
</l>
</lg>
<lg type="stanza" n="18" rhyme="ababbcbc">
<l n="137">
<seg type="word" me_root="excellent" pos="adj">Excellent</seg><seg type="word" me_root="ladie" pos="n">lady</seg><seg type="word" me_root="in" pos="prep">in</seg><seg type="word" me_root="thin" pos="pron%gen">thy</seg><seg type="word" me_root="thought" pos="n">thoght</seg><seg type="word" me_root="impressen" pos="v%imp">impresse</seg>
</l>
<l n="138">
<seg type="word" me_root="hou" pos="adv&amp;conj">How</seg><seg type="word" me_root="and" pos="conj">and</seg><seg type="word" me_root="whi" pos="pron">why</seg><seg type="word" me_root="thin" pos="pron%gen">thy</seg><seg type="word" me_root="child" pos="n">chyld</seg><seg type="word" me_root="sufferen" pos="v%pt_3">souffrid</seg><seg type="word" me_root="his" pos="pron1%gen">his</seg><seg type="word" me_root="torment" pos="n">torment</seg>
</l>
<l n="139">
<seg type="word" me_root="preien" pos="v1%imp">Preye</seg><seg type="word" me_root="him" pos="pron%obj">him</seg><seg type="word" me_root="to" pos="part">to</seg><seg type="word" me_root="haven" pos="v%inf">have</seg><seg type="word" me_root="on" pos="prep">on</seg><seg type="word" me_root="us" pos="pron%pl_obj">vs</seg><seg type="word" me_root="swich" pos="gram_adj">swich</seg><seg type="word" me_root="tendernesse" pos="n">tendrenesse</seg>
</l>
<l n="140">
<seg type="word" me_root="that" pos="conj">That</seg><seg type="word" me_root="in" pos="prep">in</seg><seg type="word" me_root="the" pos="def_art">the</seg><seg type="word" me_root="fend" pos="n%gen">feendes</seg><seg type="word" me_root="net" pos="n1">net</seg><seg type="word" me_root="we" pos="pron%pl_nom">we</seg><seg type="word" me_root="ben" pos="v%pr_pl">be</seg><seg type="word" me_root="not" pos="adv">nat</seg><seg type="word" me_root="henten" pos="v%ppl">hent</seg>
</l>
<l n="141">
<seg type="word" me_root="at" pos="prep">At</seg><seg type="word" me_root="the" pos="def_art">the</seg><seg type="word" me_root="dai" pos="n">day</seg><seg type="word" me_root="of" pos="prep">of</seg><seg type="word" me_root="his" pos="pron1%gen">his</seg><seg type="word" me_root="sterne" pos="adj">steerne</seg><seg type="word" me_root="jugement" pos="n">jugement</seg>
</l>
<l n="142">
<seg type="word" me_root="leten" pos="v%imp">Lat</seg><seg type="word" me_root="not" pos="adv">nat</seg><seg type="word" me_root="him" pos="pron%obj">him</seg><seg type="word" me_root="lesen" pos="v4%inf">leese</seg><seg type="word" me_root="that" pos="pron_rel">that</seg><seg type="word" me_root="he" pos="pron1%nom">he</seg><seg type="word" me_root="bi" pos="prep">by</seg><seg type="word" me_root="deth" pos="n">deeth</seg><seg type="word" me_root="bien" pos="v%pt_3">boghte</seg>
</l>
<l n="143">
<seg type="word" me_root="ich" pos="pron%nom">I</seg><seg type="word" me_root="witen" pos="v1%pr_1">woot</seg><seg type="word" me_root="wel" pos="adv">wel</seg><seg type="word" me_root="ther-to" pos="adv">therto</seg><seg type="word" me_root="haven" pos="v%pr_3">hath</seg><seg type="word" me_root="he" pos="pron1%nom">he</seg><seg type="word" me_root="no" pos="gram_adj">no</seg><seg type="word" me_root="talent" pos="n">talent</seg>
</l>
<l n="144">
<seg type="word" me_root="mengen" pos="v%imp">Mynge</seg><seg type="word" me_root="him" pos="pron%obj">him</seg><seg type="word" me_root="ther-on" pos="adv">theron</seg><seg type="word" me_root="for" pos="conj">for</seg><seg type="word" me_root="the" pos="pron2%obj">thee</seg><seg type="word" me_root="so" pos="adv">so</seg><seg type="word" me_root="to" pos="part">to</seg><seg type="word" me_root="don" pos="v1%inf">doon</seg><seg type="word" me_root="ouen" pos="v%pt_3">oghte</seg>
</l>
</lg>
<lg type="stanza" n="19" rhyme="ababbcbc">
<l n="145">
<seg type="word" me_root="whan" pos="adv&amp;conj">Whan</seg><seg type="word" me_root="in" pos="prep">in</seg><seg type="word" me_root="a" pos="indef_art">a</seg><seg type="word" me_root="man" pos="n">man</seg><seg type="word" me_root="sinne" pos="n">synne</seg><seg type="word" me_root="grouen" pos="v%pr_3">growith</seg><seg type="word" me_root="and" pos="conj">and</seg><seg type="word" me_root="ripen" pos="v1%pr_3">rypith</seg>
</l>
<l n="146">
<seg type="word" me_root="the" pos="def_art">The</seg><seg type="word" me_root="fruit" pos="n">fruyt</seg><seg type="word" me_root="of" pos="prep">of</seg><seg type="word" me_root="hit" pos="pron">it</seg><seg type="word" me_root="ben" pos="v%pr_3">is</seg><seg type="word" me_root="ful" pos="adj">ful</seg><seg type="word" me_root="of" pos="prep">of</seg><seg type="word" me_root="bitternesse" pos="n">bittirnesse</seg>
</l>
<l n="147">
<seg type="word" me_root="but" pos="conj">But</seg><seg type="word" me_root="penitence" pos="n">penitence</seg><seg type="word" me_root="clene" pos="adv">cleene</seg><seg type="word" me_root="awei" pos="adv">away</seg><seg type="word" me_root="hit" pos="pron">it</seg><seg type="word" me_root="wipen" pos="v%pr_3">wypith</seg>
</l>
<l n="148">
<seg type="word" me_root="and" pos="conj">And</seg><seg type="word" me_root="to" pos="prep">to</seg><seg type="word" me_root="the" pos="def_art">the</seg><seg type="word" me_root="soule" pos="n">soule</seg><seg type="word" me_root="yeven" pos="v%pr_3">yeueth</seg><seg type="word" me_root="gret" pos="adj%sg">greet</seg><seg type="word" me_root="swetenesse" pos="n">swetnesse</seg>
</l>
<l n="149">
<seg type="word" me_root="o" pos="interj">O</seg><seg type="word" me_root="sterne" pos="adj">steerne</seg><seg type="word" me_root="juge" pos="n1">juge</seg><seg type="word" me_root="with" pos="prep">with</seg><seg type="word" me_root="thin" pos="pron%gen">thy</seg><seg type="word" me_root="right-wisnesse" pos="n">rightwisnesse</seg>
</l>
<l n="150">
<seg type="word" me_root="medlen" pos="v%imp">Medle</seg><seg type="word" me_root="thin" pos="pron%gen">thy</seg><seg type="word" me_root="merci" pos="n1">mercy</seg><seg type="word" me_root="and" pos="conj">and</seg><seg type="word" me_root="sheuen" pos="v1%imp">shewe</seg><seg type="word" me_root="us" pos="pron%pl_obj">vs</seg><seg type="word" me_root="favour" pos="n">favour</seg>
</l>
<l n="151">
<seg type="word" me_root="unto" pos="prep">Vnto</seg><seg type="word" me_root="oure" pos="pron%gen">our</seg><seg type="word" me_root="soule" pos="n%pl">soules</seg><seg type="word" me_root="maken" pos="v1%ppl_abs">maad</seg><seg type="word" me_root="to" pos="prep">to</seg><seg type="word" me_root="thin" pos="pron%gen">thy</seg><seg type="word" me_root="liknesse" pos="n">liknesse</seg>
</l>
<l n="152">
<seg type="word" me_root="graunten" pos="v%imp">Graunte</seg><seg type="word" me_root="pardoun" pos="n">pardoun</seg><seg type="word" me_root="of" pos="prep">of</seg><seg type="word" me_root="oure" pos="pron%gen">our</seg><seg type="word" me_root="stinkinge" pos="ger">stynkyng</seg><seg type="word" me_root="errour" pos="n1">errour</seg>
</l>
</lg>
<lg type="stanza" n="20" rhyme="ababbcbc">
<l n="153">
<seg type="word" me_root="o" pos="interj">O</seg><seg type="word" me_root="glorious" pos="adj">glorious</seg><seg type="word" me_root="quene" pos="n2">qweene</seg><seg type="word" me_root="to" pos="prep">to</seg><seg type="word" me_root="the" pos="def_art">the</seg><seg type="word" me_root="repentaunt" pos="adj">repentaunt</seg>
</l>
<l n="154">
<seg type="word" me_root="that" pos="pron_rel">That</seg><seg type="word" me_root="ben" pos="v%pr_2">art</seg><seg type="word" me_root="refute" pos="n">refuyt</seg><seg type="word" me_root="socour" pos="n">socour</seg><seg type="word" me_root="and" pos="conj">and</seg><seg type="word" me_root="medicine" pos="n">medecyne</seg>
</l>
<l n="155">
<seg type="word" me_root="leten" pos="v%imp">Lat</seg><seg type="word" me_root="not" pos="adv">nat</seg><seg type="word" me_root="the" pos="def_art">the</seg><seg type="word" me_root="foul" pos="adj">foule</seg><seg type="word" me_root="fend" pos="n">feend</seg><seg type="word" me_root="maken" pos="v1%inf">make</seg><seg type="word" me_root="his" pos="pron1%gen">his</seg><seg type="word" me_root="avaunt" pos="n">auaunt</seg>
</l>
<l n="156">
<seg type="word" me_root="that" pos="conj">That</seg><seg type="word" me_root="he" pos="pron1%nom">he</seg><seg type="word" me_root="haven" pos="v%pr_3">hath</seg><seg type="word" me_root="the" pos="pron2%obj">thee</seg><seg type="word" me_root="bireven" pos="v%ppl">byreft</seg><seg type="word" me_root="ani" pos="gram_adj">any</seg><seg type="word" me_root="of" pos="prep">of</seg><seg type="word" me_root="thin" pos="pron%gen">thyne</seg>
</l>
<l n="157">
<seg type="word" me_root="thurgh" pos="prep">Thurgh</seg><seg type="word" me_root="thin" pos="pron%gen">thy</seg><seg type="word" me_root="preiere" pos="n2">preyere</seg><seg type="word" me_root="thou" pos="pron%nom">thow</seg><seg type="word" me_root="thin" pos="pron%gen">thy</seg><seg type="word" me_root="sone" pos="n">sone</seg><seg type="word" me_root="enclinen" pos="v%imp">enclyne</seg>
</l>
<l n="158">
<seg type="word" me_root="his" pos="pron1%gen">His</seg><seg type="word" me_root="merciable" pos="adj">merciable</seg><seg type="word" me_root="grace" pos="n">grace</seg><seg type="word" me_root="on" pos="prep">on</seg><seg type="word" me_root="us" pos="pron%pl_obj">vs</seg><seg type="word" me_root="to" pos="part">to</seg><seg type="word" me_root="reinen" pos="v1%inf">reyne</seg>
</l>
<l n="159">
<seg type="word" me_root="ben" pos="v%imp">Be</seg><seg type="word" me_root="tender" pos="adj">tendre</seg><seg type="word" me_root="of" pos="prep">of</seg><seg type="word" me_root="us" pos="pron%pl_obj">vs</seg><seg type="word" me_root="o" pos="interj">O</seg><seg type="word" me_root="thou" pos="pron%nom">thow</seg><seg type="word" me_root="blessed" pos="ppl">blissid</seg><seg type="word" me_root="virgin" pos="n">virgyne</seg>
</l>
<l n="160">
<seg type="word" me_root="for" pos="conj">For</seg><seg type="word" me_root="if" pos="conj">if</seg><seg type="word" me_root="the" pos="pron2%obj">thee</seg><seg type="word" me_root="listen" pos="v1%pr_3">list</seg><seg type="word" me_root="we" pos="pron%pl_nom">we</seg><seg type="word" me_root="shulen" pos="v1%pr_pl">shuln</seg><seg type="word" me_root="to" pos="prep">to</seg><seg type="word" me_root="blisse" pos="n">blisse</seg><seg type="word" me_root="atteinen" pos="v%inf">atteyne</seg>
</l>
</lg>
</poem>
