<?xml version="1.0" encoding="UTF-8"?>
<poem id="28-hoc">
<lg type="stanza" n="1" rhyme="ababbcc">
<l n="1">
<seg type="word" me_root="ther" pos="adv">Ther</seg><seg type="word" me_root="ben" pos="v%pt_3">was</seg><seg type="word" me_root="whilom" pos="adv">whilom</seg><seg type="word" me_root="as" pos="conj">as</seg><seg type="word" me_root="that" pos="part">that</seg><seg type="word" me_root="seien" pos="v1%pr_3">seith</seg><seg type="word" me_root="the" pos="def_art">the</seg><seg type="word" me_root="scripture" pos="n">scripture</seg>
</l>
<l n="2">
<seg type="word" me_root="in" pos="prep">In</seg><seg type="word" me_root="fraunce" pos="n#propn">France,</seg><seg type="word" me_root="a" pos="indef_art">a</seg><seg type="word" me_root="riche" pos="adj">ryche</seg><seg type="word" me_root="man" pos="n">man</seg><seg type="word" me_root="and" pos="conj">and</seg><seg type="word" me_root="a" pos="indef_art">a</seg><seg type="word" me_root="worthi" pos="adj">worthy</seg>
</l>
<l n="3">
<seg type="word" me_root="that" pos="pron_rel">That</seg><seg type="word" me_root="god" pos="n1#propn">God</seg><seg type="word" me_root="and" pos="conj">and</seg><seg type="word" me_root="holi" pos="adj2">holy</seg><seg type="word" me_root="chirche" pos="n">chirche</seg><seg type="word" me_root="to" pos="part">to</seg><seg type="word" me_root="honouren" pos="v%inf">honure</seg>
</l>
<l n="4">
<seg type="word" me_root="and" pos="conj">And</seg><seg type="word" me_root="plesen" pos="v%inf">plese</seg><seg type="word" me_root="enforcen" pos="v%pt_3">enforced</seg><seg type="word" me_root="he" pos="pron1%nom">he</seg><seg type="word" me_root="him" pos="pron%obj">him</seg><seg type="word" me_root="bisili" pos="adv">bisily</seg>
</l>
<l n="5">
<seg type="word" me_root="and" pos="conj">And</seg><seg type="word" me_root="unto" pos="prep">vnto</seg><seg type="word" me_root="crist" pos="n#propn%gen">Crystes</seg><seg type="word" me_root="moder" pos="n">modir</seg><seg type="word" me_root="specialli" pos="adv">specially</seg>
</l>
<l n="6">
<seg type="word" me_root="that" pos="art&amp;gram_adj">That</seg><seg type="word" me_root="noble" pos="adj">noble</seg><seg type="word" me_root="ladie" pos="n">lady</seg><seg type="word" me_root="that" pos="art&amp;gram_adj">that</seg><seg type="word" me_root="blessed" pos="ppl">blissid</seg><seg type="word" me_root="virgin" pos="n">virgyne</seg>
</l>
<l n="7">
<seg type="word" me_root="forto" pos="part">Forto</seg><seg type="word" me_root="to" pos="part">to</seg><seg type="word" me_root="worshipen" pos="v%inf">worsshipe</seg><seg type="word" me_root="he" pos="pron1%nom">he</seg><seg type="word" me_root="don" pos="v1%pt_3">dide</seg><seg type="word" me_root="his" pos="pron1%gen">his</seg><seg type="word" me_root="might" pos="n">might</seg><seg type="word" me_root="and" pos="conj">and</seg><seg type="word" me_root="pine" pos="n1">pyne</seg>
</l>
</lg>
<lg type="stanza" n="2" rhyme="ababbcc">
<l n="8">
<seg type="word" me_root="hit" pos="pron">It</seg><seg type="word" me_root="shapen" pos="v%pt_3">shoop</seg><seg type="word" me_root="so" pos="adv">so</seg><seg type="word" me_root="that" pos="conj">that</seg><seg type="word" me_root="this" pos="gram_adj">this</seg><seg type="word" me_root="man" pos="n">man</seg><seg type="word" me_root="haven" pos="v%pt_3">had</seg><seg type="word" me_root="a" pos="indef_art">a</seg><seg type="word" me_root="yong" pos="adj">yong</seg><seg type="word" me_root="sone" pos="n">sone</seg>
</l>
<l n="9">
<seg type="word" me_root="unto" pos="prep">Vnto</seg><seg type="word" me_root="which" pos="pron">which</seg><seg type="word" me_root="he" pos="pron1%nom">he</seg><seg type="word" me_root="yeven" pos="v%pt_3">yaf</seg><seg type="word" me_root="informacioun" pos="n">informacion</seg>
</l>
<l n="10">
<seg type="word" me_root="everi" pos="pron_gram_adj">Every</seg><seg type="word" me_root="dai" pos="n">day</seg><seg type="word" me_root="to" pos="part">to</seg><seg type="word" me_root="haven" pos="v%inf">have</seg><seg type="word" me_root="in" pos="prep">in</seg><seg type="word" me_root="custume" pos="n">custume</seg><seg type="word" me_root="and" pos="conj">and</seg><seg type="word" me_root="wone" pos="n">wone</seg>
</l>
<l n="11">
<seg type="word" me_root="forto" pos="part">Forto</seg><seg type="word" me_root="to" pos="part">to</seg><seg type="word" me_root="seien" pos="v1%inf">seye</seg><seg type="word" me_root="at" pos="prep">at</seg><seg type="word" me_root="his" pos="pron1%gen">his</seg><seg type="word" me_root="excitacioun" pos="n">excitacion</seg>
</l>
<l n="12">
<seg type="word" me_root="the" pos="def_art">The</seg><seg type="word" me_root="aungelik" pos="adj">angelike</seg><seg type="word" me_root="salutacioun" pos="n">salutacion</seg>
</l>
<l n="13">
<seg type="word" me_root="fifti" pos="num#adj">Fifti</seg><seg type="word" me_root="sith" pos="n%pl">sythes</seg><seg type="word" me_root="in" pos="prep">in</seg><seg type="word" me_root="worshipe" pos="n">worsship</seg><seg type="word" me_root="and" pos="conj">and</seg><seg type="word" me_root="honour" pos="n">honour</seg>
</l>
<l n="14">
<seg type="word" me_root="of" pos="prep">Of</seg><seg type="word" me_root="god" pos="n1#propn%gen">Goddes</seg><seg type="word" me_root="moder" pos="n">modir</seg><seg type="word" me_root="of" pos="prep">of</seg><seg type="word" me_root="vertu" pos="n">vertu</seg><seg type="word" me_root="the" pos="def_art">the</seg><seg type="word" me_root="flour" pos="n1">flour</seg>
</l>
</lg>
<lg type="stanza" n="3" rhyme="ababbcc">
<l n="15">
<seg type="word" me_root="bi" pos="prep">By</seg><seg type="word" me_root="his" pos="pron1%gen">his</seg><seg type="word" me_root="fader" pos="n%gen">fadres</seg><seg type="word" me_root="wille" pos="n">wil</seg><seg type="word" me_root="a" pos="indef_art">a</seg><seg type="word" me_root="monk" pos="n">monk</seg><seg type="word" me_root="after-ward" pos="adv">aftirward</seg>
</l>
<l n="16">
<seg type="word" me_root="in" pos="prep">In</seg><seg type="word" me_root="abbeie" pos="n_art">thabbeye</seg><seg type="word" me_root="of" pos="prep">of</seg><seg type="word" me_root="seinte" pos="n">seint</seg><seg type="word" me_root="gile" pos="n1#propn">Gyle</seg><seg type="word" me_root="maken" pos="v1%ppl">maad</seg><seg type="word" me_root="ben" pos="v%pt_3">was</seg><seg type="word" me_root="he" pos="pron1%nom">he</seg>
</l>
<l n="17">
<seg type="word" me_root="wher-as" pos="adv">Whereas</seg><seg type="word" me_root="he" pos="pron1%nom">he</seg><seg type="word" me_root="in" pos="prep">in</seg><seg type="word" me_root="penaunce" pos="n">penance</seg><seg type="word" me_root="sharp" pos="adj">sharp</seg><seg type="word" me_root="and" pos="conj">and</seg><seg type="word" me_root="hard" pos="adj">hard</seg>
</l>
<l n="18">
<seg type="word" me_root="observen" pos="v%pt_3">Obserued</seg><seg type="word" me_root="wel" pos="adv">wel</seg><seg type="word" me_root="his" pos="pron1%gen">his</seg><seg type="word" me_root="ordre" pos="n%gen">ordres</seg><seg type="word" me_root="duete" pos="n">duetee</seg>
</l>
<l n="19">
<seg type="word" me_root="liven" pos="v1%prp_abs">Lyvynge</seg><seg type="word" me_root="in" pos="prep">in</seg><seg type="word" me_root="vertuous" pos="adj">vertuous</seg><seg type="word" me_root="religiouste" pos="n">religioustee</seg>
</l>
<l n="20">
<seg type="word" me_root="and" pos="conj">And</seg><seg type="word" me_root="on" pos="prep">on</seg><seg type="word" me_root="a" pos="indef_art">a</seg><seg type="word" me_root="time" pos="n">tyme</seg><seg type="word" me_root="him" pos="pron%obj">him</seg><seg type="word" me_root="to" pos="part">to</seg><seg type="word" me_root="pleien" pos="v1%inf">pleye</seg><seg type="word" me_root="and" pos="conj">and</seg><seg type="word" me_root="solasen" pos="v%inf">solace</seg>
</l>
<l n="21">
<seg type="word" me_root="his" pos="pron1%gen">His</seg><seg type="word" me_root="fader" pos="n">fadir</seg><seg type="word" me_root="maken" pos="v1%pt_3">made</seg><seg type="word" me_root="him" pos="pron%obj">him</seg><seg type="word" me_root="comen" pos="v%inf">come</seg><seg type="word" me_root="hom" pos="adv">hoom</seg><seg type="word" me_root="to" pos="prep">to</seg><seg type="word" me_root="his" pos="pron1%gen">his</seg><seg type="word" me_root="place" pos="n">place</seg>
</l>
</lg>
<lg type="stanza" n="4" rhyme="ababbcc">
<l n="22">
<seg type="word" me_root="nou" pos="adv">Now</seg><seg type="word" me_root="ben" pos="v%pt_3">was</seg><seg type="word" me_root="ther" pos="adv">ther</seg><seg type="word" me_root="at" pos="prep">at</seg><seg type="word" me_root="oure" pos="pron%gen">our</seg><seg type="word" me_root="ladie" pos="n%gen">ladyes</seg><seg type="word" me_root="reverence" pos="n">reuerence</seg>
</l>
<l n="23">
<seg type="word" me_root="a" pos="indef_art">A</seg><seg type="word" me_root="chapele" pos="n">chapel</seg><seg type="word" me_root="in" pos="prep">in</seg><seg type="word" me_root="hit" pos="pron">it</seg><seg type="word" me_root="maken" pos="v1%ppl">maad</seg><seg type="word" me_root="and" pos="conj">and</seg><seg type="word" me_root="edifien" pos="v%ppl">edified</seg>
</l>
<l n="24">
<seg type="word" me_root="in-to" pos="prep">Into</seg><seg type="word" me_root="which" pos="pron">which</seg><seg type="word" me_root="the" pos="def_art">the</seg><seg type="word" me_root="monk" pos="n">monk</seg><seg type="word" me_root="whan" pos="adv&amp;conj">whan</seg><seg type="word" me_root="convenience" pos="n">convenience</seg>
</l>
<l n="25">
<seg type="word" me_root="of" pos="prep">Of</seg><seg type="word" me_root="time" pos="n">tyme</seg><seg type="word" me_root="he" pos="pron1%nom">he</seg><seg type="word" me_root="haven" pos="v%pt_3">had</seg><seg type="word" me_root="awaiten" pos="v%ppl">awayted</seg><seg type="word" me_root="and" pos="conj">and</seg><seg type="word" me_root="aspien" pos="v%ppl">espied</seg>
</l>
<l n="26">
<seg type="word" me_root="his" pos="pron1%gen">His</seg><seg type="word" me_root="fader" pos="n%gen">fadres</seg><seg type="word" me_root="lore" pos="n2">lore</seg><seg type="word" me_root="to" pos="part">to</seg><seg type="word" me_root="ful-fillen" pos="v%inf">fulfille</seg><seg type="word" me_root="him" pos="pron%obj">him</seg><seg type="word" me_root="hien" pos="v%pt_3">hied</seg>
</l>
<l n="27">
<seg type="word" me_root="and" pos="conj">And</seg><seg type="word" me_root="fifti" pos="num#adj">fifti</seg><seg type="word" me_root="sith" pos="n%pl">sythes</seg><seg type="word" me_root="with" pos="prep">with</seg><seg type="word" me_root="devout" pos="adj">devout</seg><seg type="word" me_root="corage" pos="n">corage</seg>
</l>
<l n="28">
<seg type="word" me_root="seien" pos="v1%pt_3">Seide</seg><seg type="word" me_root="ave" pos="lat">aue</seg><seg type="word" me_root="maria" pos="n#propn">Marie</seg><seg type="word" me_root="as" pos="conj">as</seg><seg type="word" me_root="ben" pos="v%pt_3">was</seg><seg type="word" me_root="his" pos="pron1%gen">his</seg><seg type="word" me_root="usage" pos="n">vsage</seg>
</l>
</lg>
<lg type="stanza" n="5" rhyme="ababbcc">
<l n="29">
<seg type="word" me_root="and" pos="conj">And</seg><seg type="word" me_root="whan" pos="adv&amp;conj">whan</seg><seg type="word" me_root="that" pos="part">that</seg><seg type="word" me_root="he" pos="pron1%nom">he</seg><seg type="word" me_root="haven" pos="v%pt_3">had</seg><seg type="word" me_root="enden" pos="v%ppl">endid</seg><seg type="word" me_root="his" pos="pron1%gen">his</seg><seg type="word" me_root="preiere" pos="n2">preyeere</seg>
</l>
<l n="30">
<seg type="word" me_root="oure" pos="pron%gen">Our</seg><seg type="word" me_root="ladie" pos="n">lady</seg><seg type="word" me_root="clothen" pos="v%ppl_abs">clothid</seg><seg type="word" me_root="in" pos="prep">in</seg><seg type="word" me_root="a" pos="indef_art">a</seg><seg type="word" me_root="garnement" pos="n">garnement</seg>
</l>
<l n="31">
<seg type="word" me_root="sleveles" pos="adj">Sleeuelees</seg><seg type="word" me_root="biforen" pos="prep">byfore</seg><seg type="word" me_root="him" pos="pron%obj">him</seg><seg type="word" me_root="he" pos="pron1%nom">he</seg><seg type="word" me_root="sen" pos="v1%pt_3">sy</seg><seg type="word" me_root="apperen" pos="v1%inf">appeere</seg>
</l>
<l n="32">
<seg type="word" me_root="wher-of" pos="adv">Whereof</seg><seg type="word" me_root="the" pos="def_art">the</seg><seg type="word" me_root="monk" pos="n">Monk</seg><seg type="word" me_root="taken" pos="v%pt_3">took</seg><seg type="word" me_root="god" pos="adj">good</seg><seg type="word" me_root="avisement" pos="n">auisament</seg>
</l>
<l n="33">
<seg type="word" me_root="merveillen" pos="v%prp_abs">Merueillynge</seg><seg type="word" me_root="him" pos="pron%obj">him</seg><seg type="word" me_root="what" pos="pron">what</seg><seg type="word" me_root="that" pos="part">that</seg><seg type="word" me_root="this" pos="pron">this</seg><seg type="word" me_root="mouen" pos="v3%pt_3">mighte</seg><seg type="word" me_root="haven" pos="v%inf">han</seg><seg type="word" me_root="menen" pos="v1%ppl">ment</seg>
</l>
<l n="34">
<seg type="word" me_root="and" pos="conj">And</seg><seg type="word" me_root="seien" pos="v1%pt_3">seide</seg><seg type="word" me_root="o" pos="interj">o</seg><seg type="word" me_root="god" pos="adj">goode</seg><seg type="word" me_root="ladie" pos="n">lady</seg><seg type="word" me_root="bi" pos="prep">by</seg><seg type="word" me_root="your" pos="pron%pl_gen">your</seg><seg type="word" me_root="leve" pos="n2">leeve</seg>
</l>
<l n="35">
<seg type="word" me_root="what" pos="gram_adj">What</seg><seg type="word" me_root="garnement" pos="n">garnement</seg><seg type="word" me_root="ben" pos="v%pr_3">is</seg><seg type="word" me_root="this" pos="pron">this</seg><seg type="word" me_root="and" pos="conj">and</seg><seg type="word" me_root="haven" pos="v%pr_3">hath</seg><seg type="word" me_root="no" pos="gram_adj">no</seg><seg type="word" me_root="sleve" pos="n">sleeue</seg>
</l>
</lg>
<lg type="stanza" n="6" rhyme="ababbcc">
<l n="36">
<seg type="word" me_root="and" pos="conj">And</seg><seg type="word" me_root="she" pos="pron%nom">she</seg><seg type="word" me_root="answeren" pos="v%pt_3">answerde</seg><seg type="word" me_root="and" pos="conj">and</seg><seg type="word" me_root="seien" pos="v1%pt_3">seide</seg><seg type="word" me_root="this" pos="gram_adj">this</seg><seg type="word" me_root="clothing" pos="ger">clothynge</seg>
</l>
<l n="37">
<seg type="word" me_root="thou" pos="pron%nom">Thou</seg><seg type="word" me_root="haven" pos="v%pr_2">hast</seg><seg type="word" me_root="me" pos="pron2%obj">me</seg><seg type="word" me_root="yeven" pos="v%ppl">youen</seg><seg type="word" me_root="for" pos="conj">for</seg><seg type="word" me_root="thou" pos="pron%nom">thou</seg><seg type="word" me_root="everi" pos="pron_gram_adj">every</seg><seg type="word" me_root="dai" pos="n">day</seg>
</l>
<l n="38">
<seg type="word" me_root="fifti" pos="num#adj">Fifti</seg><seg type="word" me_root="sith" pos="n%pl">sythe</seg><seg type="word" me_root="ave" pos="lat_n">aue</seg><seg type="word" me_root="maria" pos="n#propn_lat">Maria</seg><seg type="word" me_root="seien" pos="v1%prp_abs">seyynge</seg>
</l>
<l n="39">
<seg type="word" me_root="honouren" pos="v%ppl">Honured</seg><seg type="word" me_root="haven" pos="v%pr_2">hast</seg><seg type="word" me_root="me" pos="pron2%obj">me</seg><seg type="word" me_root="hennes-forth" pos="adv">hensfoorth,</seg><seg type="word" me_root="ich" pos="pron%nom">I</seg><seg type="word" me_root="the" pos="pron2%obj">the</seg><seg type="word" me_root="preien" pos="v1%pr_1">pray</seg>
</l>
<l n="40">
<seg type="word" me_root="usen" pos="v%imp">Vse</seg><seg type="word" me_root="to" pos="part">to</seg><seg type="word" me_root="treblen" pos="v%inf">treble</seg><seg type="word" me_root="that" pos="pron">that</seg><seg type="word" me_root="bi" pos="prep">by</seg><seg type="word" me_root="ani" pos="gram_adj">any</seg><seg type="word" me_root="wei" pos="n">way</seg>
</l>
<l n="41">
<seg type="word" me_root="and" pos="conj">And</seg><seg type="word" me_root="to" pos="prep">to</seg><seg type="word" me_root="everi" pos="pron_gram_adj">every</seg><seg type="word" me_root="tenthe" pos="num#adj">tenthe</seg><seg type="word" me_root="ave" pos="lat_n">aue</seg><seg type="word" me_root="joinen" pos="v1%imp">joyne</seg><seg type="word" me_root="also" pos="adv">also</seg>
</l>
<l n="42">
<seg type="word" me_root="a" pos="indef_art">A</seg><seg type="word" me_root="pater-noster" pos="n">pater_noster</seg><seg type="word" me_root="don" pos="v1%imp">do</seg><seg type="word" me_root="thou" pos="pron%nom">thou</seg><seg type="word" me_root="even" pos="adv">evene</seg><seg type="word" me_root="so" pos="adv">so</seg>
</l>
</lg>
<lg type="stanza" n="7" rhyme="ababbcc">
<l n="43">
<seg type="word" me_root="the" pos="def_art">The</seg><seg type="word" me_root="first" pos="num#adj">firste</seg><seg type="word" me_root="fifti" pos="num#n">fifti</seg><seg type="word" me_root="willen" pos="v%pr_1">wole</seg><seg type="word" me_root="ich" pos="pron%nom">I</seg><seg type="word" me_root="that" pos="conj">that</seg><seg type="word" me_root="seien" pos="v1%ppl">seid</seg><seg type="word" me_root="ben" pos="v%inf">be</seg>
</l>
<l n="44">
<seg type="word" me_root="in" pos="prep">In</seg><seg type="word" me_root="the" pos="def_art">the</seg><seg type="word" me_root="memorie" pos="n">memorie</seg><seg type="word" me_root="of" pos="prep">of</seg><seg type="word" me_root="the" pos="def_art">the</seg><seg type="word" me_root="joie" pos="n">joie</seg><seg type="word" me_root="and" pos="conj">and</seg><seg type="word" me_root="honour" pos="n">honour</seg>
</l>
<l n="45">
<seg type="word" me_root="that" pos="pron_rel">That</seg><seg type="word" me_root="ich" pos="pron%nom">I</seg><seg type="word" me_root="haven" pos="v%pt_1">had</seg><seg type="word" me_root="whan" pos="adv&amp;conj">whan</seg><seg type="word" me_root="the" pos="def_art">the</seg><seg type="word" me_root="aungel" pos="n">angel</seg><seg type="word" me_root="greten" pos="v2%pt_3">grette</seg><seg type="word" me_root="me" pos="pron2%obj">me</seg>
</l>
<l n="46">
<seg type="word" me_root="which" pos="pron">Which</seg><seg type="word" me_root="ben" pos="v%pt_3">was</seg><seg type="word" me_root="righte" pos="adv">right</seg><seg type="word" me_root="a" pos="indef_art">a</seg><seg type="word" me_root="wonderful" pos="adj">wondirful</seg><seg type="word" me_root="comfortour" pos="n">confortour</seg>
</l>
<l n="47">
<seg type="word" me_root="to" pos="prep">To</seg><seg type="word" me_root="me" pos="pron2%obj">me</seg><seg type="word" me_root="whan" pos="adv&amp;conj">whan</seg><seg type="word" me_root="he" pos="pron1%nom">he</seg><seg type="word" me_root="seien" pos="v1%pt_3">seide</seg><seg type="word" me_root="the" pos="def_art">the</seg><seg type="word" me_root="redemptoure" pos="n">Redemptour</seg>
</l>
<l n="48">
<seg type="word" me_root="of" pos="prep">Of</seg><seg type="word" me_root="al" pos="gram_adj">al</seg><seg type="word" me_root="man-kinde" pos="n">mankynde</seg><seg type="word" me_root="ich" pos="pron%nom">I</seg><seg type="word" me_root="receiven" pos="v%inf">receyue</seg><seg type="word" me_root="shulen" pos="v1%pt_1">sholde</seg>
</l>
<l n="49">
<seg type="word" me_root="gret" pos="adj%sg">Greet</seg><seg type="word" me_root="ben" pos="v%pt_3">was</seg><seg type="word" me_root="min" pos="pron%gen">my</seg><seg type="word" me_root="joie" pos="n">joie</seg><seg type="word" me_root="whan" pos="adv&amp;conj">whan</seg><seg type="word" me_root="he" pos="pron1%nom">he</seg><seg type="word" me_root="so" pos="adv">so</seg><seg type="word" me_root="me" pos="pron2%obj">me</seg><seg type="word" me_root="tellen" pos="v%pt_2">tolde</seg>
</l>
</lg>
<lg type="stanza" n="8" rhyme="ababbcc">
<l n="50">
<seg type="word" me_root="thou" pos="pron%nom">Thou</seg><seg type="word" me_root="shulen" pos="v1%pr_2">shalt</seg><seg type="word" me_root="ek" pos="adv">eek</seg><seg type="word" me_root="seien" pos="v1%inf">seyn</seg><seg type="word" me_root="the" pos="def_art">the</seg><seg type="word" me_root="second" pos="num#adj">seconde</seg><seg type="word" me_root="fifti" pos="num#n">fifty</seg>
</l>
<l n="51">
<seg type="word" me_root="in" pos="prep">In</seg><seg type="word" me_root="honour" pos="n">honur</seg><seg type="word" me_root="and" pos="conj">and</seg><seg type="word" me_root="in" pos="prep">in</seg><seg type="word" me_root="minde" pos="n1">mynde</seg><seg type="word" me_root="of" pos="prep">of</seg><seg type="word" me_root="the" pos="def_art">the</seg><seg type="word" me_root="gladnesse" pos="n">gladnesse</seg>
</l>
<l n="52">
<seg type="word" me_root="that" pos="pron_rel">That</seg><seg type="word" me_root="ich" pos="pron%nom">I</seg><seg type="word" me_root="haven" pos="v%pt_1">had</seg><seg type="word" me_root="whan" pos="adv&amp;conj">whan</seg><seg type="word" me_root="ich" pos="pron%nom">I</seg><seg type="word" me_root="beren" pos="v1%pt_1">baar</seg><seg type="word" me_root="of" pos="prep">of</seg><seg type="word" me_root="min" pos="pron%gen">my</seg><seg type="word" me_root="bodi" pos="n">body</seg>
</l>
<l n="53">
<seg type="word" me_root="god" pos="n1#propn">God</seg><seg type="word" me_root="and" pos="conj">and</seg><seg type="word" me_root="man" pos="n">man</seg><seg type="word" me_root="withouten" pos="prep">withouten</seg><seg type="word" me_root="wo" pos="n">wo</seg><seg type="word" me_root="or" pos="conj">or</seg><seg type="word" me_root="duresse" pos="n">duresse</seg>
</l>
<l n="54">
<seg type="word" me_root="the" pos="def_art">The</seg><seg type="word" me_root="thrid" pos="num#adj">thridde</seg><seg type="word" me_root="fifti" pos="num#n">fifty</seg><seg type="word" me_root="in" pos="prep">in</seg><seg type="word" me_root="thin" pos="pron%gen">thyn</seg><seg type="word" me_root="herte" pos="n">herte</seg><seg type="word" me_root="impressen" pos="v%imp">impresse</seg>
</l>
<l n="55">
<seg type="word" me_root="and" pos="conj">And</seg><seg type="word" me_root="seien" pos="v1%imp">seye</seg><seg type="word" me_root="hit" pos="pron">it</seg><seg type="word" me_root="ek" pos="adv">eek</seg><seg type="word" me_root="with" pos="prep">with</seg><seg type="word" me_root="god" pos="adj">good</seg><seg type="word" me_root="devocioun" pos="n">devocioun</seg>
</l>
<l n="56">
<seg type="word" me_root="in" pos="prep">In</seg><seg type="word" me_root="the" pos="def_art">the</seg><seg type="word" me_root="memorie" pos="n">memorie</seg><seg type="word" me_root="of" pos="prep">of</seg><seg type="word" me_root="min" pos="pron%gen">myn</seg><seg type="word" me_root="assumpcioun" pos="n">assumpcioun</seg>
</l>
</lg>
<lg type="stanza" n="9" rhyme="ababbcc">
<l n="57">
<seg type="word" me_root="whan" pos="adv&amp;conj">Whan</seg><seg type="word" me_root="that" pos="part">that</seg><seg type="word" me_root="ich" pos="pron%nom">I</seg><seg type="word" me_root="ben" pos="v%pt_1">was</seg><seg type="word" me_root="corounen" pos="v1%ppl">coroned</seg><seg type="word" me_root="quene" pos="n2">queene</seg><seg type="word" me_root="of" pos="prep">of</seg><seg type="word" me_root="heven" pos="n">heuene</seg>
</l>
<l n="58">
<seg type="word" me_root="in" pos="prep">In</seg><seg type="word" me_root="which" pos="pron">which</seg><seg type="word" me_root="min" pos="pron%gen">my</seg><seg type="word" me_root="sone" pos="n">sone</seg><seg type="word" me_root="regnen" pos="v%pr_3">regneth</seg><seg type="word" me_root="and" pos="conj">and</seg><seg type="word" me_root="shulen" pos="v1%pr_1">shal</seg><seg type="word" me_root="ai" pos="adv">ay</seg>
</l>
<l n="59">
<seg type="word" me_root="al" pos="gram_adj">Al</seg><seg type="word" me_root="this" pos="pron">this</seg><seg type="word" me_root="ben" pos="v%pt_1">was</seg><seg type="word" me_root="don" pos="v1%ppl">doon</seg><seg type="word" me_root="that" pos="pron_rel">that</seg><seg type="word" me_root="ich" pos="pron%nom">I</seg><seg type="word" me_root="speken" pos="v%pr_1">speke</seg><seg type="word" me_root="of" pos="prep">of</seg><seg type="word" me_root="and" pos="conj">and</seg><seg type="word" me_root="menen" pos="v1%pr_1">meene</seg>
</l>
<l n="60">
<seg type="word" me_root="as" pos="conj">As</seg><seg type="word" me_root="the" pos="def_art">the</seg><seg type="word" me_root="bok" pos="n1">book</seg><seg type="word" me_root="seien" pos="v1%pr_3">seith</seg><seg type="word" me_root="upon" pos="prep">vpon</seg><seg type="word" me_root="a" pos="indef_art">an</seg><seg type="word" me_root="hali-dai" pos="n">halyday</seg>
</l>
<l n="61">
<seg type="word" me_root="and" pos="conj">And</seg><seg type="word" me_root="thanne" pos="adv">than</seg><seg type="word" me_root="seien" pos="v1%pt_3">seide</seg><seg type="word" me_root="oure" pos="pron%gen">our</seg><seg type="word" me_root="ladie" pos="n">lady</seg><seg type="word" me_root="the" pos="def_art">the</seg><seg type="word" me_root="glorious" pos="adj">glorious</seg><seg type="word" me_root="mai" pos="n1">May</seg>
</l>
<l n="62">
<seg type="word" me_root="the" pos="def_art">The</seg><seg type="word" me_root="nexte" pos="adj">nexte</seg><seg type="word" me_root="hali-dai" pos="n">halyday</seg><seg type="word" me_root="willen" pos="v%pr_1">wole</seg><seg type="word" me_root="ich" pos="pron%nom">I</seg><seg type="word" me_root="resorten" pos="v%inf">resorte</seg>
</l>
<l n="63">
<seg type="word" me_root="to" pos="prep">To</seg><seg type="word" me_root="this" pos="gram_adj">this</seg><seg type="word" me_root="place" pos="n">place</seg><seg type="word" me_root="the" pos="pron2%obj">thee</seg><seg type="word" me_root="to" pos="part">to</seg><seg type="word" me_root="gladen" pos="v%inf">glade</seg><seg type="word" me_root="and" pos="conj">and</seg><seg type="word" me_root="comforten" pos="v%inf">confort</seg>
</l>
</lg>
<lg type="stanza" n="10" rhyme="ababbcc">
<l n="64">
<seg type="word" me_root="and" pos="conj">And</seg><seg type="word" me_root="ther-with" pos="adv">therwith</seg><seg type="word" me_root="al" pos="gram_adj">al</seg><seg type="word" me_root="from" pos="prep">fro</seg><seg type="word" me_root="thennes" pos="adv">thens</seg><seg type="word" me_root="departen" pos="v%pt_3">departed</seg><seg type="word" me_root="she" pos="pron%nom">shee</seg>
</l>
<l n="65">
<seg type="word" me_root="the" pos="def_art">The</seg><seg type="word" me_root="monk" pos="n">Monk</seg><seg type="word" me_root="in" pos="prep">in</seg><seg type="word" me_root="his" pos="pron1%gen">his</seg><seg type="word" me_root="devocioun" pos="n">devocion</seg><seg type="word" me_root="dwellen" pos="v%prp_abs">dwellynge</seg>
</l>
<l n="66">
<seg type="word" me_root="and" pos="conj">And</seg><seg type="word" me_root="everi" pos="pron_gram_adj">every</seg><seg type="word" me_root="dai" pos="n">day</seg><seg type="word" me_root="ave" pos="lat_n">aue</seg><seg type="word" me_root="maria" pos="n#propn_lat">Maria</seg><seg type="word" me_root="he" pos="pron1%nom">he</seg>
</l>
<l n="67">
<seg type="word" me_root="seien" pos="v1%pt_3">Seide</seg><seg type="word" me_root="after" pos="prep">aftir</seg><seg type="word" me_root="hire" pos="pron1%fem_gen">hir</seg><seg type="word" me_root="doctrine" pos="n">doctryne</seg><seg type="word" me_root="and" pos="conj">and</seg><seg type="word" me_root="enfourming" pos="ger">enformynge</seg>
</l>
<l n="68">
<seg type="word" me_root="and" pos="conj">And</seg><seg type="word" me_root="the" pos="def_art">the</seg><seg type="word" me_root="nexte" pos="adj">nexte</seg><seg type="word" me_root="hali-dai" pos="n">haliday</seg><seg type="word" me_root="after" pos="adv">aftir</seg><seg type="word" me_root="seuen" pos="v1%prp_abs">suynge</seg>
</l>
<l n="69">
<seg type="word" me_root="oure" pos="pron%gen">Our</seg><seg type="word" me_root="ladie" pos="n">lady</seg><seg type="word" me_root="freshli" pos="adv">fresshly</seg><seg type="word" me_root="arraien" pos="v%ppl_abs">arraied</seg><seg type="word" me_root="and" pos="conj">and</seg><seg type="word" me_root="wel" pos="adv">wel</seg>
</l>
<l n="70">
<seg type="word" me_root="to" pos="prep">To</seg><seg type="word" me_root="the" pos="def_art">the</seg><seg type="word" me_root="monk" pos="n">Monk</seg><seg type="word" me_root="comen" pos="v%pt_3">cam</seg><seg type="word" me_root="ben" pos="v%prp_abs">beynge</seg><seg type="word" me_root="in" pos="prep">in</seg><seg type="word" me_root="that" pos="art&amp;gram_adj">that</seg><seg type="word" me_root="chapele" pos="n">chapel</seg>
</l>
</lg>
<lg type="stanza" n="11" rhyme="ababbcc">
<l n="71">
<seg type="word" me_root="and" pos="conj">And</seg><seg type="word" me_root="unto" pos="prep">vnto</seg><seg type="word" me_root="him" pos="pron%obj">him</seg><seg type="word" me_root="seien" pos="v1%pt_3">seide</seg><seg type="word" me_root="biholden" pos="v%imp">beholde</seg><seg type="word" me_root="nou" pos="adv">now</seg>
</l>
<l n="72">
<seg type="word" me_root="hou" pos="adv&amp;conj">How</seg><seg type="word" me_root="god" pos="adj">good</seg><seg type="word" me_root="clothing" pos="ger">clothyng</seg><seg type="word" me_root="and" pos="conj">and</seg><seg type="word" me_root="hou" pos="adv&amp;conj">how</seg><seg type="word" me_root="fresh" pos="adj">fressh</seg><seg type="word" me_root="appareil" pos="n">apparaille</seg>
</l>
<l n="73">
<seg type="word" me_root="that" pos="pron_rel">That</seg><seg type="word" me_root="this" pos="gram_adj">this</seg><seg type="word" me_root="weke" pos="n">wyke</seg><seg type="word" me_root="to" pos="prep">to</seg><seg type="word" me_root="me" pos="pron2%obj">me</seg><seg type="word" me_root="yeven" pos="v%ppl">youen</seg><seg type="word" me_root="haven" pos="v%pr_2">hast</seg><seg type="word" me_root="thou" pos="pron%nom">thou</seg>
</l>
<l n="74">
<seg type="word" me_root="sleve" pos="n%pl">Sleeues</seg><seg type="word" me_root="to" pos="prep">to</seg><seg type="word" me_root="min" pos="pron%gen">my</seg><seg type="word" me_root="clothing" pos="ger">clothynge</seg><seg type="word" me_root="nou" pos="adv">now</seg><seg type="word" me_root="not" pos="adv">nat</seg><seg type="word" me_root="failen" pos="v%imp">faille</seg>
</l>
<l n="75">
<seg type="word" me_root="the" pos="pron2%obj">Thee</seg><seg type="word" me_root="thanken" pos="v%pr_1">thanke</seg><seg type="word" me_root="ich" pos="pron%nom">I</seg><seg type="word" me_root="and" pos="conj">and</seg><seg type="word" me_root="ful" pos="adv">ful</seg><seg type="word" me_root="wel" pos="adv">wel</seg><seg type="word" me_root="for" pos="prep">for</seg><seg type="word" me_root="thin" pos="pron%gen">thy</seg><seg type="word" me_root="travail" pos="n">trauaille</seg>
</l>
<l n="76">
<seg type="word" me_root="shulen" pos="v1%pr_2">Shalt</seg><seg type="word" me_root="thou" pos="pron%nom">thou</seg><seg type="word" me_root="ben" pos="v%inf">be</seg><seg type="word" me_root="quiten" pos="v%ppl">qwit</seg><seg type="word" me_root="her" pos="adv">heer</seg><seg type="word" me_root="in" pos="prep">in</seg><seg type="word" me_root="this" pos="gram_adj">this</seg><seg type="word" me_root="lif" pos="n">lyf</seg><seg type="word" me_root="presente" pos="adj">present</seg>
</l>
<l n="77">
<seg type="word" me_root="and" pos="conj">And</seg><seg type="word" me_root="in" pos="prep">in</seg><seg type="word" me_root="that" pos="art&amp;gram_adj">that</seg><seg type="word" me_root="other" pos="pron">othir</seg><seg type="word" me_root="whan" pos="adv&amp;conj">whan</seg><seg type="word" me_root="thou" pos="pron%nom">thou</seg><seg type="word" me_root="hennes" pos="adv">hens</seg><seg type="word" me_root="ben" pos="v%pr_2">art</seg><seg type="word" me_root="wenden" pos="v%ppl">went</seg>
</l>
</lg>
<lg type="stanza" n="12" rhyme="ababbcc">
<l n="78">
<seg type="word" me_root="walken" pos="v1%imp">Walke</seg><seg type="word" me_root="nou" pos="adv">now</seg><seg type="word" me_root="and" pos="conj">and</seg><seg type="word" me_root="gon" pos="v%imp">go</seg><seg type="word" me_root="hom" pos="adv">hoom</seg><seg type="word" me_root="unto" pos="prep">vnto</seg><seg type="word" me_root="abbeie" pos="n_art">thabbeye</seg>
</l>
<l n="79">
<seg type="word" me_root="whan" pos="adv&amp;conj">Whan</seg><seg type="word" me_root="thou" pos="pron%nom">thou</seg><seg type="word" me_root="comen" pos="v%pr_2">comst,</seg><seg type="word" me_root="abbot" pos="n">abbot</seg><seg type="word" me_root="shulen" pos="v1%pr_2">shalt</seg><seg type="word" me_root="thou" pos="pron%nom">thou</seg><seg type="word" me_root="chesen" pos="v%ppl">chosen</seg><seg type="word" me_root="ben" pos="v%inf">be</seg>
</l>
<l n="80">
<seg type="word" me_root="and" pos="conj">And</seg><seg type="word" me_root="the" pos="def_art">the</seg><seg type="word" me_root="covent" pos="n">covent</seg><seg type="word" me_root="techen" pos="v%pr_2">teche</seg><seg type="word" me_root="thou" pos="pron%nom">thou</seg><seg type="word" me_root="forto" pos="part">forto</seg><seg type="word" me_root="to" pos="part">to</seg><seg type="word" me_root="seien" pos="v1%inf">seye</seg>
</l>
<l n="81">
<seg type="word" me_root="min" pos="pron%gen">My</seg><seg type="word" me_root="sauter" pos="n">psalter</seg><seg type="word" me_root="as" pos="conj">as</seg><seg type="word" me_root="biforen" pos="adv">byforn</seg><seg type="word" me_root="techen" pos="v%ppl">taght</seg><seg type="word" me_root="haven" pos="v%pr_1">have</seg><seg type="word" me_root="ich" pos="pron%nom">I</seg><seg type="word" me_root="the" pos="pron2%obj">thee</seg>
</l>
<l n="82">
<seg type="word" me_root="the" pos="def_art">The</seg><seg type="word" me_root="peple" pos="n">peple</seg><seg type="word" me_root="also" pos="adv">also</seg><seg type="word" me_root="thou" pos="pron%nom">thou</seg><seg type="word" me_root="shulen" pos="v1%pr_2">shalt</seg><seg type="word" me_root="in" pos="prep">in</seg><seg type="word" me_root="generalte" pos="n">generaltee</seg>
</l>
<l n="83">
<seg type="word" me_root="the" pos="def_art">The</seg><seg type="word" me_root="same" pos="gram_adj">same</seg><seg type="word" me_root="lessoun" pos="n">lessoun</seg><seg type="word" me_root="to" pos="prep">to</seg><seg type="word" me_root="min" pos="pron%gen">myn</seg><seg type="word" me_root="honour" pos="n">honur</seg><seg type="word" me_root="techen" pos="v%inf">teche</seg>
</l>
<l n="84">
<seg type="word" me_root="and" pos="conj">And</seg><seg type="word" me_root="in" pos="prep">in</seg><seg type="word" me_root="here" pos="pron%pl_gen">hire</seg><seg type="word" me_root="hurt" pos="n%pl">hurtes</seg><seg type="word" me_root="willen" pos="v%pr_1">wole</seg><seg type="word" me_root="ich" pos="pron%nom">I</seg><seg type="word" me_root="ben" pos="v%inf">been</seg><seg type="word" me_root="here" pos="pron%pl_gen">hir</seg><seg type="word" me_root="leche" pos="n3">leche</seg>
</l>
</lg>
<lg type="stanza" n="13" rhyme="ababbcc">
<l n="85">
<seg type="word" me_root="seven" pos="num#adj">Seuene</seg><seg type="word" me_root="yer" pos="n%pl">yeer</seg><seg type="word" me_root="liven" pos="v1%inf">lyve</seg><seg type="word" me_root="shulen" pos="v1%pr_2">shalt</seg><seg type="word" me_root="thou" pos="pron%nom">thou</seg><seg type="word" me_root="forto" pos="part">forto</seg><seg type="word" me_root="to" pos="part">to</seg><seg type="word" me_root="don" pos="v1%inf">do</seg>
</l>
<l n="86">
<seg type="word" me_root="this" pos="gram_adj">This</seg><seg type="word" me_root="charge" pos="n">charge</seg><seg type="word" me_root="and" pos="conj">and</seg><seg type="word" me_root="whan" pos="adv&amp;conj">whan</seg><seg type="word" me_root="tho" pos="gram_adj%pl">tho</seg><seg type="word" me_root="yer" pos="n%pl">yeeres</seg><seg type="word" me_root="ben" pos="v%pr_pl">been</seg><seg type="word" me_root="agon" pos="v%ppl">agoon</seg>
</l>
<l n="87">
<seg type="word" me_root="thou" pos="pron%nom">Thou</seg><seg type="word" me_root="passen" pos="v%inf">passe</seg><seg type="word" me_root="shulen" pos="v1%pr_2">shalt</seg><seg type="word" me_root="hennes" pos="adv">hens</seg><seg type="word" me_root="and" pos="conj">and</seg><seg type="word" me_root="me" pos="pron2%obj">me</seg><seg type="word" me_root="comen" pos="v%inf">come</seg><seg type="word" me_root="unto" pos="prep">vnto</seg>
</l>
<l n="88">
<seg type="word" me_root="and" pos="conj">And</seg><seg type="word" me_root="of" pos="prep">of</seg><seg type="word" me_root="this" pos="pron">this</seg><seg type="word" me_root="doute" pos="n">doute</seg><seg type="word" me_root="haven" pos="v%imp">have</seg><seg type="word" me_root="thou" pos="pron%nom">thou</seg><seg type="word" me_root="righte" pos="adv">right</seg><seg type="word" me_root="non" pos="pron">noon</seg>
</l>
<l n="89">
<seg type="word" me_root="bi" pos="prep">By</seg><seg type="word" me_root="min" pos="pron%gen">my</seg><seg type="word" me_root="sauter" pos="n">psalter</seg><seg type="word" me_root="shulen" pos="v1%pr_3">shal</seg><seg type="word" me_root="ther" pos="adv">ther</seg><seg type="word" me_root="ben" pos="v%inf">be</seg><seg type="word" me_root="mani" pos="gram_adj">many</seg><seg type="word" me_root="on" pos="pron">oon</seg>
</l>
<l n="90">
<seg type="word" me_root="saven" pos="v%ppl">Saued</seg><seg type="word" me_root="and" pos="conj">and</seg><seg type="word" me_root="haven" pos="v%pt_3">had</seg><seg type="word" me_root="up" pos="adv">vp</seg><seg type="word" me_root="to" pos="prep">to</seg><seg type="word" me_root="eternal" pos="adj">eternel</seg><seg type="word" me_root="blisse" pos="n">blisse</seg>
</l>
<l n="91">
<seg type="word" me_root="that" pos="pron_rel">That</seg><seg type="word" me_root="if" pos="conj">if</seg><seg type="word" me_root="that" pos="pron">that</seg><seg type="word" me_root="ben" pos="v%pt_3_neg">nere</seg><seg type="word" me_root="shulen" pos="v1%pt_pl">sholden</seg><seg type="word" me_root="ther-of" pos="adv">thereof</seg><seg type="word" me_root="missen" pos="v1%inf">misse</seg>
</l>
</lg>
<lg type="stanza" n="14" rhyme="ababbcc">
<l n="92">
<seg type="word" me_root="whan" pos="adv&amp;conj">Whan</seg><seg type="word" me_root="she" pos="pron%nom">shee</seg><seg type="word" me_root="haven" pos="v%pt_3">had</seg><seg type="word" me_root="seien" pos="v1%ppl">seid</seg><seg type="word" me_root="what" pos="pron">what</seg><seg type="word" me_root="liken" pos="v1%pt_3">lykid</seg><seg type="word" me_root="hire" pos="pron2%fem_obj">hire</seg><seg type="word" me_root="to" pos="part">to</seg><seg type="word" me_root="seien" pos="v1%inf">seye</seg>
</l>
<l n="93">
<seg type="word" me_root="she" pos="pron%nom">Shee</seg><seg type="word" me_root="up" pos="adv">vp</seg><seg type="word" me_root="to" pos="prep">to</seg><seg type="word" me_root="heven" pos="n">heuene</seg><seg type="word" me_root="ascenden" pos="v%pt_3">ascendid</seg><seg type="word" me_root="up" pos="adv">vp</seg><seg type="word" me_root="and" pos="conj">and</seg><seg type="word" me_root="stien" pos="v%pt_3">sty</seg>
</l>
<l n="94">
<seg type="word" me_root="and" pos="conj">And</seg><seg type="word" me_root="sone" pos="adv">soone</seg><seg type="word" me_root="after" pos="adv">aftir</seg><seg type="word" me_root="abbot" pos="n">abbot</seg><seg type="word" me_root="of" pos="prep">of</seg><seg type="word" me_root="that" pos="art&amp;gram_adj">that</seg><seg type="word" me_root="abbeie" pos="n">abbeye</seg>
</l>
<l n="95">
<seg type="word" me_root="he" pos="pron1%nom">He</seg><seg type="word" me_root="maken" pos="v1%ppl">maad</seg><seg type="word" me_root="ben" pos="v%pt_3">was</seg><seg type="word" me_root="as" pos="conj">as</seg><seg type="word" me_root="that" pos="part">that</seg><seg type="word" me_root="tellen" pos="v%pt_3">tolde</seg><seg type="word" me_root="him" pos="pron%obj">him</seg><seg type="word" me_root="oure" pos="pron%gen">our</seg><seg type="word" me_root="ladie" pos="n">lady</seg>
</l>
<l n="96">
<seg type="word" me_root="the" pos="def_art">The</seg><seg type="word" me_root="covent" pos="n">covent</seg><seg type="word" me_root="and" pos="conj">and</seg><seg type="word" me_root="the" pos="def_art">the</seg><seg type="word" me_root="peple" pos="n">peple</seg><seg type="word" me_root="devoutli" pos="adv">devoutly</seg>
</l>
<l n="97">
<seg type="word" me_root="this" pos="gram_adj">This</seg><seg type="word" me_root="monk" pos="n">Monk</seg><seg type="word" me_root="enfourmen" pos="v%pt_3">enformed</seg><seg type="word" me_root="and" pos="conj">and</seg><seg type="word" me_root="techen" pos="v%pt_3">taghte</seg><seg type="word" me_root="hire" pos="pron1%fem_gen">hir</seg><seg type="word" me_root="sauter" pos="n">psalteer</seg>
</l>
<l n="98">
<seg type="word" me_root="forto" pos="part">Forto</seg><seg type="word" me_root="to" pos="part">to</seg><seg type="word" me_root="ben" pos="v%inf">be</seg><seg type="word" me_root="seien" pos="v1%ppl">seid</seg><seg type="word" me_root="after" pos="prep">aftir</seg><seg type="word" me_root="that" pos="art&amp;gram_adj">that</seg><seg type="word" me_root="vije" pos="num_rom">Vije.</seg><seg type="word" me_root="yer" pos="n">yeer</seg>
</l>
</lg>
<lg type="stanza" n="15" rhyme="ababbcc">
<l n="99">
<seg type="word" me_root="tho" pos="gram_adj%pl">Tho</seg><seg type="word" me_root="yer" pos="n%pl">yeeres</seg><seg type="word" me_root="passed" pos="ppl#adj">past</seg><seg type="word" me_root="his" pos="pron1%gen">his</seg><seg type="word" me_root="soule" pos="n">soule</seg><seg type="word" me_root="ben" pos="v%pt_3">was</seg><seg type="word" me_root="bitechen" pos="v%ppl">betaght</seg>
</l>
<l n="100">
<seg type="word" me_root="to" pos="prep">To</seg><seg type="word" me_root="god" pos="n1#propn">God,</seg><seg type="word" me_root="he" pos="pron1%nom">he</seg><seg type="word" me_root="heven" pos="n">heuene</seg><seg type="word" me_root="haven" pos="v%pt_3">had</seg><seg type="word" me_root="unto" pos="prep">vnto</seg><seg type="word" me_root="his" pos="pron1%gen">his</seg><seg type="word" me_root="mede" pos="n4">meede</seg>
</l>
<l n="101">
<seg type="word" me_root="who" pos="pron%nom">Who</seg><seg type="word" me_root="serven" pos="v1%pr_3">serueth</seg><seg type="word" me_root="oure" pos="pron%gen">our</seg><seg type="word" me_root="ladie" pos="n">lady</seg><seg type="word" me_root="lesen" pos="v4%pr_3">leesith</seg><seg type="word" me_root="righte" pos="adv">right</seg><seg type="word" me_root="nought" pos="adv">naght</seg>
</l>
<l n="102">
<seg type="word" me_root="she" pos="pron%nom">Shee</seg><seg type="word" me_root="suffisauntli" pos="adv">souffissantly</seg><seg type="word" me_root="quiten" pos="v%pr_3">qwytith</seg><seg type="word" me_root="everi" pos="pron_gram_adj">every</seg><seg type="word" me_root="dede" pos="n">deede</seg>
</l>
<l n="103">
<seg type="word" me_root="and" pos="conj">And</seg><seg type="word" me_root="nou" pos="adv">now</seg><seg type="word" me_root="her-after" pos="adv">heeraftir</seg><seg type="word" me_root="the" pos="def_art">the</seg><seg type="word" me_root="bettre" pos="adv%comp">bettre</seg><seg type="word" me_root="to" pos="part">to</seg><seg type="word" me_root="speden" pos="v%inf">speede</seg>
</l>
<l n="104">
<seg type="word" me_root="and" pos="conj">And</seg><seg type="word" me_root="in" pos="prep">in</seg><seg type="word" me_root="hire" pos="pron1%fem_gen">hir</seg><seg type="word" me_root="grace" pos="n">grace</seg><seg type="word" me_root="cherli" pos="adv">cheerly</seg><seg type="word" me_root="forto" pos="part">forto</seg><seg type="word" me_root="to" pos="part">to</seg><seg type="word" me_root="stonden" pos="v1%inf">stonde</seg>
</l>
<l n="105">
<seg type="word" me_root="hire" pos="pron1%fem_gen">Hir</seg><seg type="word" me_root="sauter" pos="n">psalteer</seg><seg type="word" me_root="forto" pos="part">forto</seg><seg type="word" me_root="to" pos="part">to</seg><seg type="word" me_root="seien" pos="v1%inf">seye</seg><seg type="word" me_root="leten" pos="v%imp">let</seg><seg type="word" me_root="us" pos="pron%pl_obj">vs</seg><seg type="word" me_root="fonden" pos="v%inf">fonde</seg>
</l>
</lg>
<!-- <lg type="stanza" n="16" rhyme="ababbcc">
<l n="0">

</l>
<l n="103">
<seg type="word" me_root="and" pos="conj">And</seg><seg type="word" me_root="nou" pos="adv">now</seg><seg type="word" me_root="her-after" pos="adv">heeraftir</seg><seg type="word" me_root="the" pos="def_art">the</seg><seg type="word" me_root="bettre" pos="adv%comp">bettre</seg><seg type="word" me_root="to" pos="part">to</seg><seg type="word" me_root="speden" pos="v%inf">speede</seg>
</l>
<l n="104">
<seg type="word" me_root="and" pos="conj">And</seg><seg type="word" me_root="in" pos="prep">in</seg><seg type="word" me_root="hire" pos="pron1%fem_gen">hir</seg><seg type="word" me_root="grace" pos="n">grace</seg><seg type="word" me_root="cherli" pos="adv">cheerly</seg><seg type="word" me_root="forto" pos="part">forto</seg><seg type="word" me_root="to" pos="part">to</seg><seg type="word" me_root="stonden" pos="v1%inf">stonde</seg>
</l>
<l n="105">
<seg type="word" me_root="hire" pos="pron1%fem_gen">Hir</seg><seg type="word" me_root="sauter" pos="n">psalteer</seg><seg type="word" me_root="forto" pos="part">forto</seg><seg type="word" me_root="to" pos="part">to</seg><seg type="word" me_root="seien" pos="v1%inf">seye</seg><seg type="word" me_root="leten" pos="v%imp">let</seg><seg type="word" me_root="u" pos="vs{*u">vs</seg>
</l>
</lg> -->
</poem>
