<?xml version="1.0" encoding="UTF-8"?>
<poem id="06-hoc">
<lg type="stanza" n="1" rhyme="ababbcbc">
<l n="1">
<seg type="word" me_root="ye" pos="pron%pl%nom">Yee</seg><seg type="word" me_root="lord" pos="n%pl">lordes</seg><seg type="word" me_root="ek" pos="adv">eek</seg><seg type="word" me_root="shinen" pos="v%prp_abs">shynynge</seg><seg type="word" me_root="in" pos="prep">in</seg><seg type="word" me_root="noble" pos="adj">noble</seg><seg type="word" me_root="fame" pos="n1">fame</seg>
</l>
<l n="2">
<seg type="word" me_root="to" pos="prep">To</seg><seg type="word" me_root="which" pos="pron">whiche</seg><seg type="word" me_root="appropren" pos="v%ppl">appropred</seg><seg type="word" me_root="ben" pos="v%pr_3">is</seg><seg type="word" me_root="the" pos="def_art">the</seg><seg type="word" me_root="maintenaunce" pos="n">maintenance</seg>
</l>
<l n="3">
<seg type="word" me_root="of" pos="prep">Of</seg><seg type="word" me_root="crist" pos="n#propn%gen">Crystes</seg><seg type="word" me_root="cause" pos="n">cause</seg><seg type="word" me_root="in" pos="prep">in</seg><seg type="word" me_root="honour" pos="n">honour</seg><seg type="word" me_root="of" pos="prep">of</seg><seg type="word" me_root="his" pos="pron1%gen">his</seg><seg type="word" me_root="name" pos="n">name</seg>
</l>
<l n="4">
<seg type="word" me_root="shouven" pos="v%imp">Shoue</seg><seg type="word" me_root="on" pos="adv2">on</seg><seg type="word" me_root="and" pos="conj">and</seg><seg type="word" me_root="putten" pos="v%imp">putte</seg><seg type="word" me_root="his" pos="pron1%gen">his</seg><seg type="word" me_root="fo" pos="n%pl">foos</seg><seg type="word" me_root="to" pos="prep">to</seg><seg type="word" me_root="the" pos="def_art">the</seg><seg type="word" me_root="outraunce" pos="n2">outraunce</seg>
</l>
<l n="5">
<seg type="word" me_root="god" pos="n1#propn">God</seg><seg type="word" me_root="willen" pos="v%pt_3">wolde</seg><seg type="word" me_root="so" pos="adv">so</seg><seg type="word" me_root="so" pos="adv">so</seg><seg type="word" me_root="willen" pos="v%pt_3">wolde</seg><seg type="word" me_root="ek" pos="adv">eek</seg><seg type="word" me_root="your" pos="pron%pl_gen">your</seg><seg type="word" me_root="ligeaunce" pos="n">ligeance</seg>
</l>
<l n="6">
<seg type="word" me_root="to" pos="prep">To</seg><seg type="word" me_root="tho" pos="gram_adj%pl">tho</seg><seg type="word" me_root="two" pos="num#n">two</seg><seg type="word" me_root="priken" pos="v%imp">prikkith</seg><seg type="word" me_root="you" pos="pron%pl_obj">yow</seg><seg type="word" me_root="your" pos="pron%pl_gen">your</seg><seg type="word" me_root="duete" pos="n">duetee</seg>
</l>
<l n="7">
<seg type="word" me_root="who-so" pos="pron%nom">Whoso</seg><seg type="word" me_root="not" pos="adv">nat</seg><seg type="word" me_root="kepen" pos="v%pr_3">keepith</seg><seg type="word" me_root="this" pos="gram_adj">this</seg><seg type="word" me_root="double" pos="adj">double</seg><seg type="word" me_root="observaunce" pos="n">obseruance</seg>
</l>
<l n="8">
<seg type="word" me_root="of" pos="prep">Of</seg><seg type="word" me_root="merite" pos="n">meryt</seg><seg type="word" me_root="and" pos="conj">and</seg><seg type="word" me_root="honour" pos="n">honour</seg><seg type="word" me_root="naked" pos="adj">nakid</seg><seg type="word" me_root="ben" pos="v%pr_3">is</seg><seg type="word" me_root="he" pos="pron1%nom">he</seg>
</l>
</lg>
<lg type="stanza" n="2" rhyme="ababbcbc">
<l n="9">
<seg type="word" me_root="your" pos="pron%pl_gen">Your</seg><seg type="word" me_root="stile" pos="n2">style</seg><seg type="word" me_root="seien" pos="v1%pr_3">seith</seg><seg type="word" me_root="that" pos="conj">that</seg><seg type="word" me_root="ye" pos="pron%pl%nom">yee</seg><seg type="word" me_root="ben" pos="v%pr_pl">been</seg><seg type="word" me_root="fo" pos="n%pl">foos</seg><seg type="word" me_root="to" pos="prep">to</seg><seg type="word" me_root="shame" pos="n">shame</seg>
</l>
<l n="10">
<seg type="word" me_root="nou" pos="adv">Now</seg><seg type="word" me_root="kithen" pos="v%imp">kythe</seg><seg type="word" me_root="of" pos="prep">of</seg><seg type="word" me_root="your" pos="pron%pl_gen">your</seg><seg type="word" me_root="feith" pos="n">feith</seg><seg type="word" me_root="the" pos="def_art">the</seg><seg type="word" me_root="perseveraunce" pos="n1">perseuerance</seg>
</l>
<l n="11">
<seg type="word" me_root="in" pos="prep">In</seg><seg type="word" me_root="which" pos="pron">which</seg><seg type="word" me_root="a" pos="indef_art">an</seg><seg type="word" me_root="hep" pos="n">heep</seg><seg type="word" me_root="of" pos="prep">of</seg><seg type="word" me_root="us" pos="pron%pl_obj">vs</seg><seg type="word" me_root="ben" pos="v%pr_pl">arn</seg><seg type="word" me_root="halt" pos="adj">halt</seg><seg type="word" me_root="and" pos="conj">and</seg><seg type="word" me_root="lame" pos="adj">lame</seg>
</l>
<l n="12">
<seg type="word" me_root="oure" pos="pron%gen">Our</seg><seg type="word" me_root="cristen" pos="adj">cristen</seg><seg type="word" me_root="king" pos="n">kyng</seg><seg type="word" me_root="of" pos="prep">of</seg><seg type="word" me_root="engelond" pos="n#propn">Engeland</seg><seg type="word" me_root="and" pos="conj">and</seg><seg type="word" me_root="fraunce" pos="n#propn">France</seg>
</l>
<l n="13">
<seg type="word" me_root="and" pos="conj">And</seg><seg type="word" me_root="ye" pos="pron%pl%nom">yee</seg><seg type="word" me_root="min" pos="pron%gen">my</seg><seg type="word" me_root="lord" pos="n%pl">lordes</seg><seg type="word" me_root="with" pos="prep">with</seg><seg type="word" me_root="your" pos="pron%pl_gen">your</seg><seg type="word" me_root="alliaunce" pos="n">alliance</seg>
</l>
<l n="14">
<seg type="word" me_root="and" pos="conj">And</seg><seg type="word" me_root="other" pos="gram_adj">othir</seg><seg type="word" me_root="feithful" pos="adj">feithful</seg><seg type="word" me_root="peple" pos="n">peple</seg><seg type="word" me_root="that" pos="pron_rel">that</seg><seg type="word" me_root="ther" pos="adv">ther</seg><seg type="word" me_root="ben" pos="v%pr_3">be</seg>
</l>
<l n="15">
<seg type="word" me_root="trusten" pos="v%pr_1">Truste</seg><seg type="word" me_root="ich" pos="pron%nom">I</seg><seg type="word" me_root="to" pos="prep">to</seg><seg type="word" me_root="god" pos="n1#propn">God,</seg><seg type="word" me_root="shulen" pos="v1%pr_pl">shul</seg><seg type="word" me_root="quenchen" pos="v%inf">qwenche</seg><seg type="word" me_root="al" pos="gram_adj">al</seg><seg type="word" me_root="this" pos="gram_adj">this</seg><seg type="word" me_root="noisaunce" pos="n">nusance</seg>
</l>
<l n="16">
<seg type="word" me_root="and" pos="conj">And</seg><seg type="word" me_root="this" pos="gram_adj">this</seg><seg type="word" me_root="lond" pos="n">land</seg><seg type="word" me_root="setten" pos="v%inf">sette</seg><seg type="word" me_root="in" pos="prep">in</seg><seg type="word" me_root="heigh" pos="adj">hy</seg><seg type="word" me_root="prosperite" pos="n">prosperitee</seg>
</l>
</lg>
<lg type="stanza" n="3" rhyme="ababbcbc">
<l n="17">
<seg type="word" me_root="conqueste" pos="n">Conqueste</seg><seg type="word" me_root="of" pos="prep">of</seg><seg type="word" me_root="heigh" pos="adj">hy</seg><seg type="word" me_root="prouesse" pos="n">prowesse</seg><seg type="word" me_root="ben" pos="v%pr_3">is</seg><seg type="word" me_root="forto" pos="part">forto</seg><seg type="word" me_root="to" pos="part">to</seg><seg type="word" me_root="tamen" pos="v1%inf">tame</seg>
</l>
<l n="18">
<seg type="word" me_root="the" pos="def_art">The</seg><seg type="word" me_root="wilde" pos="adj">wylde</seg><seg type="word" me_root="wodnesse" pos="n">woodnesse</seg><seg type="word" me_root="of" pos="prep">of</seg><seg type="word" me_root="this" pos="gram_adj">this</seg><seg type="word" me_root="miscreaunce" pos="n">mescreance</seg>
</l>
<l n="19">
<seg type="word" me_root="righte" pos="adv">Right</seg><seg type="word" me_root="to" pos="prep">to</seg><seg type="word" me_root="the" pos="def_art">the</seg><seg type="word" me_root="rote" pos="n4">roote</seg><seg type="word" me_root="ripen" pos="v1%imp[??]">rype</seg><seg type="word" me_root="ye" pos="pron%pl%nom">yee</seg><seg type="word" me_root="that" pos="art&amp;gram_adj">that</seg><seg type="word" me_root="same" pos="pron">same</seg>
</l>
<l n="20">
<seg type="word" me_root="slepen" pos="v%imp">Sleepe</seg><seg type="word" me_root="not" pos="adv">nat</seg><seg type="word" me_root="this" pos="gram_adj">this</seg><seg type="word" me_root="but" pos="conj">but</seg><seg type="word" me_root="for" pos="prep">for</seg><seg type="word" me_root="god" pos="n1#propn%gen">Goddes</seg><seg type="word" me_root="plesaunce" pos="n1">plesance</seg>
</l>
<l n="21">
<seg type="word" me_root="and" pos="conj">And</seg><seg type="word" me_root="his" pos="pron1%gen">his</seg><seg type="word" me_root="moder" pos="n%gen">modres</seg><seg type="word" me_root="and" pos="conj">and</seg><seg type="word" me_root="in" pos="prep">in</seg><seg type="word" me_root="signifiaunce" pos="n">signifiance</seg>
</l>
<l n="22">
<seg type="word" me_root="that" pos="conj">That</seg><seg type="word" me_root="ye" pos="pron%pl%nom">yee</seg><seg type="word" me_root="ben" pos="v%pr_pl">been</seg><seg type="word" me_root="of" pos="prep">of</seg><seg type="word" me_root="seinte" pos="n">seint</seg><seg type="word" me_root="george" pos="n#propn%gen">Georges</seg><seg type="word" me_root="livere" pos="n3">liveree</seg>
</l>
<l n="23">
<seg type="word" me_root="don" pos="v1%imp">Dooth</seg><seg type="word" me_root="him" pos="pron%obj">him</seg><seg type="word" me_root="servise" pos="n">seruice</seg><seg type="word" me_root="and" pos="conj">and</seg><seg type="word" me_root="knightli" pos="adj">knyghtly</seg><seg type="word" me_root="obeisaunce" pos="n">obeissance</seg>
</l>
<l n="24">
<seg type="word" me_root="for" pos="prep">For</seg><seg type="word" me_root="crist" pos="n#propn%gen">Crystes</seg><seg type="word" me_root="cause" pos="n">cause</seg><seg type="word" me_root="ben" pos="v%pr_3">is</seg><seg type="word" me_root="his" pos="pron1%gen">his</seg><seg type="word" me_root="wel" pos="adv">wel</seg><seg type="word" me_root="knouen" pos="v%pr_pl">knowen</seg><seg type="word" me_root="ye" pos="pron%pl%nom">yee</seg>
</l>
</lg>
<lg type="stanza" n="4" rhyme="ababbcbc">
<l n="25">
<seg type="word" me_root="stif" pos="adj">Stif</seg><seg type="word" me_root="stonden" pos="v1%imp">stande</seg><seg type="word" me_root="in" pos="prep">in</seg><seg type="word" me_root="that" pos="pron">that</seg><seg type="word" me_root="and" pos="conj">and</seg><seg type="word" me_root="ye" pos="pron%pl%nom">yee</seg><seg type="word" me_root="shulen" pos="v1%pr_pl">shuln</seg><seg type="word" me_root="greven" pos="v%inf">greeve</seg><seg type="word" me_root="and" pos="conj">and</seg><seg type="word" me_root="gramen" pos="v%inf">grame</seg>
</l>
<l n="26">
<seg type="word" me_root="the" pos="def_art">The</seg><seg type="word" me_root="fo" pos="n">fo</seg><seg type="word" me_root="to" pos="prep">to</seg><seg type="word" me_root="pes" pos="n">pees</seg><seg type="word" me_root="and" pos="conj">and</seg><seg type="word" me_root="norice" pos="n">norice</seg><seg type="word" me_root="of" pos="prep">of</seg><seg type="word" me_root="distaunce" pos="n">distaunce</seg>
</l>
<l n="27">
<seg type="word" me_root="that" pos="pron_rel">That</seg><seg type="word" me_root="nou" pos="adv">now</seg><seg type="word" me_root="ben" pos="v%pr_3">is</seg><seg type="word" me_root="ernest" pos="n">ernest,</seg><seg type="word" me_root="turnen" pos="v%imp">torne</seg><seg type="word" me_root="hit" pos="pron">it</seg><seg type="word" me_root="in-to" pos="prep">into</seg><seg type="word" me_root="game" pos="n">game</seg>
</l>
<l n="28">
<seg type="word" me_root="dampnable" pos="adj">Dampnable</seg><seg type="word" me_root="from" pos="prep">fro</seg><seg type="word" me_root="feith" pos="n">feith</seg><seg type="word" me_root="ben" pos="v%pt_3">were</seg><seg type="word" me_root="variaunce" pos="n">variance</seg>
</l>
<l n="29">
<seg type="word" me_root="lord" pos="n">Lord</seg><seg type="word" me_root="lege" pos="adj">lige</seg><seg type="word" me_root="and" pos="conj">and</seg><seg type="word" me_root="lord" pos="n%pl">lordes</seg><seg type="word" me_root="haven" pos="v%imp">have</seg><seg type="word" me_root="in" pos="prep">in</seg><seg type="word" me_root="remembraunce" pos="n">remembrance</seg>
</l>
<l n="30">
<seg type="word" me_root="lord" pos="n">Lord</seg><seg type="word" me_root="of" pos="prep">of</seg><seg type="word" me_root="al" pos="gram_adjas_n">al</seg><seg type="word" me_root="ben" pos="v%pr_3">is</seg><seg type="word" me_root="the" pos="def_art">the</seg><seg type="word" me_root="blessed" pos="ppl">blissid</seg><seg type="word" me_root="trinite" pos="n">Trinitee</seg>
</l>
<l n="31">
<seg type="word" me_root="of" pos="prep">Of</seg><seg type="word" me_root="whos" pos="pron%gen">whos</seg><seg type="word" me_root="vertu" pos="n">vertu</seg><seg type="word" me_root="the" pos="def_art">the</seg><seg type="word" me_root="mighti" pos="adj">mighty</seg><seg type="word" me_root="aboundaunce" pos="n">habundaunce</seg>
</l>
<l n="32">
<seg type="word" me_root="you" pos="pron">Yow</seg><seg type="word" me_root="herten" pos="v%pr_3">herte</seg><seg type="word" me_root="and" pos="conj">and</seg><seg type="word" me_root="strengthen" pos="v%pr_3">strengthe</seg><seg type="word" me_root="in" pos="prep">in</seg><seg type="word" me_root="feithful" pos="adj">feithful</seg><seg type="word" me_root="unite" pos="n">vnitee</seg>
</l>
</lg>
<!--<lg type="stanza" n="5" rhyme="ababbcbc">
<l n="0">
<seg type="word" me_root="in" pos="prep">in</seg><seg type="word" me_root="remembraunce" pos="n">remembrance</seg>
</l>
<l n="30">
<seg type="word" me_root="lord" pos="n">Lord</seg><seg type="word" me_root="of" pos="prep">of</seg><seg type="word" me_root="al" pos="gram_adjas_n">al</seg><seg type="word" me_root="ben" pos="v%pr_3">is</seg><seg type="word" me_root="the" pos="def_art">the</seg><seg type="word" me_root="ble" pos="blissid{*ble">blissid</seg>
</l>
</lg>-->
</poem>
