<?xml version="1.0" encoding="UTF-8"?>
<poem id="04-hoc">
<lg type="stanza" n="1" rhyme="ababbcbc">
<l n="1">
<seg type="word" me_root="the" pos="def_art">The</seg><seg type="word" me_root="king" pos="n">kyng</seg><seg type="word" me_root="of" pos="prep">of</seg><seg type="word" me_root="king" pos="n%pl_gen">kynges</seg><seg type="word" me_root="regnen" pos="v%prp_abs">regnyng</seg><seg type="word" me_root="over" pos="prep">ouer</seg><seg type="word" me_root="al" pos="gram_adjas_n">al</seg>
</l>
<l n="2">
<seg type="word" me_root="which" pos="pron">Which</seg><seg type="word" me_root="stablishen" pos="v%ppl">stablisshid</seg><seg type="word" me_root="haven" pos="v%pr_3">hath</seg><seg type="word" me_root="in" pos="prep">in</seg><seg type="word" me_root="eternite" pos="n">eternitee</seg>
</l>
<l n="3">
<seg type="word" me_root="his" pos="pron1%gen">His</seg><seg type="word" me_root="heigh" pos="adj">hy</seg><seg type="word" me_root="might" pos="n">might</seg><seg type="word" me_root="that" pos="conj">that</seg><seg type="word" me_root="not" pos="adv">nat</seg><seg type="word" me_root="varien" pos="v%inf">varie</seg><seg type="word" me_root="he" pos="pron1%nom">he</seg><seg type="word" me_root="mouen" pos="v3%pr_3">may</seg><seg type="word" me_root="ne" pos="adv">ne</seg><seg type="word" me_root="shulen" pos="v1%pr_3">shal</seg>
</l>
<l n="4">
<seg type="word" me_root="so" pos="adv">So</seg><seg type="word" me_root="constaunt" pos="adj">constant</seg><seg type="word" me_root="ben" pos="v%pr_3">is</seg><seg type="word" me_root="his" pos="pron1%gen">his</seg><seg type="word" me_root="blisful" pos="adj">blisful</seg><seg type="word" me_root="deite" pos="n">deitee</seg>
</l>
<l n="5">
<seg type="word" me_root="min" pos="pron%gen">My</seg><seg type="word" me_root="lege" pos="adj">lige</seg><seg type="word" me_root="lord" pos="n">lord</seg><seg type="word" me_root="this" pos="gram_adj">this</seg><seg type="word" me_root="grace" pos="n">grace</seg><seg type="word" me_root="you" pos="pron%pl_obj">yow</seg><seg type="word" me_root="graunten" pos="v%pr_3">graunte</seg><seg type="word" me_root="he" pos="pron1%nom">he</seg>
</l>
<l n="6">
<seg type="word" me_root="that" pos="conj">That</seg><seg type="word" me_root="your" pos="pron%pl_gen">your</seg><seg type="word" me_root="estat" pos="n">estaat</seg><seg type="word" me_root="real" pos="adj1">rial</seg><seg type="word" me_root="which" pos="pron">which</seg><seg type="word" me_root="that" pos="part">that</seg><seg type="word" me_root="this" pos="gram_adj">this</seg><seg type="word" me_root="dai" pos="n">day</seg>
</l>
<l n="7">
<seg type="word" me_root="haven" pos="v%pr_3">Haath</seg><seg type="word" me_root="maken" pos="v1%ppl">maad</seg><seg type="word" me_root="me" pos="pron2%obj">me</seg><seg type="word" me_root="lege" pos="adj">lige</seg><seg type="word" me_root="to" pos="prep">to</seg><seg type="word" me_root="your" pos="pron%pl_gen">your</seg><seg type="word" me_root="soverainte" pos="n">souereyntee</seg>
</l>
<l n="8">
<seg type="word" me_root="in" pos="prep">In</seg><seg type="word" me_root="reule" pos="n">reule</seg><seg type="word" me_root="vertuous" pos="adj">vertuous</seg><seg type="word" me_root="continuen" pos="v%inf">continue</seg><seg type="word" me_root="mouen" pos="v3%pr_3">may</seg>
</l>
</lg>
<lg type="stanza" n="2" rhyme="ababbcbc">
<l n="9">
<seg type="word" me_root="god" pos="n1#propn">God</seg><seg type="word" me_root="dreden" pos="v%imp">dreede</seg><seg type="word" me_root="and" pos="conj">and</seg><seg type="word" me_root="fichen" pos="v1%imp">ficche</seg><seg type="word" me_root="in" pos="prep">in</seg><seg type="word" me_root="your" pos="pron%pl_gen">your</seg><seg type="word" me_root="trust" pos="n">trust</seg><seg type="word" me_root="verrei" pos="adj">verray</seg>
</l>
<l n="10">
<seg type="word" me_root="ben" pos="v%imp">Be</seg><seg type="word" me_root="clene" pos="adj">cleene</seg><seg type="word" me_root="in" pos="prep">in</seg><seg type="word" me_root="herte" pos="n">herte</seg><seg type="word" me_root="and" pos="conj">and</seg><seg type="word" me_root="loven" pos="v1%imp">love</seg><seg type="word" me_root="chastite" pos="n">chastitee</seg>
</l>
<l n="11">
<seg type="word" me_root="ben" pos="v%imp">Be</seg><seg type="word" me_root="sobre" pos="adj">sobre</seg><seg type="word" me_root="sad" pos="adj">sad</seg><seg type="word" me_root="juste" pos="adj">just,</seg><seg type="word" me_root="treuth" pos="n">trouthe</seg><seg type="word" me_root="observen" pos="v%imp">obserue</seg><seg type="word" me_root="al-wei" pos="adv">alway</seg>
</l>
<l n="12">
<seg type="word" me_root="god" pos="adj">Good</seg><seg type="word" me_root="counseil" pos="n">conseil</seg><seg type="word" me_root="taken" pos="v%imp">take</seg><seg type="word" me_root="and" pos="conj">and</seg><seg type="word" me_root="after" pos="prep">aftir</seg><seg type="word" me_root="hit" pos="pron">it</seg><seg type="word" me_root="don" pos="v1%imp">do</seg><seg type="word" me_root="ye" pos="pron%pl%nom">yee</seg>
</l>
<l n="13">
<seg type="word" me_root="ben" pos="v%imp">Be</seg><seg type="word" me_root="humble" pos="adj">humble</seg><seg type="word" me_root="in" pos="prep">in</seg><seg type="word" me_root="gost" pos="n">goost,</seg><seg type="word" me_root="of" pos="prep">of</seg><seg type="word" me_root="your" pos="pron%pl_gen">your</seg><seg type="word" me_root="tonge" pos="n2">tonge</seg><seg type="word" me_root="attempre" pos="adj">attempree</seg>
</l>
<l n="14">
<seg type="word" me_root="pitous" pos="adj">Pitous</seg><seg type="word" me_root="and" pos="conj">and</seg><seg type="word" me_root="merciable" pos="adj">merciable</seg><seg type="word" me_root="in" pos="prep">in</seg><seg type="word" me_root="speciale" pos="n">special</seg>
</l>
<l n="15">
<seg type="word" me_root="prudent" pos="adj">Prudent</seg><seg type="word" me_root="debonaire" pos="adj">debonaire,</seg><seg type="word" me_root="in" pos="prep">in</seg><seg type="word" me_root="mesure" pos="n">mesure</seg><seg type="word" me_root="fre" pos="adj">free</seg>
</l>
<l n="16">
<seg type="word" me_root="not" pos="adv">Nat</seg><seg type="word" me_root="over" pos="adv">ouer</seg><seg type="word" me_root="large" pos="adj">large</seg><seg type="word" me_root="ne" pos="adv">ne</seg><seg type="word" me_root="unto" pos="prep">vnto</seg><seg type="word" me_root="gold" pos="n">gold</seg><seg type="word" me_root="thral" pos="n1">thral</seg>
</l>
</lg>
<lg type="stanza" n="3" rhyme="ababbcbc">
<l n="17">
<seg type="word" me_root="ben" pos="v%imp">Be</seg><seg type="word" me_root="to" pos="prep">to</seg><seg type="word" me_root="your" pos="pron%pl_gen">your</seg><seg type="word" me_root="lege" pos="n2%pl">liges</seg><seg type="word" me_root="also" pos="adv">also</seg><seg type="word" me_root="sheld" pos="n">sheeld</seg><seg type="word" me_root="and" pos="conj">and</seg><seg type="word" me_root="wal" pos="n1">wal</seg>
</l>
<l n="18">
<seg type="word" me_root="kepen" pos="v%imp">Keepe</seg><seg type="word" me_root="and" pos="conj">and</seg><seg type="word" me_root="defenden" pos="v%imp">deffende</seg><seg type="word" me_root="hem" pos="pron%pl_obj">hem</seg><seg type="word" me_root="from" pos="prep">from</seg><seg type="word" me_root="adversite" pos="n">aduersitee</seg>
</l>
<l n="19">
<seg type="word" me_root="here" pos="pron%pl_gen">Hir</seg><seg type="word" me_root="wele" pos="n1">wele</seg><seg type="word" me_root="and" pos="conj">and</seg><seg type="word" me_root="wo" pos="n">wo</seg><seg type="word" me_root="in" pos="prep">in</seg><seg type="word" me_root="your" pos="pron%pl_gen">your</seg><seg type="word" me_root="grace" pos="n">grace</seg><seg type="word" me_root="lien" pos="v1%pr_3">lyth</seg><seg type="word" me_root="al" pos="adv">al</seg>
</l>
<l n="20">
<seg type="word" me_root="governen" pos="v%imp">Governeth</seg><seg type="word" me_root="hem" pos="pron%pl_obj">hem</seg><seg type="word" me_root="in" pos="prep">in</seg><seg type="word" me_root="laue" pos="n">lawe</seg><seg type="word" me_root="and" pos="conj">and</seg><seg type="word" me_root="equite" pos="n">equitee</seg>
</l>
<l n="21">
<seg type="word" me_root="conqueren" pos="v%imp">Conquere</seg><seg type="word" me_root="here" pos="pron%pl_gen">hir</seg><seg type="word" me_root="love" pos="n1">love</seg><seg type="word" me_root="and" pos="conj">and</seg><seg type="word" me_root="haven" pos="v%imp">have</seg><seg type="word" me_root="hem" pos="pron%pl_obj">hem</seg><seg type="word" me_root="in" pos="prep">in</seg><seg type="word" me_root="chierte" pos="n">cheertee</seg>
</l>
<l n="22">
<seg type="word" me_root="ben" pos="v%imp">Be</seg><seg type="word" me_root="holi" pos="adj2">holy</seg><seg type="word" me_root="chirche" pos="n%gen">chirches</seg><seg type="word" me_root="champioun" pos="n">Champioun</seg><seg type="word" me_root="ek" pos="adv">eek</seg><seg type="word" me_root="ai" pos="adv">ay</seg>
</l>
<l n="23">
<seg type="word" me_root="sustenen" pos="v%imp">Susteene</seg><seg type="word" me_root="hire" pos="pron1%fem_gen">hir</seg><seg type="word" me_root="right" pos="n">right</seg><seg type="word" me_root="sufferen" pos="v%imp">souffre</seg><seg type="word" me_root="no-thing" pos="pron">nothyng</seg><seg type="word" me_root="don" pos="v1%ppl">doon</seg><seg type="word" me_root="ben" pos="v%inf">be</seg>
</l>
<l n="24">
<seg type="word" me_root="in" pos="prep">In</seg><seg type="word" me_root="prejudice" pos="n">preiudice</seg><seg type="word" me_root="of" pos="prep">of</seg><seg type="word" me_root="hire" pos="pron2%fem_obj">hire</seg><seg type="word" me_root="bi" pos="prep">by</seg><seg type="word" me_root="no" pos="gram_adj">no</seg><seg type="word" me_root="wei" pos="n">way</seg>
</l>
</lg>
<lg type="stanza" n="4" rhyme="ababbcbc">
<l n="25">
<seg type="word" me_root="strengthen" pos="v%imp">Strengthe</seg><seg type="word" me_root="your" pos="pron%pl_gen">your</seg><seg type="word" me_root="moder" pos="n">modir</seg><seg type="word" me_root="in" pos="prep">in</seg><seg type="word" me_root="chacen" pos="v%prp_abs">chacyng</seg><seg type="word" me_root="awei" pos="adv">away</seg>
</l>
<l n="26">
<seg type="word" me_root="errour" pos="n1_art">Therrour</seg><seg type="word" me_root="which" pos="pron">which</seg><seg type="word" me_root="sone" pos="n%pl">sones</seg><seg type="word" me_root="of" pos="prep">of</seg><seg type="word" me_root="iniquite" pos="n">iniquitee</seg>
</l>
<l n="27">
<seg type="word" me_root="haven" pos="v%pr_pl">Han</seg><seg type="word" me_root="souen" pos="v1%ppl">sowe</seg><seg type="word" me_root="ayen" pos="prep">ageyn</seg><seg type="word" me_root="the" pos="def_art">the</seg><seg type="word" me_root="feith" pos="n">feith</seg><seg type="word" me_root="hit" pos="pron">it</seg><seg type="word" me_root="ben" pos="v%pr_3">is</seg><seg type="word" me_root="no" pos="gram_adj">no</seg><seg type="word" me_root="nai" pos="n">nay</seg>
</l>
<l n="28">
<seg type="word" me_root="ye" pos="pron%pl%nom">Yee</seg><seg type="word" me_root="ther-to" pos="adv">therto</seg><seg type="word" me_root="binden" pos="v%ppl">bownde</seg><seg type="word" me_root="ben" pos="v%pr_pl">been</seg><seg type="word" me_root="of" pos="prep">of</seg><seg type="word" me_root="duete" pos="n">duetee</seg>
</l>
<l n="29">
<seg type="word" me_root="your" pos="pron%pl_gen">Your</seg><seg type="word" me_root="office" pos="n">office</seg><seg type="word" me_root="ben" pos="v%pr_3">is</seg><seg type="word" me_root="hit" pos="pron">it</seg><seg type="word" me_root="nou" pos="adv">now</seg><seg type="word" me_root="for" pos="prep">for</seg><seg type="word" me_root="your" pos="pron%pl_gen">your</seg><seg type="word" me_root="seurte" pos="n">seurtee</seg>
</l>
<l n="30">
<seg type="word" me_root="sufferen" pos="v%imp">Souffreth</seg><seg type="word" me_root="not" pos="adv">nat</seg><seg type="word" me_root="crist" pos="n#propn%gen">Crystes</seg><seg type="word" me_root="feith" pos="n">feith</seg><seg type="word" me_root="to" pos="part">to</seg><seg type="word" me_root="taken" pos="v%inf">take</seg><seg type="word" me_root="a" pos="indef_art">a</seg><seg type="word" me_root="fal" pos="n">fal</seg>
</l>
<l n="31">
<seg type="word" me_root="unto" pos="prep">Vnto</seg><seg type="word" me_root="his" pos="pron1%gen">his</seg><seg type="word" me_root="peple" pos="n">peple</seg><seg type="word" me_root="and" pos="conj">and</seg><seg type="word" me_root="youres" pos="pron%gen">youres</seg><seg type="word" me_root="cherli" pos="adv">cheerly</seg><seg type="word" me_root="sen" pos="v1%imp">see</seg>
</l>
<l n="32">
<seg type="word" me_root="in" pos="prep">In</seg><seg type="word" me_root="conserving" pos="ger">conservyng</seg><seg type="word" me_root="of" pos="prep">of</seg><seg type="word" me_root="your" pos="pron%pl_gen">your</seg><seg type="word" me_root="estat" pos="n">estat</seg><seg type="word" me_root="real" pos="adj1">real</seg>
</l>
</lg>
<lg type="stanza" n="5" rhyme="ababbcbc">
<l n="33">
<seg type="word" me_root="sin" pos="conj">Syn</seg><seg type="word" me_root="god" pos="n1#propn">God</seg><seg type="word" me_root="haven" pos="v%pr_3">hath</seg><seg type="word" me_root="senden" pos="v2%ppl">sent</seg><seg type="word" me_root="you" pos="pron%pl_obj">yow</seg><seg type="word" me_root="wit" pos="n">wit</seg><seg type="word" me_root="substancial" pos="adj">substancial</seg>
</l>
<l n="34">
<seg type="word" me_root="and" pos="conj">And</seg><seg type="word" me_root="king" pos="n%gen">kynges</seg><seg type="word" me_root="might" pos="n">might</seg><seg type="word" me_root="vertu" pos="n">vertu</seg><seg type="word" me_root="putten" pos="v%imp">putte</seg><seg type="word" me_root="in" pos="prep">in</seg><seg type="word" me_root="assai" pos="n">assay</seg>
</l>
<l n="35">
<seg type="word" me_root="and" pos="conj">And</seg><seg type="word" me_root="lege" pos="adj">lige</seg><seg type="word" me_root="lege" pos="adj">lige>>></seg><seg type="word" me_root="lord" pos="n">lord</seg><seg type="word" me_root="though" pos="conj">thogh</seg><seg type="word" me_root="min" pos="pron%gen">my</seg><seg type="word" me_root="conceite" pos="n">conceit</seg><seg type="word" me_root="ben" pos="v%pr_3">be</seg><seg type="word" me_root="smal" pos="adj">smal</seg>
</l>
<l n="36">
<seg type="word" me_root="and" pos="conj">And</seg><seg type="word" me_root="not" pos="adv">nat</seg><seg type="word" me_root="min" pos="pron%gen">my</seg><seg type="word" me_root="word" pos="n%pl">wordes</seg><seg type="word" me_root="peinten" pos="v%ppl_abs">peynte</seg><seg type="word" me_root="fresh" pos="adj">fressh</seg><seg type="word" me_root="and" pos="conj">and</seg><seg type="word" me_root="gai" pos="adj">gay</seg>
</l>
<l n="37">
<seg type="word" me_root="but" pos="conj">But</seg><seg type="word" me_root="clappen" pos="v%pr_3">clappe</seg><seg type="word" me_root="and" pos="conj">and</seg><seg type="word" me_root="janglen" pos="v%pr_3">jangle</seg><seg type="word" me_root="forth" pos="adv">foorth</seg><seg type="word" me_root="as" pos="conj">as</seg><seg type="word" me_root="don" pos="v1%pr_3">dooth</seg><seg type="word" me_root="a" pos="indef_art">a</seg><seg type="word" me_root="jai" pos="n">jay</seg>
</l>
<l n="38">
<seg type="word" me_root="god" pos="adj">Good</seg><seg type="word" me_root="wille" pos="n">wil</seg><seg type="word" me_root="to" pos="prep">to</seg><seg type="word" me_root="you" pos="pron%pl_obj">yow</seg><seg type="word" me_root="shulen" pos="v1%pr_3">shal</seg><seg type="word" me_root="ther" pos="adv">ther</seg><seg type="word" me_root="non" pos="gram_adj">noon</seg><seg type="word" me_root="failen" pos="v%inf">faille</seg><seg type="word" me_root="in" pos="prep">in</seg><seg type="word" me_root="me" pos="pron2%obj">me</seg>
</l>
<l n="39">
<seg type="word" me_root="bisechen" pos="v%prp_abs">Byseechyng</seg><seg type="word" me_root="unto" pos="prep">vnto</seg><seg type="word" me_root="god" pos="n1#propn">God</seg><seg type="word" me_root="that" pos="conj">that</seg><seg type="word" me_root="to" pos="prep">to</seg><seg type="word" me_root="his" pos="pron1%gen">his</seg><seg type="word" me_root="paie" pos="n">pay</seg>
</l>
<l n="40">
<seg type="word" me_root="ye" pos="pron%pl%nom">Yee</seg><seg type="word" me_root="mouen" pos="v3%pr_pl">may</seg><seg type="word" me_root="governen" pos="v%inf">governe</seg><seg type="word" me_root="your" pos="pron%pl_gen">your</seg><seg type="word" me_root="heigh" pos="adj">hy</seg><seg type="word" me_root="dignite" pos="n">dignitee</seg>
</l>
</lg>
<!-- <lg type="stanza" n="6" rhyme="ababbcbc">
<l n="0">

</l>
<l n="38">
<seg type="word" me_root="god" pos="adj">Good</seg><seg type="word" me_root="wille" pos="n">wil</seg><seg type="word" me_root="to" pos="prep">to</seg><seg type="word" me_root="you" pos="pron%pl_obj">yow</seg><seg type="word" me_root="shulen" pos="v1%pr_3">shal</seg><seg type="word" me_root="ther" pos="adv">ther</seg><seg type="word" me_root="non" pos="gram_adj">noon</seg><seg type="word" me_root="failen" pos="v%inf">faille</seg><seg type="word" me_root="in" pos="prep">in</seg><seg type="word" me_root="me" pos="pron2%obj">me</seg>
</l>
</lg> -->
</poem>
