<?xml version="1.0" encoding="UTF-8"?>
<poem id="07-hoc">
<lg type="stanza" n="1" rhyme="ababbcbc">
<l n="1">
<seg type="word" me_root="moder" pos="n">Modir</seg><seg type="word" me_root="of" pos="prep">of</seg><seg type="word" me_root="lif" pos="n">lyf</seg><seg type="word" me_root="o" pos="interj">O</seg><seg type="word" me_root="cause" pos="n">cause</seg><seg type="word" me_root="of" pos="prep">of</seg><seg type="word" me_root="al" pos="gram_adj">al</seg><seg type="word" me_root="oure" pos="pron%gen">our</seg><seg type="word" me_root="welth" pos="n">welthe</seg>
</l>
<l n="2">
<seg type="word" me_root="findere" pos="n">Fyndere</seg><seg type="word" me_root="of" pos="prep">of</seg><seg type="word" me_root="grace" pos="n">grace</seg><seg type="word" me_root="and" pos="conj">and</seg><seg type="word" me_root="of" pos="prep">of</seg><seg type="word" me_root="oure" pos="pron%gen">our</seg><seg type="word" me_root="medicine" pos="n">medecyne</seg>
</l>
<l n="3">
<seg type="word" me_root="wher-as" pos="adv">Whereas</seg><seg type="word" me_root="a" pos="indef_art">an</seg><seg type="word" me_root="appel" pos="n">appil</seg><seg type="word" me_root="reven" pos="v%pt_3">refte</seg><seg type="word" me_root="oure" pos="pron%gen">our</seg><seg type="word" me_root="lif" pos="n">lyf</seg><seg type="word" me_root="and" pos="conj">and</seg><seg type="word" me_root="helthe" pos="n">helthe</seg>
</l>
<l n="4">
<seg type="word" me_root="and" pos="conj">And</seg><seg type="word" me_root="marien" pos="v%pr">marie</seg><seg type="word" me_root="us" pos="pron%pl_obj">vs</seg><seg type="word" me_root="unto" pos="prep">vnto</seg><seg type="word" me_root="ai" pos="adv">ay</seg><seg type="word" me_root="lastinge" pos="ppl#adj">lastyng</seg><seg type="word" me_root="pine" pos="n1">pyne</seg>
</l>
<l n="5">
<seg type="word" me_root="as" pos="conj">As</seg><seg type="word" me_root="sone" pos="n%pl">sones</seg><seg type="word" me_root="of" pos="prep">of</seg><seg type="word" me_root="perdicioun" pos="n">perdicion</seg><seg type="word" me_root="and" pos="conj">and</seg><seg type="word" me_root="ruine" pos="n">ruyne</seg>
</l>
<l n="6">
<seg type="word" me_root="that" pos="art&amp;gram_adj">That</seg><seg type="word" me_root="matrimoine" pos="n">matrymoyne</seg><seg type="word" me_root="thin" pos="pron%gen">thy</seg><seg type="word" me_root="virginite" pos="n">virginitee</seg>
</l>
<l n="7">
<seg type="word" me_root="dissolven" pos="v%ppl">Dissolved</seg><seg type="word" me_root="and" pos="conj">and</seg><seg type="word" me_root="unbinden" pos="v%ppl">vnbownden</seg><seg type="word" me_root="haven" pos="v%pr_3">hath,</seg><seg type="word" me_root="virgin" pos="n">virgyne</seg>
</l>
<l n="8">
<seg type="word" me_root="and" pos="conj">And</seg><seg type="word" me_root="at" pos="prep">at</seg><seg type="word" me_root="oure" pos="pron%gen">our</seg><seg type="word" me_root="large" pos="n">large</seg><seg type="word" me_root="maken" pos="v1%ppl">maad</seg><seg type="word" me_root="us" pos="pron%pl_obj">vs</seg><seg type="word" me_root="walken" pos="v1%inf">walke</seg><seg type="word" me_root="fre" pos="adj">free</seg>
</l>
</lg>
<lg type="stanza" n="2" rhyme="ababbcbc">
<l n="9">
<seg type="word" me_root="o" pos="interj">O</seg><seg type="word" me_root="blessed" pos="ppl">blessid</seg><seg type="word" me_root="ben" pos="v%pr_2">be</seg><seg type="word" me_root="thou" pos="pron%nom">thow</seg><seg type="word" me_root="vessel" pos="n">vessel</seg><seg type="word" me_root="of" pos="prep">of</seg><seg type="word" me_root="clennesse" pos="n">clennesse</seg>
</l>
<l n="10">
<seg type="word" me_root="in" pos="prep">In</seg><seg type="word" me_root="whom" pos="pron%obj">whom</seg><seg type="word" me_root="oure" pos="pron%gen">our</seg><seg type="word" me_root="soule" pos="n%gen">soules</seg><seg type="word" me_root="salve" pos="n1">salue</seg><seg type="word" me_root="listen" pos="v1%pr_3">list</seg><seg type="word" me_root="habiten" pos="v%inf">habyte</seg>
</l>
<l n="11">
<seg type="word" me_root="o" pos="interj">O</seg><seg type="word" me_root="tre" pos="n">tree</seg><seg type="word" me_root="of" pos="prep">of</seg><seg type="word" me_root="lif" pos="n">lyf</seg><seg type="word" me_root="swete" pos="adj%sup">swettest</seg><seg type="word" me_root="of" pos="prep">of</seg><seg type="word" me_root="al" pos="gram_adj">al</seg><seg type="word" me_root="swetenesse" pos="n">swetnesse</seg>
</l>
<l n="12">
<seg type="word" me_root="in" pos="prep">In</seg><seg type="word" me_root="thin" pos="pron%gen">thy</seg><seg type="word" me_root="fruit" pos="n">fruyt</seg><seg type="word" me_root="yeven" pos="v%imp">yeue</seg><seg type="word" me_root="us" pos="pron%pl_obj">vs</seg><seg type="word" me_root="grace" pos="n">grace</seg><seg type="word" me_root="to" pos="part">to</seg><seg type="word" me_root="deliten" pos="v%inf">delyte</seg>
</l>
<l n="13">
<seg type="word" me_root="and" pos="conj">And</seg><seg type="word" me_root="though" pos="conj">thogh</seg><seg type="word" me_root="thin" pos="pron%gen">thy</seg><seg type="word" me_root="sone" pos="n">sone</seg><seg type="word" me_root="cause" pos="n">cause</seg><seg type="word" me_root="haven" pos="v%pr_3">have</seg><seg type="word" me_root="us" pos="pron%pl_obj">vs</seg><seg type="word" me_root="to" pos="part">to</seg><seg type="word" me_root="smiten" pos="v%inf">smyte</seg>
</l>
<l n="14">
<seg type="word" me_root="for" pos="prep">For</seg><seg type="word" me_root="oure" pos="pron%gen">our</seg><seg type="word" me_root="gilt" pos="n1%pl">giltes,</seg><seg type="word" me_root="yet" pos="adv">yit</seg><seg type="word" me_root="oure" pos="pron%gen">our</seg><seg type="word" me_root="mediatrice" pos="n">mediatrice</seg>
</l>
<l n="15">
<seg type="word" me_root="as" pos="conj">As</seg><seg type="word" me_root="thou" pos="pron%nom">thow</seg><seg type="word" me_root="haven" pos="v%pr_2">hast</seg><seg type="word" me_root="ever" pos="adv">evere</seg><seg type="word" me_root="don" pos="v1%ppl">doon,</seg><seg type="word" me_root="thou" pos="pron%nom">thow</seg><seg type="word" me_root="him" pos="pron%obj">him</seg><seg type="word" me_root="exciten" pos="v%imp">excite</seg>
</l>
<l n="16">
<seg type="word" me_root="unto" pos="prep">Vnto</seg><seg type="word" me_root="merci" pos="n1">mercy</seg><seg type="word" me_root="for" pos="conj">for</seg><seg type="word" me_root="that" pos="pron">that</seg><seg type="word" me_root="ben" pos="v%pr_3">is</seg><seg type="word" me_root="thin" pos="pron%gen">thyn</seg><seg type="word" me_root="office" pos="n">office</seg>
</l>
</lg>
<lg type="stanza" n="3" rhyme="ababbcbc">
<l n="17">
<seg type="word" me_root="min" pos="pron%gen">My</seg><seg type="word" me_root="soule" pos="n">soule</seg><seg type="word" me_root="ben" pos="v%pr_3">is</seg><seg type="word" me_root="stuffen" pos="v1%ppl">stuffid</seg><seg type="word" me_root="so" pos="adv">so</seg><seg type="word" me_root="with" pos="prep">with</seg><seg type="word" me_root="stink" pos="n">stynk</seg><seg type="word" me_root="of" pos="prep">of</seg><seg type="word" me_root="sinne" pos="n">synne</seg>
</l>
<l n="18">
<seg type="word" me_root="that" pos="conj">That</seg><seg type="word" me_root="ai" pos="adv">ay</seg><seg type="word" me_root="hit" pos="pron">it</seg><seg type="word" me_root="dreden" pos="v%pr_3">dreedith</seg><seg type="word" me_root="biforen" pos="prep">beforn</seg><seg type="word" me_root="the" pos="pron2%obj">thee</seg><seg type="word" me_root="apperen" pos="v1%inf">appeere</seg>
</l>
<l n="19">
<seg type="word" me_root="leste" pos="conj">Lest</seg><seg type="word" me_root="for" pos="prep">for</seg><seg type="word" me_root="the" pos="def_art">the</seg><seg type="word" me_root="filth" pos="n">filthe</seg><seg type="word" me_root="which" pos="pron">which</seg><seg type="word" me_root="that" pos="part">that</seg><seg type="word" me_root="hit" pos="pron">it</seg><seg type="word" me_root="ben" pos="v%pr_3">is</seg><seg type="word" me_root="inne" pos="adv">ynne</seg>
</l>
<l n="20">
<seg type="word" me_root="thou" pos="pron%nom">Thow</seg><seg type="word" me_root="turnen" pos="v%pr_2">torne</seg><seg type="word" me_root="awei" pos="adv">away</seg><seg type="word" me_root="thin" pos="pron%gen">thy</seg><seg type="word" me_root="merciable" pos="adj">merciable</seg><seg type="word" me_root="chere" pos="n1">cheere</seg>
</l>
<l n="21">
<seg type="word" me_root="and" pos="conj">And</seg><seg type="word" me_root="deinen" pos="v1%imp">deyne</seg><seg type="word" me_root="not" pos="adv">nat</seg><seg type="word" me_root="accepten" pos="v%inf">accepte</seg><seg type="word" me_root="min" pos="pron%gen">my</seg><seg type="word" me_root="preiere" pos="n2">preyeere</seg>
</l>
<l n="22">
<seg type="word" me_root="and" pos="conj">And</seg><seg type="word" me_root="if" pos="conj">if</seg><seg type="word" me_root="min" pos="pron%gen">my</seg><seg type="word" me_root="trespas" pos="n">trespas</seg><seg type="word" me_root="her" pos="adv">heere</seg><seg type="word" me_root="ich" pos="pron%nom">I</seg><seg type="word" me_root="not" pos="adv">nat</seg><seg type="word" me_root="confessen" pos="v%pr_1">confesse</seg>
</l>
<l n="23">
<seg type="word" me_root="hou" pos="adv&amp;conj">How</seg><seg type="word" me_root="shulen" pos="v1%pr_1">shal</seg><seg type="word" me_root="ich" pos="pron%nom">I</seg><seg type="word" me_root="don" pos="v1%inf">doon,</seg><seg type="word" me_root="o" pos="interj">O</seg><seg type="word" me_root="crist" pos="n#propn%gen">Crystes</seg><seg type="word" me_root="moder" pos="n">modir</seg><seg type="word" me_root="dere" pos="adj1">deere</seg>
</l>
<l n="24">
<seg type="word" me_root="whan" pos="adv&amp;conj">Whan</seg><seg type="word" me_root="god" pos="n1#propn">God</seg><seg type="word" me_root="shulen" pos="v1%pr_3">shal</seg><seg type="word" me_root="jugen" pos="v%inf">juge</seg><seg type="word" me_root="us" pos="pron%pl_obj">vs</seg><seg type="word" me_root="al" pos="gram_adjas_n">alle</seg><seg type="word" me_root="more" pos="n3">more</seg><seg type="word" me_root="and" pos="conj">and</seg><seg type="word" me_root="lesse" pos="n2">lesse</seg>
</l>
</lg>
<lg type="stanza" n="4" rhyme="ababbcbc">
<l n="25">
<seg type="word" me_root="o" pos="interj">O</seg><seg type="word" me_root="whi" pos="interj">why</seg><seg type="word" me_root="min" pos="pron%gen">my</seg><seg type="word" me_root="sinne" pos="n%pl">synnes</seg><seg type="word" me_root="whi" pos="interj">why</seg><seg type="word" me_root="min" pos="pron%gen">my</seg><seg type="word" me_root="wikkednesse" pos="n%pl">wikkidnesses</seg>
</l>
<l n="26">
<seg type="word" me_root="with" pos="prep">With</seg><seg type="word" me_root="your" pos="pron%pl_gen">your</seg><seg type="word" me_root="venim" pos="n">venym</seg><seg type="word" me_root="min" pos="pron%gen">my</seg><seg type="word" me_root="soule" pos="n">soule</seg><seg type="word" me_root="slen" pos="v%ppl">slayn</seg><seg type="word" me_root="haven" pos="v%pr_pl">han</seg><seg type="word" me_root="ye" pos="pron%pl%nom">yee</seg>
</l>
<l n="27">
<seg type="word" me_root="and" pos="conj">And</seg><seg type="word" me_root="putten" pos="v%ppl">put</seg><seg type="word" me_root="in" pos="prep">in</seg><seg type="word" me_root="hit" pos="pron">it</seg><seg type="word" me_root="so" pos="adv">so</seg><seg type="word" me_root="desperat" pos="adj1">desperat</seg><seg type="word" me_root="gastnesse" pos="n%pl">gastnesses</seg>
</l>
<l n="28">
<seg type="word" me_root="that" pos="conj">That</seg><seg type="word" me_root="merci" pos="n1">mercy</seg><seg type="word" me_root="mouen" pos="v3%pr_3">may</seg><seg type="word" me_root="ne" pos="adv">ne</seg><seg type="word" me_root="listen" pos="v1%pr_3">list</seg><seg type="word" me_root="biholden" pos="v%inf">beholde</seg><seg type="word" me_root="me" pos="pron2%obj">me</seg>
</l>
<l n="29">
<seg type="word" me_root="whi" pos="pron">Why</seg><seg type="word" me_root="oppressen" pos="v%pr_3">oppressith</seg><seg type="word" me_root="your" pos="pron%pl_gen">your</seg><seg type="word" me_root="hevi" pos="adj">heuy</seg><seg type="word" me_root="adversite" pos="n">aduersitee</seg>
</l>
<l n="30">
<seg type="word" me_root="the" pos="def_art">The</seg><seg type="word" me_root="hope" pos="n1">hope</seg><seg type="word" me_root="of" pos="prep">of</seg><seg type="word" me_root="min" pos="pron%gen">myn</seg><seg type="word" me_root="exaudicioun" pos="n">exaudicioun</seg>
</l>
<l n="31">
<seg type="word" me_root="and" pos="conj">And</seg><seg type="word" me_root="shame" pos="n">shame</seg><seg type="word" me_root="in" pos="prep">in</seg><seg type="word" me_root="you" pos="pron%pl_obj">yow</seg><seg type="word" me_root="maken" pos="v1%ppl">maad</seg><seg type="word" me_root="haven" pos="v%pr_3">hath</seg><seg type="word" me_root="so" pos="adv">so</seg><seg type="word" me_root="large" pos="adj">large</seg><seg type="word" me_root="entre" pos="n">entree</seg>
</l>
<l n="32">
<seg type="word" me_root="that" pos="conj">That</seg><seg type="word" me_root="ye" pos="pron%pl%nom">yee</seg><seg type="word" me_root="the" pos="def_art">the</seg><seg type="word" me_root="voice" pos="n">vois</seg><seg type="word" me_root="me" pos="pron2%obj">me</seg><seg type="word" me_root="reven" pos="v%pr_pl">reue</seg><seg type="word" me_root="of" pos="prep">of</seg><seg type="word" me_root="orisoun" pos="n">orisoun</seg>
</l>
</lg>
<lg type="stanza" n="5" rhyme="ababbcbc">
<l n="33">
<seg type="word" me_root="alas" pos="interj">Allas</seg><seg type="word" me_root="thin" pos="pron%gen">thy</seg><seg type="word" me_root="shame" pos="n">shame</seg><seg type="word" me_root="o" pos="interj">O</seg><seg type="word" me_root="thou" pos="pron%nom">thow</seg><seg type="word" me_root="filthi" pos="adj">filthy</seg><seg type="word" me_root="offense" pos="n">offense</seg>
</l>
<l n="34">
<seg type="word" me_root="in" pos="prep">In</seg><seg type="word" me_root="the" pos="def_art">the</seg><seg type="word" me_root="presence" pos="n">presence</seg><seg type="word" me_root="of" pos="prep">of</seg><seg type="word" me_root="shininge" pos="ger">shynynge</seg><seg type="word" me_root="holinesse" pos="n2">holynesse</seg>
</l>
<l n="35">
<seg type="word" me_root="o" pos="interj">O</seg><seg type="word" me_root="shendshipe" pos="n">shenshipe</seg><seg type="word" me_root="of" pos="prep">of</seg><seg type="word" me_root="unclene" pos="adj">vnclene</seg><seg type="word" me_root="conscience" pos="n">conscience</seg>
</l>
<l n="36">
<seg type="word" me_root="in" pos="prep">In</seg><seg type="word" me_root="the" pos="def_art">the</seg><seg type="word" me_root="biholding" pos="ger">beholdynge</seg><seg type="word" me_root="of" pos="prep">of</seg><seg type="word" me_root="puren" pos="v#adj%ppl">pured</seg><seg type="word" me_root="clennesse" pos="n">clennesse</seg>
</l>
<l n="37">
<seg type="word" me_root="o" pos="interj">O</seg><seg type="word" me_root="caitif" pos="adj">caitif</seg><seg type="word" me_root="soule" pos="n">soule</seg><seg type="word" me_root="involven" pos="v%ppl_abs">inuolued</seg><seg type="word" me_root="in" pos="prep">in</seg><seg type="word" me_root="derknesse" pos="n">dirknesse</seg>
</l>
<l n="38">
<seg type="word" me_root="what" pos="pron">What</seg><seg type="word" me_root="willen" pos="v%pr_2">wilt</seg><seg type="word" me_root="thou" pos="pron%nom">thow</seg><seg type="word" me_root="don" pos="v1%inf">do,</seg><seg type="word" me_root="wher" pos="adv&amp;conj">where</seg><seg type="word" me_root="ben" pos="v%pr_3">is</seg><seg type="word" me_root="thin" pos="pron%gen">thy</seg><seg type="word" me_root="remedie" pos="n">remedie</seg>
</l>
<l n="39">
<seg type="word" me_root="who" pos="pron%nom">Who</seg><seg type="word" me_root="mouen" pos="v3%pr_3">may</seg><seg type="word" me_root="thin" pos="pron%gen">thy</seg><seg type="word" me_root="mischef" pos="n">mescheef</seg><seg type="word" me_root="and" pos="conj">and</seg><seg type="word" me_root="thin" pos="pron%gen">thy</seg><seg type="word" me_root="gref" pos="n">greef</seg><seg type="word" me_root="redressen" pos="v%inf">redresse</seg>
</l>
<l n="40">
<seg type="word" me_root="sin" pos="conj">Syn</seg><seg type="word" me_root="of" pos="prep">of</seg><seg type="word" me_root="thin" pos="pron%gen">thy</seg><seg type="word" me_root="gilt" pos="n1">gilt</seg><seg type="word" me_root="thou" pos="pron%nom">thow</seg><seg type="word" me_root="durren" pos="v%pr_2">darst</seg><seg type="word" me_root="not" pos="adv">nat</seg><seg type="word" me_root="merci" pos="n1">mercy</seg><seg type="word" me_root="crien" pos="v%inf">crie</seg>
</l>
</lg>
<lg type="stanza" n="6" rhyme="ababbcbc">
<l n="41">
<seg type="word" me_root="lo" pos="interj">Lo</seg><seg type="word" me_root="blessed" pos="ppl">blessid</seg><seg type="word" me_root="womman" pos="n">womman</seg><seg type="word" me_root="amonges" pos="prep">among</seg><seg type="word" me_root="womman" pos="n%pl">wommen</seg><seg type="word" me_root="al" pos="gram_adj">alle</seg>
</l>
<l n="42">
<seg type="word" me_root="sin" pos="conj">Syn</seg><seg type="word" me_root="min" pos="pron%gen">my</seg><seg type="word" me_root="spirit" pos="n">spirit</seg><seg type="word" me_root="not" pos="adv">nat</seg><seg type="word" me_root="durren" pos="v%pr_3">dar</seg><seg type="word" me_root="putten" pos="v%inf">putte</seg><seg type="word" me_root="up" pos="adv">vp</seg><seg type="word" me_root="his" pos="pron1%gen">his</seg><seg type="word" me_root="bille" pos="n">bille</seg>
</l>
<l n="43">
<seg type="word" me_root="thin" pos="pron%gen">Thy</seg><seg type="word" me_root="grace" pos="n">grace</seg><seg type="word" me_root="ne" pos="adv">ne</seg><seg type="word" me_root="thin" pos="pron%gen">thy</seg><seg type="word" me_root="merci" pos="n1">mercy</seg><seg type="word" me_root="forto" pos="part">forto</seg><seg type="word" me_root="to" pos="part">to</seg><seg type="word" me_root="callen" pos="v%inf">calle</seg>
</l>
<l n="44">
<seg type="word" me_root="but" pos="conj">But</seg><seg type="word" me_root="in" pos="prep">in</seg><seg type="word" me_root="his" pos="pron1%gen">his</seg><seg type="word" me_root="masednesse" pos="n">mazidnesse</seg><seg type="word" me_root="abiden" pos="v%pr_3">abydith</seg><seg type="word" me_root="stille" pos="adv">stille</seg>
</l>
<l n="45">
<seg type="word" me_root="min" pos="pron%gen">My</seg><seg type="word" me_root="thirsti" pos="adj">thristy</seg><seg type="word" me_root="soule" pos="n">soule</seg><seg type="word" me_root="drinken" pos="v%inf">drynke</seg><seg type="word" me_root="mouen" pos="v3%pr_3">may</seg><seg type="word" me_root="hire" pos="pron1%fem_gen">hir</seg><seg type="word" me_root="fille" pos="n1">fille</seg>
</l>
<l n="46">
<seg type="word" me_root="of" pos="prep">Of</seg><seg type="word" me_root="sorwe" pos="n">sorwe</seg><seg type="word" me_root="and" pos="conj">and</seg><seg type="word" me_root="bathen" pos="v%inf">bathe</seg><seg type="word" me_root="in" pos="prep">in</seg><seg type="word" me_root="sorwe" pos="n">sorwe</seg><seg type="word" me_root="and" pos="conj">and</seg><seg type="word" me_root="hevinesse" pos="n">heuynesse</seg>
</l>
<l n="47">
<seg type="word" me_root="hire" pos="pron1%fem_gen">Hir</seg><seg type="word" me_root="ferdful" pos="adj">ferdful</seg><seg type="word" me_root="shame" pos="n">shame</seg><seg type="word" me_root="hire" pos="pron2%fem_obj">hir</seg><seg type="word" me_root="shenden" pos="v%inf">shende</seg><seg type="word" me_root="willen" pos="v%pr_3">wole</seg><seg type="word" me_root="and" pos="conj">and</seg><seg type="word" me_root="spillen" pos="v%inf">spille</seg>
</l>
<l n="48">
<seg type="word" me_root="for" pos="conj">For</seg><seg type="word" me_root="to" pos="prep">to</seg><seg type="word" me_root="hire" pos="pron1%fem_gen">hire</seg><seg type="word" me_root="helthe" pos="n">helthe</seg><seg type="word" me_root="not" pos="adv">nat</seg><seg type="word" me_root="she" pos="pron%nom">shee</seg><seg type="word" me_root="durren" pos="v%pr_3">dar</seg><seg type="word" me_root="hire" pos="pron2%fem_obj">hir</seg><seg type="word" me_root="dressen" pos="v%inf">dresse</seg>
</l>
</lg>
<lg type="stanza" n="7" rhyme="ababbcbc">
<l n="49">
<seg type="word" me_root="min" pos="pron%gen">My</seg><seg type="word" me_root="sinne" pos="n%pl">synnes</seg><seg type="word" me_root="yernen" pos="v%pr_pl">yernen</seg><seg type="word" me_root="that" pos="conj">that</seg><seg type="word" me_root="thin" pos="pron%gen">thyn</seg><seg type="word" me_root="heigh" pos="adj">hy</seg><seg type="word" me_root="pite" pos="n">pitee</seg>
</l>
<l n="50">
<seg type="word" me_root="fulli" pos="adv">Fully</seg><seg type="word" me_root="hem" pos="pron%pl_obj">hem</seg><seg type="word" me_root="knouen" pos="v%pt_pl">kneew</seg><seg type="word" me_root="for" pos="prep">for</seg><seg type="word" me_root="here" pos="pron%pl_gen">hir</seg><seg type="word" me_root="curacioun" pos="n">curacioun</seg>
</l>
<l n="51">
<seg type="word" me_root="but" pos="conj">But</seg><seg type="word" me_root="thei" pos="pron%pl_nom">they</seg><seg type="word" me_root="lothen" pos="v%pr_pl">lothen</seg><seg type="word" me_root="apperen" pos="v1%inf">appeere</seg><seg type="word" me_root="biforen" pos="prep">beforn</seg><seg type="word" me_root="the" pos="pron2%obj">thee</seg>
</l>
<l n="52">
<seg type="word" me_root="for" pos="prep">For</seg><seg type="word" me_root="here" pos="pron%pl_gen">hir</seg><seg type="word" me_root="cursed" pos="ppl#adj">cursid</seg><seg type="word" me_root="abhominacioun" pos="n">abhominacion</seg>
</l>
<l n="53">
<seg type="word" me_root="o" pos="interj">O</seg><seg type="word" me_root="spring" pos="n">spryng</seg><seg type="word" me_root="and" pos="conj">and</seg><seg type="word" me_root="welle" pos="n">welle</seg><seg type="word" me_root="of" pos="prep">of</seg><seg type="word" me_root="oure" pos="pron%gen">our</seg><seg type="word" me_root="savacioun" pos="n">sauuacioun</seg>
</l>
<l n="54">
<seg type="word" me_root="min" pos="pron%gen">My</seg><seg type="word" me_root="derk" pos="adj">dirke</seg><seg type="word" me_root="soule" pos="n">soule</seg><seg type="word" me_root="of" pos="prep">of</seg><seg type="word" me_root="thin" pos="pron%gen">thy</seg><seg type="word" me_root="grace" pos="n">grace</seg><seg type="word" me_root="enluminen" pos="v%imp">enlumyne</seg>
</l>
<l n="55">
<seg type="word" me_root="and" pos="conj">And</seg><seg type="word" me_root="kepen" pos="v%imp">keepe</seg><seg type="word" me_root="hit" pos="pron">it</seg><seg type="word" me_root="from" pos="prep">fro</seg><seg type="word" me_root="the" pos="def_art">the</seg><seg type="word" me_root="castigacioun" pos="n">castigacioun</seg>
</l>
<l n="56">
<seg type="word" me_root="that" pos="pron_rel">That</seg><seg type="word" me_root="hit" pos="pron">it</seg><seg type="word" me_root="deserven" pos="v%ppl">disserved</seg><seg type="word" me_root="haven" pos="v%pr_3">hath</seg><seg type="word" me_root="in" pos="prep">in</seg><seg type="word" me_root="helle" pos="n%gen">helle</seg><seg type="word" me_root="pine" pos="n1">pyne</seg>
</l>
</lg>
<lg type="stanza" n="8" rhyme="ababbcbc">
<l n="57">
<seg type="word" me_root="if" pos="conj">If</seg><seg type="word" me_root="ich" pos="pron%nom">I</seg><seg type="word" me_root="confessen" pos="v%pr_1">confesse</seg><seg type="word" me_root="min" pos="pron%gen">myn</seg><seg type="word" me_root="iniquite" pos="n">iniquitee</seg>
</l>
<l n="58">
<seg type="word" me_root="ladie" pos="n">Lady</seg><seg type="word" me_root="that" pos="pron_rel">that</seg><seg type="word" me_root="ich" pos="pron%nom">I</seg><seg type="word" me_root="werken" pos="v%ppl">wroght</seg><seg type="word" me_root="haven" pos="v%pr_1">have</seg><seg type="word" me_root="in" pos="prep">in</seg><seg type="word" me_root="thin" pos="pron%gen">thy</seg><seg type="word" me_root="presence" pos="n">presence</seg>
</l>
<l n="59">
<seg type="word" me_root="willen" pos="v%pr_2">Wilt</seg><seg type="word" me_root="thou" pos="pron%nom">thow</seg><seg type="word" me_root="me" pos="pron2%obj">me</seg><seg type="word" me_root="wernen" pos="v%inf">werne</seg><seg type="word" me_root="thin" pos="pron%gen">thy</seg><seg type="word" me_root="benignite" pos="n">benignitee</seg>
</l>
<l n="60">
<seg type="word" me_root="if" pos="conj">If</seg><seg type="word" me_root="that" pos="part">that</seg><seg type="word" me_root="min" pos="pron%gen">my</seg><seg type="word" me_root="gilt" pos="n1">gilt</seg><seg type="word" me_root="and" pos="conj">and</seg><seg type="word" me_root="min" pos="pron%gen">my</seg><seg type="word" me_root="dampnable" pos="adj">dampnable</seg><seg type="word" me_root="offense" pos="n">offense</seg>
</l>
<l n="61">
<seg type="word" me_root="of" pos="prep">Of</seg><seg type="word" me_root="gilt" pos="n1%pl">giltes</seg><seg type="word" me_root="al" pos="gram_adj">alle</seg><seg type="word" me_root="haven" pos="v%pr_pl">have</seg><seg type="word" me_root="a" pos="indef_art">an</seg><seg type="word" me_root="excellence" pos="n">excellence</seg>
</l>
<l n="62">
<seg type="word" me_root="shulen" pos="v1%pr_3">Shal</seg><seg type="word" me_root="thin" pos="pron%gen">thy</seg><seg type="word" me_root="merci" pos="n1">mercy</seg><seg type="word" me_root="ben" pos="v%inf">be</seg><seg type="word" me_root="lesse" pos="adj%comp">lesse</seg><seg type="word" me_root="than" pos="conj">than</seg><seg type="word" me_root="hit" pos="pron">it</seg><seg type="word" me_root="ouen" pos="v%pt_3">oghte</seg>
</l>
<l n="63">
<seg type="word" me_root="mouen" pos="v3%pr_3">May</seg><seg type="word" me_root="not" pos="adv">nat</seg><seg type="word" me_root="thin" pos="pron%gen">thy</seg><seg type="word" me_root="merci" pos="n1">mercy</seg><seg type="word" me_root="with" pos="prep">with</seg><seg type="word" me_root="min" pos="pron%gen">my</seg><seg type="word" me_root="gilt" pos="n1">gilt</seg><seg type="word" me_root="dispensen" pos="v%inf">dispense</seg>
</l>
<l n="64">
<seg type="word" me_root="and" pos="conj">And</seg><seg type="word" me_root="pardoun" pos="n">pardoun</seg><seg type="word" me_root="geten" pos="v1%inf">gete</seg><seg type="word" me_root="of" pos="prep">of</seg><seg type="word" me_root="that" pos="pron">that</seg><seg type="word" me_root="that" pos="pron_rel">that</seg><seg type="word" me_root="hit" pos="pron">it</seg><seg type="word" me_root="miswerken" pos="v%pt_3">miswroghte</seg>
</l>
</lg>
<lg type="stanza" n="9" rhyme="ababbcbc">
<l n="65">
<seg type="word" me_root="the" pos="def_art">The</seg><seg type="word" me_root="more" pos="n3">more</seg><seg type="word" me_root="that" pos="conj">that</seg><seg type="word" me_root="min" pos="pron%gen">my</seg><seg type="word" me_root="gilt" pos="n1">gilt</seg><seg type="word" me_root="passen" pos="v%pr_3">passith</seg><seg type="word" me_root="mesure" pos="n">mesure</seg>
</l>
<l n="66">
<seg type="word" me_root="and" pos="conj">And</seg><seg type="word" me_root="stinken" pos="v%pr_3">stynkith</seg><seg type="word" me_root="in" pos="prep">in</seg><seg type="word" me_root="thin" pos="pron%gen">thy</seg><seg type="word" me_root="sone" pos="n%gen">sones</seg><seg type="word" me_root="sighte" pos="n">sighte</seg><seg type="word" me_root="and" pos="conj">and</seg><seg type="word" me_root="thin" pos="pron%gen">thyn</seg>
</l>
<l n="67">
<seg type="word" me_root="the" pos="def_art">The</seg><seg type="word" me_root="gret" pos="adj%comp">gretter</seg><seg type="word" me_root="nede" pos="n1">neede</seg><seg type="word" me_root="haven" pos="v%pr_3">hath</seg><seg type="word" me_root="hit" pos="pron">it</seg><seg type="word" me_root="of" pos="prep">of</seg><seg type="word" me_root="his" pos="pron1%gen">his</seg><seg type="word" me_root="cure" pos="n1">cure</seg>
</l>
<l n="68">
<seg type="word" me_root="and" pos="conj">And</seg><seg type="word" me_root="of" pos="prep">of</seg><seg type="word" me_root="thin" pos="pron%gen">thyn</seg><seg type="word" me_root="help" pos="n">help,</seg><seg type="word" me_root="wher-for" pos="adv">wherfore</seg><seg type="word" me_root="ladie" pos="n">lady</seg><seg type="word" me_root="min" pos="pron%gen">myn</seg>
</l>
<l n="69">
<seg type="word" me_root="min" pos="pron%gen">My</seg><seg type="word" me_root="soule" pos="n">soule</seg><seg type="word" me_root="from" pos="prep">fro</seg><seg type="word" me_root="the" pos="def_art">the</seg><seg type="word" me_root="net" pos="n1">net</seg><seg type="word" me_root="and" pos="conj">and</seg><seg type="word" me_root="from" pos="prep">fro</seg><seg type="word" me_root="engin" pos="n_art">thengyn</seg>
</l>
<l n="70">
<seg type="word" me_root="of" pos="prep">Of</seg><seg type="word" me_root="him" pos="pron%obj">him</seg><seg type="word" me_root="that" pos="pron_rel">that</seg><seg type="word" me_root="waiten" pos="v%pr_3">waytith</seg><seg type="word" me_root="hit" pos="pron">it</seg><seg type="word" me_root="to" pos="part">to</seg><seg type="word" me_root="slen" pos="v%inf">slee</seg><seg type="word" me_root="thou" pos="pron%nom">thow</seg><seg type="word" me_root="kepen" pos="v%pr_2">keepe</seg>
</l>
<l n="71">
<seg type="word" me_root="his" pos="pron1%gen">His</seg><seg type="word" me_root="sotil" pos="adj">sotil</seg><seg type="word" me_root="snare" pos="n%pl">snares</seg><seg type="word" me_root="and" pos="conj">and</seg><seg type="word" me_root="cacchen" pos="v%prp_abs">cacchynge</seg><seg type="word" me_root="twine" pos="n">twyn</seg>
</l>
<l n="72">
<seg type="word" me_root="in" pos="prep">In</seg><seg type="word" me_root="min" pos="pron%gen">my</seg><seg type="word" me_root="memorie" pos="n">memorie</seg><seg type="word" me_root="fichen" pos="v1%ppl">ficchid</seg><seg type="word" me_root="ben" pos="v%pr_pl">been</seg><seg type="word" me_root="ful" pos="adv">ful</seg><seg type="word" me_root="depe" pos="adv">deepe</seg>
</l>
</lg>
<lg type="stanza" n="10" rhyme="ababbcbc">
<l n="73">
<seg type="word" me_root="ladie" pos="n">Lady</seg><seg type="word" me_root="thin" pos="pron%gen">thyn</seg><seg type="word" me_root="help" pos="n">help</seg><seg type="word" me_root="not" pos="adv">nat</seg><seg type="word" me_root="willen" pos="v%pr_1">wole</seg><seg type="word" me_root="ich" pos="pron%nom">I</seg><seg type="word" me_root="me" pos="pron2%obj">me</seg><seg type="word" me_root="despeiren" pos="v%inf">despeire</seg>
</l>
<l n="74">
<seg type="word" me_root="for" pos="conj">For</seg><seg type="word" me_root="in" pos="prep">in</seg><seg type="word" me_root="min" pos="pron%gen">myn</seg><seg type="word" me_root="herte" pos="n">herte</seg><seg type="word" me_root="fulli" pos="adv">fully</seg><seg type="word" me_root="ich" pos="pron%nom">I</seg><seg type="word" me_root="conceiven" pos="v%pr_1">conceyve</seg>
</l>
<l n="75">
<seg type="word" me_root="that" pos="conj">That</seg><seg type="word" me_root="thou" pos="pron%nom">thow</seg><seg type="word" me_root="to" pos="prep">to</seg><seg type="word" me_root="heven" pos="n">heuene</seg><seg type="word" me_root="ben" pos="v%pr_2">art</seg><seg type="word" me_root="the" pos="def_art">the</seg><seg type="word" me_root="laddere" pos="n">laddre</seg><seg type="word" me_root="and" pos="conj">and</seg><seg type="word" me_root="steire" pos="n">steire</seg>
</l>
<l n="76">
<seg type="word" me_root="bi" pos="prep">By</seg><seg type="word" me_root="which" pos="pron">which</seg><seg type="word" me_root="man" pos="n%pl">men</seg><seg type="word" me_root="climben" pos="v%pr_pl">clymben</seg><seg type="word" me_root="blisse" pos="n">blisse</seg><seg type="word" me_root="to" pos="part">to</seg><seg type="word" me_root="receiven" pos="v%inf">receyue</seg>
</l>
<l n="77">
<seg type="word" me_root="despeir" pos="n">Despeir</seg><seg type="word" me_root="her-after" pos="adv">heereaftir</seg><seg type="word" me_root="shulen" pos="v1%pr_3">shal</seg><seg type="word" me_root="me" pos="pron2%obj">me</seg><seg type="word" me_root="not" pos="adv">nat</seg><seg type="word" me_root="deceiven" pos="v%inf">deceyve</seg>
</l>
<l n="78">
<seg type="word" me_root="that" pos="conj">That</seg><seg type="word" me_root="ich" pos="pron%nom">I</seg><seg type="word" me_root="ne" pos="adv">ne</seg><seg type="word" me_root="shulen" pos="v1%pr_1">shal</seg><seg type="word" me_root="ai" pos="adv">ay</seg><seg type="word" me_root="the" pos="pron2%obj">thee</seg><seg type="word" me_root="bisechen" pos="v%inf">byseeche</seg><seg type="word" me_root="of" pos="prep">of</seg><seg type="word" me_root="grace" pos="n">grace</seg>
</l>
<l n="79">
<seg type="word" me_root="thin" pos="pron%gen">Thy</seg><seg type="word" me_root="might" pos="n">might</seg><seg type="word" me_root="ich" pos="pron%nom">I</seg><seg type="word" me_root="witen" pos="v1%pr_1">woot</seg><seg type="word" me_root="wel" pos="adv">wel</seg><seg type="word" me_root="ben" pos="v%pr_3">is</seg><seg type="word" me_root="min" pos="pron%gen">my</seg><seg type="word" me_root="gilt" pos="n1">gilt</seg><seg type="word" me_root="to" pos="part">to</seg><seg type="word" me_root="weiven" pos="v1&amp;2%inf">weyue</seg>
</l>
<l n="80">
<seg type="word" me_root="and" pos="conj">And</seg><seg type="word" me_root="of" pos="prep">of</seg><seg type="word" me_root="min" pos="pron%gen">my</seg><seg type="word" me_root="trespas" pos="n">trespas</seg><seg type="word" me_root="pardoun" pos="n">pardoun</seg><seg type="word" me_root="me" pos="pron2%obj">me</seg><seg type="word" me_root="purchasen" pos="v%inf">purchace</seg>
</l>
</lg>
<lg type="stanza" n="11" rhyme="ababbcbc">
<l n="81">
<seg type="word" me_root="thou" pos="pron%nom">Thow</seg><seg type="word" me_root="crist" pos="n#propn%gen">Crystes</seg><seg type="word" me_root="moder" pos="n">modir</seg><seg type="word" me_root="shulen" pos="v1%pt_2">sholdest</seg><seg type="word" me_root="never" pos="adv">neuere</seg><seg type="word" me_root="haven" pos="v%inf">han</seg><seg type="word" me_root="ben" pos="v%ppl">be</seg>
</l>
<l n="82">
<seg type="word" me_root="ne" pos="adv">Ne</seg><seg type="word" me_root="haven" pos="v%pt_pl">had</seg><seg type="word" me_root="oure" pos="pron%gen">our</seg><seg type="word" me_root="sinne" pos="n%pl">synnes</seg><seg type="word" me_root="causen" pos="v1%ppl">causid</seg><seg type="word" me_root="hit" pos="pron">it</seg><seg type="word" me_root="certain" pos="adv">certayn</seg>
</l>
<l n="83">
<seg type="word" me_root="for-whi" pos="adv&amp;conj">Forwhy</seg><seg type="word" me_root="hit" pos="pron">it</seg><seg type="word" me_root="haven" pos="v%pt_3">had</seg><seg type="word" me_root="ben" pos="v%ppl">be</seg><seg type="word" me_root="no" pos="gram_adj">no</seg><seg type="word" me_root="necessite" pos="n">necessitee</seg>
</l>
<l n="84">
<seg type="word" me_root="but" pos="conj">But</seg><seg type="word" me_root="for" pos="conj">for</seg><seg type="word" me_root="thou" pos="pron%nom">thow</seg><seg type="word" me_root="quikenen" pos="v%inf">qwikne</seg><seg type="word" me_root="shulen" pos="v1%pt_2">shuldest</seg><seg type="word" me_root="us" pos="pron%pl_obj">vs</seg><seg type="word" me_root="ayen" pos="adv">agayn</seg>
</l>
<l n="85">
<seg type="word" me_root="that" pos="pron_rel">That</seg><seg type="word" me_root="for" pos="prep">for</seg><seg type="word" me_root="oure" pos="pron%gen">our</seg><seg type="word" me_root="gilt" pos="n1">gilt</seg><seg type="word" me_root="originale" pos="adj1">original</seg><seg type="word" me_root="ben" pos="v%pt_pl">wern</seg><seg type="word" me_root="slen" pos="v%ppl">slayn</seg>
</l>
<l n="86">
<seg type="word" me_root="thou" pos="pron%nom">Thow</seg><seg type="word" me_root="ben" pos="v%pr_2">art</seg><seg type="word" me_root="his" pos="pron1%gen">his</seg><seg type="word" me_root="moder" pos="n">modir</seg><seg type="word" me_root="wher-for" pos="adv">wherfore</seg><seg type="word" me_root="ich" pos="pron%nom">I</seg><seg type="word" me_root="the" pos="pron2%obj">thee</seg><seg type="word" me_root="preien" pos="v1%pr_1">preye</seg>
</l>
<l n="87">
<seg type="word" me_root="to" pos="part">To</seg><seg type="word" me_root="saven" pos="v%inf">saue</seg><seg type="word" me_root="me" pos="pron2%obj">me</seg><seg type="word" me_root="haven" pos="v%imp">have</seg><seg type="word" me_root="thou" pos="pron%nom">thow</seg><seg type="word" me_root="no" pos="gram_adj">no</seg><seg type="word" me_root="disdeine" pos="n">desdayn</seg>
</l>
<l n="88">
<seg type="word" me_root="that" pos="pron_rel">That</seg><seg type="word" me_root="of" pos="prep">of</seg><seg type="word" me_root="bounte" pos="n">bountee</seg><seg type="word" me_root="and" pos="conj">and</seg><seg type="word" me_root="merci" pos="n1">mercy</seg><seg type="word" me_root="ben" pos="v%pr_2">art</seg><seg type="word" me_root="the" pos="def_art">the</seg><seg type="word" me_root="keie" pos="n1">keye</seg>
</l>
</lg>
<lg type="stanza" n="12" rhyme="ababbcbc">
<l n="89">
<seg type="word" me_root="even" pos="adv">Evene</seg><seg type="word" me_root="as" pos="conj">as</seg><seg type="word" me_root="the" pos="def_art">the</seg><seg type="word" me_root="mone" pos="n1">moone</seg><seg type="word" me_root="a" pos="indef_art">a</seg><seg type="word" me_root="mene" pos="n3">mene</seg><seg type="word" me_root="ben" pos="v%pr_3">is</seg><seg type="word" me_root="verreilli" pos="adv">verraily</seg>
</l>
<l n="90">
<seg type="word" me_root="bitwixe" pos="prep">Betwixt</seg><seg type="word" me_root="us" pos="pron%pl_obj">vs</seg><seg type="word" me_root="and" pos="conj">and</seg><seg type="word" me_root="the" pos="def_art">the</seg><seg type="word" me_root="sonne" pos="n">sonne</seg><seg type="word" me_root="of" pos="prep">of</seg><seg type="word" me_root="whom" pos="pron%obj">whom</seg><seg type="word" me_root="hire" pos="pron1%fem_gen">hir</seg><seg type="word" me_root="light" pos="n">light</seg>
</l>
<l n="91">
<seg type="word" me_root="she" pos="pron%nom">Shee</seg><seg type="word" me_root="taken" pos="v%pr_3">takith</seg><seg type="word" me_root="and" pos="conj">and</seg><seg type="word" me_root="hit" pos="pron">it</seg><seg type="word" me_root="universelli" pos="adv">vniuerselly</seg>
</l>
<l n="92">
<seg type="word" me_root="yeven" pos="v%pr_3">Yeueth</seg><seg type="word" me_root="unto" pos="prep">vnto</seg><seg type="word" me_root="the" pos="def_art">the</seg><seg type="word" me_root="world" pos="n">world</seg><seg type="word" me_root="whan" pos="adv&amp;conj">whan</seg><seg type="word" me_root="hit" pos="pron">it</seg><seg type="word" me_root="ben" pos="v%pr_3">is</seg><seg type="word" me_root="night" pos="n">nyght</seg>
</l>
<l n="93">
<seg type="word" me_root="in" pos="prep">In</seg><seg type="word" me_root="swich" pos="gram_adj">swich</seg><seg type="word" me_root="a" pos="indef_art">a</seg><seg type="word" me_root="wise" pos="n2">wyse</seg><seg type="word" me_root="god" pos="n1#propn">God,</seg><seg type="word" me_root="thin" pos="pron%gen">thy</seg><seg type="word" me_root="sone" pos="n">sone</seg><seg type="word" me_root="right" pos="adj">right</seg>
</l>
<l n="94">
<seg type="word" me_root="the" pos="def_art">The</seg><seg type="word" me_root="light" pos="n">light</seg><seg type="word" me_root="of" pos="prep">of</seg><seg type="word" me_root="grace" pos="n">grace</seg><seg type="word" me_root="bitaken" pos="v%pt_3">betook</seg><seg type="word" me_root="unto" pos="prep">vnto</seg><seg type="word" me_root="the" pos="pron2%obj">thee</seg>
</l>
<l n="95">
<seg type="word" me_root="forto" pos="part">Forto</seg><seg type="word" me_root="to" pos="part">to</seg><seg type="word" me_root="ministren" pos="v%inf">mynistre</seg><seg type="word" me_root="hit" pos="pron">it</seg><seg type="word" me_root="unto" pos="prep">vnto</seg><seg type="word" me_root="everi" pos="pron_gram_adj">every</seg><seg type="word" me_root="wight" pos="n">wight</seg>
</l>
<l n="96">
<seg type="word" me_root="that" pos="pron_rel">That</seg><seg type="word" me_root="ther-of" pos="adv">thereof</seg><seg type="word" me_root="listen" pos="v1%pr_3">list</seg><seg type="word" me_root="enluminen" pos="v%ppl">enlumyned</seg><seg type="word" me_root="to" pos="part">to</seg><seg type="word" me_root="ben" pos="v%inf">be</seg>
</l>
</lg>
<lg type="stanza" n="13" rhyme="ababbcbc">
<l n="97">
<seg type="word" me_root="thin" pos="pron%gen">Thyn</seg><seg type="word" me_root="humble" pos="adj">humble</seg><seg type="word" me_root="gost" pos="n">goost</seg><seg type="word" me_root="and" pos="conj">and</seg><seg type="word" me_root="maiden" pos="n%gen">maydens</seg><seg type="word" me_root="chastite" pos="n">chastitee</seg>
</l>
<l n="98">
<seg type="word" me_root="for" pos="prep">For</seg><seg type="word" me_root="oure" pos="pron%gen">our</seg><seg type="word" me_root="bihove" pos="n">behoue</seg><seg type="word" me_root="haven" pos="v%pr_pl">han</seg><seg type="word" me_root="so" pos="adv">so</seg><seg type="word" me_root="muchel" pos="n">mochil</seg><seg type="word" me_root="werken" pos="v%ppl">wroght</seg>
</l>
<l n="99">
<seg type="word" me_root="in" pos="prep">In</seg><seg type="word" me_root="sondri" pos="adj">sundry</seg><seg type="word" me_root="wise" pos="n2">wyse</seg><seg type="word" me_root="as" pos="conj">as</seg><seg type="word" me_root="that" pos="part">that</seg><seg type="word" me_root="wel" pos="adv">wel</seg><seg type="word" me_root="knouen" pos="v%pr_pl">knowen</seg><seg type="word" me_root="we" pos="pron%pl_nom">we</seg>
</l>
<l n="100">
<seg type="word" me_root="that" pos="conj">That</seg><seg type="word" me_root="the" pos="pron2%obj">thee</seg><seg type="word" me_root="to" pos="part">to</seg><seg type="word" me_root="thanken" pos="v%inf">thanke</seg><seg type="word" me_root="we" pos="pron%pl_nom">we</seg><seg type="word" me_root="suffisen" pos="v%pr_pl">souffyse</seg><seg type="word" me_root="nought" pos="adv">noght</seg>
</l>
<l n="101">
<seg type="word" me_root="thou" pos="pron%nom">Thow</seg><seg type="word" me_root="haven" pos="v%pr_2">hast</seg><seg type="word" me_root="us" pos="pron%pl_obj">vs</seg><seg type="word" me_root="unto" pos="prep">vnto</seg><seg type="word" me_root="swich" pos="gram_adj">swich</seg><seg type="word" me_root="a" pos="indef_art">a</seg><seg type="word" me_root="plight" pos="n">plyt</seg><seg type="word" me_root="bringen" pos="v%ppl">Ibroght</seg>
</l>
<l n="102">
<seg type="word" me_root="that" pos="conj">That</seg><seg type="word" me_root="he" pos="pron1%nom">he</seg><seg type="word" me_root="that" pos="pron_rel">that</seg><seg type="word" me_root="lord" pos="n">lord</seg><seg type="word" me_root="ben" pos="v%pt_3">was</seg><seg type="word" me_root="som-time" pos="adv">sumtyme</seg><seg type="word" me_root="of" pos="prep">of</seg><seg type="word" me_root="vengeaunce" pos="n">vengeance</seg>
</l>
<l n="103">
<seg type="word" me_root="with" pos="prep">With</seg><seg type="word" me_root="his" pos="pron1%gen">his</seg><seg type="word" me_root="blod" pos="n1">blood</seg><seg type="word" me_root="haven" pos="v%pr_3">hath</seg><seg type="word" me_root="oure" pos="pron%gen">our</seg><seg type="word" me_root="sinful" pos="adj">synful</seg><seg type="word" me_root="soule" pos="n%pl">soules</seg><seg type="word" me_root="bien" pos="v%ppl">boght</seg>
</l>
<l n="104">
<seg type="word" me_root="and" pos="conj">And</seg><seg type="word" me_root="ben" pos="v%pr_3">is</seg><seg type="word" me_root="nou" pos="adv">now</seg><seg type="word" me_root="lord" pos="n">lord</seg><seg type="word" me_root="of" pos="prep">of</seg><seg type="word" me_root="merci" pos="n1">mercy</seg><seg type="word" me_root="and" pos="conj">and</seg><seg type="word" me_root="sufferaunce" pos="n">souffrance</seg>
</l>
</lg>
<lg type="stanza" n="14" rhyme="ababbcbc">
<l n="105">
<seg type="word" me_root="wher" pos="adv&amp;conj">Where</seg><seg type="word" me_root="ben" pos="v%pr_3">is</seg><seg type="word" me_root="a" pos="indef_art">a</seg><seg type="word" me_root="streight" pos="adj%comp">streighter</seg><seg type="word" me_root="wei" pos="n">way</seg><seg type="word" me_root="unto" pos="prep">vnto</seg><seg type="word" me_root="man-kinde" pos="n">mankynde</seg>
</l>
<l n="106">
<seg type="word" me_root="to" pos="prep">To</seg><seg type="word" me_root="god" pos="n1#propn">God,</seg><seg type="word" me_root="thin" pos="pron%gen">thy</seg><seg type="word" me_root="sone" pos="n">sone</seg><seg type="word" me_root="oure" pos="pron%gen">our</seg><seg type="word" me_root="soule" pos="n%pl">soules</seg><seg type="word" me_root="forto" pos="part">forto</seg><seg type="word" me_root="to" pos="part">to</seg><seg type="word" me_root="leden" pos="v1%inf">lede</seg>
</l>
<l n="107">
<seg type="word" me_root="than" pos="conj">Than</seg><seg type="word" me_root="wher-as" pos="adv">whereas</seg><seg type="word" me_root="that" pos="part">that</seg><seg type="word" me_root="we" pos="pron%pl_nom">we</seg><seg type="word" me_root="mouen" pos="v3%pr_pl">may</seg><seg type="word" me_root="thin" pos="pron%gen">thy</seg><seg type="word" me_root="sone" pos="n">sone</seg><seg type="word" me_root="finden" pos="v%inf">fynde</seg>
</l>
<l n="108">
<seg type="word" me_root="biforen" pos="prep">Beforn</seg><seg type="word" me_root="his" pos="pron1%gen">his</seg><seg type="word" me_root="fader" pos="n">fadir</seg><seg type="word" me_root="with" pos="prep">with</seg><seg type="word" me_root="his" pos="pron1%gen">his</seg><seg type="word" me_root="wound" pos="n%pl">wowndes</seg><seg type="word" me_root="red" pos="adj">rede</seg>
</l>
<l n="109">
<seg type="word" me_root="and" pos="conj">And</seg><seg type="word" me_root="the" pos="pron2%obj">the</seg><seg type="word" me_root="biforen" pos="prep">before</seg><seg type="word" me_root="hem" pos="pron%pl_obj">hem,</seg><seg type="word" me_root="merci" pos="n1">mercy</seg><seg type="word" me_root="forto" pos="part">forto</seg><seg type="word" me_root="to" pos="part">to</seg><seg type="word" me_root="greden" pos="v%inf">grede</seg>
</l>
<l n="110">
<seg type="word" me_root="thin" pos="pron%gen">Thy</seg><seg type="word" me_root="sone" pos="n">sone</seg><seg type="word" me_root="his" pos="pron1%gen">his</seg><seg type="word" me_root="bodi" pos="n">body</seg><seg type="word" me_root="sheuen" pos="v1%pr_3">shewith</seg><seg type="word" me_root="al" pos="adv">al</seg><seg type="word" me_root="bibleden" pos="v%ppl_abs">bybled</seg>
</l>
<l n="111">
<seg type="word" me_root="and" pos="conj">And</seg><seg type="word" me_root="to" pos="prep">to</seg><seg type="word" me_root="thin" pos="pron%gen">thy</seg><seg type="word" me_root="sone" pos="n">sone</seg><seg type="word" me_root="also" pos="adv">also</seg><seg type="word" me_root="thin" pos="pron%gen">thy</seg><seg type="word" me_root="maidenhede" pos="n">maydenhede</seg>
</l>
<l n="112">
<seg type="word" me_root="sheuen" pos="v1%pr_3">Shewith</seg><seg type="word" me_root="the" pos="def_art">the</seg><seg type="word" me_root="pappe" pos="n%pl">pappes</seg><seg type="word" me_root="wher-with" pos="adv">wherwith</seg><seg type="word" me_root="he" pos="pron1%nom">he</seg><seg type="word" me_root="ben" pos="v%pt_3">was</seg><seg type="word" me_root="feden" pos="v%ppl">fed</seg>
</l>
</lg>
<lg type="stanza" n="15" rhyme="ababbcbc">
<l n="113">
<seg type="word" me_root="o" pos="interj">O</seg><seg type="word" me_root="blessed" pos="ppl">blessid</seg><seg type="word" me_root="Jesu" pos="n#propn">Jhesu</seg><seg type="word" me_root="for" pos="prep">for</seg><seg type="word" me_root="thin" pos="pron%gen">thy</seg><seg type="word" me_root="moder" pos="n%gen">modres</seg><seg type="word" me_root="love" pos="n1">love</seg>
</l>
<l n="114">
<seg type="word" me_root="and" pos="conj">And</seg><seg type="word" me_root="moder" pos="n">modir</seg><seg type="word" me_root="for" pos="conj">for</seg><seg type="word" me_root="the" pos="def_art">the</seg><seg type="word" me_root="heigh" pos="adj">hy</seg><seg type="word" me_root="dileccioun" pos="n">dileccion</seg>
</l>
<l n="115">
<seg type="word" me_root="that" pos="pron_rel">That</seg><seg type="word" me_root="thou" pos="pron%nom">thow</seg><seg type="word" me_root="haven" pos="v%pr_2">hast</seg><seg type="word" me_root="to" pos="prep">to</seg><seg type="word" me_root="thin" pos="pron%gen">thy</seg><seg type="word" me_root="sone" pos="n">sone</seg><seg type="word" me_root="in" pos="prep">in</seg><seg type="word" me_root="heven" pos="n">heuene</seg><seg type="word" me_root="aboven" pos="adv">aboue</seg>
</l>
<l n="116">
<seg type="word" me_root="haven" pos="v%imp">Haveth</seg><seg type="word" me_root="me" pos="pron2%obj">me</seg><seg type="word" me_root="bothe" pos="num#pron">bothe</seg><seg type="word" me_root="in" pos="prep">in</seg><seg type="word" me_root="your" pos="pron%pl_gen">your</seg><seg type="word" me_root="proteccioun" pos="n">proteccion</seg>
</l>
<l n="117">
<seg type="word" me_root="plaunten" pos="v%imp">Plante</seg><seg type="word" me_root="in" pos="prep">in</seg><seg type="word" me_root="min" pos="pron%gen">myn</seg><seg type="word" me_root="herte" pos="n">herte</seg><seg type="word" me_root="swich" pos="gram_adj">swich</seg><seg type="word" me_root="correccioun" pos="n">correccion</seg>
</l>
<l n="118">
<seg type="word" me_root="that" pos="conj">That</seg><seg type="word" me_root="ich" pos="pron%nom">I</seg><seg type="word" me_root="your" pos="pron%pl_gen">your</seg><seg type="word" me_root="grace" pos="n">grace</seg><seg type="word" me_root="and" pos="conj">and</seg><seg type="word" me_root="your" pos="pron%pl_gen">your</seg><seg type="word" me_root="merci" pos="n1">mercy</seg><seg type="word" me_root="mouen" pos="v3%pr_3">may</seg><seg type="word" me_root="haven" pos="v%inf">have</seg>
</l>
<l n="119">
<seg type="word" me_root="and" pos="conj">And</seg><seg type="word" me_root="fulli" pos="adv">fully</seg><seg type="word" me_root="stonden" pos="v1%inf">stande</seg><seg type="word" me_root="in" pos="prep">in</seg><seg type="word" me_root="your" pos="pron%pl_gen">youre</seg><seg type="word" me_root="affeccioun" pos="n">affeccion</seg>
</l>
<l n="120">
<seg type="word" me_root="er" pos="conj1">Or</seg><seg type="word" me_root="min" pos="pron%gen">my</seg><seg type="word" me_root="bodi" pos="n">body</seg><seg type="word" me_root="ben" pos="v%pr_3">be</seg><seg type="word" me_root="clothen" pos="v%ppl">clothid</seg><seg type="word" me_root="in" pos="prep">in</seg><seg type="word" me_root="his" pos="pron1%gen">his</seg><seg type="word" me_root="grave" pos="n1">grave</seg>
</l>
</lg>
<!-- <lg type="stanza" n="16" rhyme="ababbcbc">
<l n="0">

</l>
<l n="118">
<seg type="word" me_root="that" pos="conj">That</seg><seg type="word" me_root="ich" pos="pron%nom">I</seg><seg type="word" me_root="your" pos="pron%pl_gen">your</seg><seg type="word" me_root="grace" pos="n">grace</seg><seg type="word" me_root="and" pos="conj">and</seg><seg type="word" me_root="your" pos="pron%pl_gen">your</seg><seg type="word" me_root="merci" pos="n1">mercy</seg><seg type="word" me_root="mouen" pos="v3%pr_3">may</seg><seg type="word" me_root="haven" pos="v%">have</seg>
</l>
</lg> -->
</poem>
