<?xml version="1.0" encoding="UTF-8"?>
<poem id="23-hoc">
<lg type="stanza" n="1" rhyme="ababbcc">
<l n="1">
<seg type="word" me_root="o" pos="interj">O</seg><seg type="word" me_root="blessed" pos="ppl">blessid</seg><seg type="word" me_root="child" pos="n">chyld</seg><seg type="word" me_root="Jesu" pos="n#propn">Jhesu</seg><seg type="word" me_root="what" pos="pron_interr">what</seg><seg type="word" me_root="haven" pos="v%pr_2">haast</seg><seg type="word" me_root="thou" pos="pron%nom">thou</seg><seg type="word" me_root="don" pos="v1%ppl">do</seg>
</l>
<l n="2">
<seg type="word" me_root="that" pos="pron_rel">That</seg><seg type="word" me_root="for" pos="prep">for</seg><seg type="word" me_root="us" pos="pron%pl_obj">vs</seg><seg type="word" me_root="shulen" pos="v1%pt_2">shuldist</seg><seg type="word" me_root="sufferen" pos="v%inf">souffre</seg><seg type="word" me_root="swich" pos="gram_adj">swich</seg><seg type="word" me_root="juwise" pos="n">jewyse</seg>
</l>
<l n="3">
<seg type="word" me_root="loven" pos="v1#adj%prp">Lovynge</seg><seg type="word" me_root="child" pos="n">chyld</seg><seg type="word" me_root="what" pos="pron_interr">what</seg><seg type="word" me_root="stiren" pos="v%pt_3">stired</seg><seg type="word" me_root="the" pos="pron2%obj">thee</seg><seg type="word" me_root="ther-to" pos="adv">therto</seg>
</l>
<l n="4">
<seg type="word" me_root="that" pos="conj">That</seg><seg type="word" me_root="thou" pos="pron%nom">thou</seg><seg type="word" me_root="willen" pos="v%pt_2">woldest</seg><seg type="word" me_root="ben" pos="v%inf">be</seg><seg type="word" me_root="treten" pos="v%ppl">treted</seg><seg type="word" me_root="in" pos="prep">in</seg><seg type="word" me_root="swich" pos="gram_adj">swich</seg><seg type="word" me_root="wise" pos="n2">wyse</seg>
</l>
<l n="5">
<seg type="word" me_root="what" pos="pron_interr">What</seg><seg type="word" me_root="causen" pos="v1%pt_3">causid</seg><seg type="word" me_root="the" pos="pron2%obj">thee</seg><seg type="word" me_root="to" pos="part">to</seg><seg type="word" me_root="taken" pos="v%inf">take</seg><seg type="word" me_root="that" pos="art&amp;gram_adj">that</seg><seg type="word" me_root="emprise" pos="n">empryse</seg>
</l>
<l n="6">
<seg type="word" me_root="what" pos="pron_interr">What</seg><seg type="word" me_root="ben" pos="v%pt_3">was</seg><seg type="word" me_root="thin" pos="pron%gen">thy</seg><seg type="word" me_root="gilt" pos="n1">gilt</seg><seg type="word" me_root="and" pos="conj">and</seg><seg type="word" me_root="thin" pos="pron%gen">thyn</seg><seg type="word" me_root="offense" pos="n">offense</seg><seg type="word" me_root="ich" pos="pron%nom">I</seg><seg type="word" me_root="preien" pos="v1%pr_1">preye</seg>
</l>
<l n="7">
<seg type="word" me_root="and" pos="conj">And</seg><seg type="word" me_root="cause" pos="n">cause</seg><seg type="word" me_root="of" pos="prep">of</seg><seg type="word" me_root="deth" pos="n">deeth</seg><seg type="word" me_root="and" pos="conj">and</seg><seg type="word" me_root="dampning" pos="ger">dampnyng</seg><seg type="word" me_root="ek" pos="adv">eek</seg><seg type="word" me_root="ich" pos="pron%nom">I</seg><seg type="word" me_root="seien" pos="v1%pr_1">seye</seg>
</l>
</lg>
<lg type="stanza" n="2" rhyme="ababbcc">
<l n="8">
<seg type="word" me_root="ich" pos="pron%nom">I</seg><seg type="word" me_root="ben" pos="v%pr_1">am</seg><seg type="word" me_root="the" pos="def_art">the</seg><seg type="word" me_root="wound" pos="n">wownde</seg><seg type="word" me_root="of" pos="prep">of</seg><seg type="word" me_root="al" pos="gram_adj">al</seg><seg type="word" me_root="thin" pos="pron%gen">thy</seg><seg type="word" me_root="grevaunce" pos="n">grevance</seg>
</l>
<l n="9">
<seg type="word" me_root="ich" pos="pron%nom">I</seg><seg type="word" me_root="ben" pos="v%pr_1">am</seg><seg type="word" me_root="the" pos="def_art">the</seg><seg type="word" me_root="cause" pos="n">cause</seg><seg type="word" me_root="of" pos="prep">of</seg><seg type="word" me_root="thin" pos="pron%gen">thyn</seg><seg type="word" me_root="occisioun" pos="n">occisioun</seg>
</l>
<l n="10">
<seg type="word" me_root="and" pos="conj">And</seg><seg type="word" me_root="of" pos="prep">of</seg><seg type="word" me_root="thin" pos="pron%gen">thy</seg><seg type="word" me_root="deth" pos="n">deeth</seg><seg type="word" me_root="desert" pos="n1">dessert</seg><seg type="word" me_root="of" pos="prep">of</seg><seg type="word" me_root="thin" pos="pron%gen">thy</seg><seg type="word" me_root="vengeaunce" pos="n">vengeance</seg>
</l>
<l n="11">
<seg type="word" me_root="ich" pos="pron%nom">I</seg><seg type="word" me_root="ben" pos="v%pr_1">am</seg><seg type="word" me_root="also" pos="adv">also</seg><seg type="word" me_root="verrei" pos="adj">verray</seg><seg type="word" me_root="flagicioun" pos="n">flagicioun</seg>
</l>
<l n="12">
<seg type="word" me_root="ich" pos="pron%nom">I</seg><seg type="word" me_root="causen" pos="v1%pt_1">causid</seg><seg type="word" me_root="the" pos="pron2%obj">thee</seg><seg type="word" me_root="thin" pos="pron%gen">thy</seg><seg type="word" me_root="grevous" pos="adj">grevous</seg><seg type="word" me_root="passioun" pos="n">passioun</seg>
</l>
<l n="13">
<seg type="word" me_root="of" pos="prep">Of</seg><seg type="word" me_root="thin" pos="pron%gen">thy</seg><seg type="word" me_root="torment" pos="n">torment</seg><seg type="word" me_root="ich" pos="pron%nom">I</seg><seg type="word" me_root="ben" pos="v%pr_1">am</seg><seg type="word" me_root="solicitour" pos="n">solicitour</seg>
</l>
<l n="14">
<seg type="word" me_root="thou" pos="pron%nom">Thou</seg><seg type="word" me_root="god" pos="n1#propn%gen">Goddes</seg><seg type="word" me_root="sone" pos="n">sone</seg><seg type="word" me_root="oure" pos="pron%gen">our</seg><seg type="word" me_root="lord" pos="n">lord</seg><seg type="word" me_root="and" pos="conj">and</seg><seg type="word" me_root="saveour" pos="n">sauueour</seg>
</l>
</lg>
<lg type="stanza" n="3" rhyme="ababbcc">
<l n="15">
<seg type="word" me_root="o" pos="interj">O</seg><seg type="word" me_root="god" pos="n1#propn%gen">Goddes</seg><seg type="word" me_root="secre" pos="adj">secree</seg><seg type="word" me_root="disposicioun" pos="n">disposicioun</seg>
</l>
<l n="16">
<seg type="word" me_root="and" pos="conj">And</seg><seg type="word" me_root="wonderful" pos="adj">wondirful</seg><seg type="word" me_root="and" pos="conj">and</seg><seg type="word" me_root="prive" pos="adj1">priuee</seg><seg type="word" me_root="jugement" pos="n">jugement</seg>
</l>
<l n="17">
<seg type="word" me_root="ful" pos="adv">Ful</seg><seg type="word" me_root="merveillous" pos="adj">merueillous</seg><seg type="word" me_root="ben" pos="v%pr_3">is</seg><seg type="word" me_root="thin" pos="pron%gen">thy</seg><seg type="word" me_root="condicioun" pos="n">condicioun</seg>
</l>
<l n="18">
<seg type="word" me_root="the" pos="def_art">The</seg><seg type="word" me_root="wikked" pos="adj">wikkid</seg><seg type="word" me_root="man" pos="n">man</seg><seg type="word" me_root="sinnen" pos="v%pr_3">synneth</seg><seg type="word" me_root="the" pos="def_art">the</seg><seg type="word" me_root="god" pos="adjas_n">good</seg><seg type="word" me_root="ben" pos="v%pr_3">is</seg><seg type="word" me_root="shenden" pos="v%ppl">shent</seg>
</l>
<l n="19">
<seg type="word" me_root="the" pos="def_art">The</seg><seg type="word" me_root="gilti" pos="ad#n">gilty</seg><seg type="word" me_root="trespassen" pos="v%pr_3">trespaceth</seg><seg type="word" me_root="the" pos="def_art">the</seg><seg type="word" me_root="innocent" pos="adj">Innocent</seg>
</l>
<l n="20">
<seg type="word" me_root="ben" pos="v%pr_3">Is</seg><seg type="word" me_root="beten" pos="v1%ppl">beten</seg><seg type="word" me_root="and" pos="conj">and</seg><seg type="word" me_root="the" pos="def_art">the</seg><seg type="word" me_root="shreue" pos="n">shrewe</seg><seg type="word" me_root="don" pos="v1%pr_3">dooth</seg><seg type="word" me_root="offense" pos="n">offense</seg>
</l>
<l n="21">
<seg type="word" me_root="the" pos="def_art">The</seg><seg type="word" me_root="mek" pos="adjas_n">meek</seg><seg type="word" me_root="ben" pos="v%pr_3">is</seg><seg type="word" me_root="dampnen" pos="v%ppl">dampned</seg><seg type="word" me_root="in" pos="prep">in</seg><seg type="word" me_root="his" pos="pron1%gen">his</seg><seg type="word" me_root="innocence" pos="n">innocence</seg>
</l>
</lg>
<lg type="stanza" n="4" rhyme="ababbcc">
<l n="22">
<seg type="word" me_root="the" pos="def_art">The</seg><seg type="word" me_root="peine" pos="n">peyne</seg><seg type="word" me_root="that" pos="pron_rel">that</seg><seg type="word" me_root="the" pos="def_art">the</seg><seg type="word" me_root="wikked" pos="adj">wikkid</seg><seg type="word" me_root="man" pos="n">man</seg><seg type="word" me_root="deserven" pos="v%pr_3">disserveth</seg>
</l>
<l n="23">
<seg type="word" me_root="the" pos="def_art">The</seg><seg type="word" me_root="giltles" pos="n">giltelees</seg><seg type="word" me_root="receiven" pos="v%pr_3">receiueth</seg><seg type="word" me_root="pacientli" pos="adv">paciently</seg>
</l>
<l n="24">
<seg type="word" me_root="the" pos="def_art">The</seg><seg type="word" me_root="lord" pos="n">lord</seg><seg type="word" me_root="his" pos="pron1%gen">his</seg><seg type="word" me_root="servaunt" pos="n">seruant</seg><seg type="word" me_root="in" pos="prep">in</seg><seg type="word" me_root="his" pos="pron1%gen">his</seg><seg type="word" me_root="gilt" pos="n1">gilt</seg><seg type="word" me_root="preserven" pos="v%pr_3">preserueth</seg>
</l>
<l n="25">
<seg type="word" me_root="from" pos="prep">Fro</seg><seg type="word" me_root="punishinge" pos="ger">punysshyng</seg><seg type="word" me_root="and" pos="conj">and</seg><seg type="word" me_root="bien" pos="v%pr_3">bieth</seg><seg type="word" me_root="hit" pos="pron">it</seg><seg type="word" me_root="dereli" pos="adv2">deerly</seg>
</l>
<l n="26">
<seg type="word" me_root="him-self" pos="pron">Him-self</seg><seg type="word" me_root="and" pos="conj">and</seg><seg type="word" me_root="that" pos="pron">that</seg><seg type="word" me_root="the" pos="def_art">the</seg><seg type="word" me_root="man" pos="n">man</seg><seg type="word" me_root="don" pos="v1%pr_3">dooth</seg><seg type="word" me_root="wikkidli" pos="adv">wikkidly</seg>
</l>
<l n="27">
<seg type="word" me_root="god" pos="n1#propn">God</seg><seg type="word" me_root="kepen" pos="v%pr_3">keepith</seg><seg type="word" me_root="him" pos="pron%obj">him</seg><seg type="word" me_root="from" pos="prep">fro</seg><seg type="word" me_root="punishinge" pos="ger">punisshyng</seg><seg type="word" me_root="and" pos="conj">and</seg><seg type="word" me_root="tene" pos="n2">teene</seg>
</l>
<l n="28">
<seg type="word" me_root="and" pos="conj">And</seg><seg type="word" me_root="al" pos="gram_adj">al</seg><seg type="word" me_root="that" pos="art&amp;gram_adj">that</seg><seg type="word" me_root="charge" pos="n">charge</seg><seg type="word" me_root="him" pos="pron%obj">him</seg><seg type="word" me_root="listen" pos="v1%pr_3">list</seg><seg type="word" me_root="for" pos="prep">for</seg><seg type="word" me_root="him" pos="pron%obj">him</seg><seg type="word" me_root="sustenen" pos="v%inf">susteene</seg>
</l>
</lg>
<lg type="stanza" n="5" rhyme="ababbcc">
<l n="29">
<seg type="word" me_root="from" pos="prep">Fro</seg><seg type="word" me_root="whennes" pos="adv">whenne</seg><seg type="word" me_root="blessed" pos="ppl">blessid</seg><seg type="word" me_root="sone" pos="n">sone</seg><seg type="word" me_root="of" pos="prep">of</seg><seg type="word" me_root="god" pos="n1#propn">God,</seg><seg type="word" me_root="from" pos="prep">fro</seg><seg type="word" me_root="whennes" pos="adv">whenne</seg>
</l>
<l n="30">
<seg type="word" me_root="descenden" pos="v%ppl">Descendid</seg><seg type="word" me_root="ben" pos="v%pr_3">is</seg><seg type="word" me_root="thin" pos="pron%gen">thy</seg><seg type="word" me_root="gret" pos="adj%sg">greet</seg><seg type="word" me_root="humilite" pos="n">humilitee</seg>
</l>
<l n="31">
<seg type="word" me_root="whennes" pos="adv">Whens</seg><seg type="word" me_root="comen" pos="v%pr_3">comth</seg><seg type="word" me_root="the" pos="def_art">the</seg><seg type="word" me_root="love" pos="n1">love</seg><seg type="word" me_root="we" pos="pron%pl_nom">we</seg><seg type="word" me_root="felen" pos="v1%pr_pl">feele</seg><seg type="word" me_root="in" pos="prep">in</seg><seg type="word" me_root="the" pos="pron2%obj">thee</seg><seg type="word" me_root="brennen" pos="v%inf">brenne</seg>
</l>
<l n="32">
<seg type="word" me_root="from" pos="prep">Fro</seg><seg type="word" me_root="whennes" pos="adv">whens</seg><seg type="word" me_root="ek" pos="adv">eek</seg><seg type="word" me_root="ben" pos="v%pr_3">is</seg><seg type="word" me_root="proceden" pos="v%ppl">procedid</seg><seg type="word" me_root="thin" pos="pron%gen">thy</seg><seg type="word" me_root="pite" pos="n">pitee</seg>
</l>
<l n="33">
<seg type="word" me_root="and" pos="conj">And</seg><seg type="word" me_root="from" pos="prep">fro</seg><seg type="word" me_root="whennes" pos="adv">whens</seg><seg type="word" me_root="grouen" pos="v%pr_3">growith</seg><seg type="word" me_root="thin" pos="pron%gen">thy</seg><seg type="word" me_root="benignite" pos="n">benignitee</seg>
</l>
<l n="34">
<seg type="word" me_root="whennes" pos="adv">Whens</seg><seg type="word" me_root="strecchen" pos="v%pr_3">strecchith</seg><seg type="word" me_root="thin" pos="pron%gen">thy</seg><seg type="word" me_root="love" pos="n1">love</seg><seg type="word" me_root="and" pos="conj">and</seg><seg type="word" me_root="affeccioun" pos="n">affeccioun</seg>
</l>
<l n="35">
<seg type="word" me_root="from" pos="prep">Fro</seg><seg type="word" me_root="whennes" pos="adv">whens</seg><seg type="word" me_root="ben" pos="v%pr_3">is</seg><seg type="word" me_root="springen" pos="v%ppl">sprongen</seg><seg type="word" me_root="thin" pos="pron%gen">thy</seg><seg type="word" me_root="compassioun" pos="n">conpassioun</seg>
</l>
</lg>
<lg type="stanza" n="6" rhyme="ababbcc">
<l n="36">
<seg type="word" me_root="ich" pos="pron%nom">I</seg><seg type="word" me_root="ben" pos="v%pr_1">am</seg><seg type="word" me_root="he" pos="pron1%nom">he</seg><seg type="word" me_root="that" pos="pron_rel">that</seg><seg type="word" me_root="werken" pos="v%ppl">wroght</seg><seg type="word" me_root="haven" pos="v%pr_3">have</seg><seg type="word" me_root="sinfulli" pos="adv">synfully</seg>
</l>
<l n="37">
<seg type="word" me_root="and" pos="conj">And</seg><seg type="word" me_root="thou" pos="pron%nom">thou</seg><seg type="word" me_root="giltles" pos="adj">giltlees,</seg><seg type="word" me_root="taken" pos="v%pt_2">took</seg><seg type="word" me_root="upon" pos="prep">vpon</seg><seg type="word" me_root="the" pos="pron2%obj">thee</seg><seg type="word" me_root="the" pos="def_art">the</seg><seg type="word" me_root="peine" pos="n">peyne</seg>
</l>
<l n="38">
<seg type="word" me_root="ich" pos="pron%nom">I</seg><seg type="word" me_root="don" pos="v1%pt_1">dide,</seg><seg type="word" me_root="amis" pos="adv">amis</seg><seg type="word" me_root="ich" pos="pron%nom">I</seg><seg type="word" me_root="sinnen" pos="v%pt_1">synned</seg><seg type="word" me_root="grevousli" pos="adv">grevously</seg>
</l>
<l n="39">
<seg type="word" me_root="for" pos="prep">For</seg><seg type="word" me_root="which" pos="pron">which</seg><seg type="word" me_root="thou" pos="pron%nom">thou</seg><seg type="word" me_root="greven" pos="v%ppl">greeved</seg><seg type="word" me_root="ben" pos="v%pt_2">were</seg><seg type="word" me_root="in" pos="prep">in</seg><seg type="word" me_root="everi" pos="pron_gram_adj">every</seg><seg type="word" me_root="veine" pos="n">veyne</seg>
</l>
<l n="40">
<seg type="word" me_root="thin" pos="pron%gen">Thy</seg><seg type="word" me_root="loven" pos="v1#adj%prp">lovyng</seg><seg type="word" me_root="charite" pos="n">charitee</seg><seg type="word" me_root="not" pos="adv">nat</seg><seg type="word" me_root="listen" pos="v1%pr_3">list</seg><seg type="word" me_root="disdeinen" pos="v%inf">desdeyne</seg>
</l>
<l n="41">
<seg type="word" me_root="to" pos="part">To</seg><seg type="word" me_root="bien" pos="v%inf">bye</seg><seg type="word" me_root="oure" pos="pron%gen">our</seg><seg type="word" me_root="gilt" pos="n1">gilt</seg><seg type="word" me_root="though" pos="conj">thogh</seg><seg type="word" me_root="thou" pos="pron%nom">thou</seg><seg type="word" me_root="ben" pos="v%pt_2">were</seg><seg type="word" me_root="innocent" pos="adj">innocent</seg>
</l>
<l n="42">
<seg type="word" me_root="but" pos="conj">But</seg><seg type="word" me_root="on" pos="prep">on</seg><seg type="word" me_root="the" pos="def_art">the</seg><seg type="word" me_root="crois" pos="n">crois</seg><seg type="word" me_root="sufferen" pos="v%pt_2">souffriddist</seg><seg type="word" me_root="thin" pos="pron%gen">thy</seg><seg type="word" me_root="torment" pos="n">torment</seg>
</l>
</lg>
<lg type="stanza" n="7" rhyme="ababbcc">
<l n="43">
<seg type="word" me_root="ich" pos="pron%nom">I</seg><seg type="word" me_root="waxen" pos="v1%ppl">woxe</seg><seg type="word" me_root="ben" pos="v%pr_1">am</seg><seg type="word" me_root="proud" pos="adj">prowd</seg><seg type="word" me_root="thou" pos="pron%nom">thou</seg><seg type="word" me_root="kepen" pos="v%pr_2">keepist</seg><seg type="word" me_root="thin" pos="pron%gen">thy</seg><seg type="word" me_root="meknesse" pos="n">meeknesse</seg>
</l>
<l n="44">
<seg type="word" me_root="min" pos="pron%gen">My</seg><seg type="word" me_root="flesh" pos="n">flessh</seg><seg type="word" me_root="ben" pos="v%pr_3">is</seg><seg type="word" me_root="bolnen" pos="v%ppl">bolned</seg><seg type="word" me_root="thin" pos="pron%gen">thyn</seg><seg type="word" me_root="ben" pos="v%pr_3">is</seg><seg type="word" me_root="waxen" pos="v1%ppl">woxen</seg><seg type="word" me_root="thinne" pos="adj">thynne</seg>
</l>
<l n="45">
<seg type="word" me_root="min" pos="pron%gen">Myn</seg><seg type="word" me_root="herte" pos="n">herte</seg><seg type="word" me_root="ben" pos="v%pr_3">is</seg><seg type="word" me_root="wrappen" pos="v%ppl">wrappid</seg><seg type="word" me_root="in" pos="prep">in</seg><seg type="word" me_root="unbuxomnesse" pos="n">vnbuxumnesse</seg>
</l>
<l n="46">
<seg type="word" me_root="and" pos="conj">And</seg><seg type="word" me_root="thou" pos="pron%nom">thou</seg><seg type="word" me_root="buxom" pos="adj">buxum</seg><seg type="word" me_root="oure" pos="pron%gen">our</seg><seg type="word" me_root="soule" pos="n%pl">soules</seg><seg type="word" me_root="forto" pos="part">forto</seg><seg type="word" me_root="to" pos="part">to</seg><seg type="word" me_root="winnen" pos="v%inf">wynne</seg>
</l>
<l n="47">
<seg type="word" me_root="bien" pos="v%pt_2">Boghtest</seg><seg type="word" me_root="dere" pos="adv">deere</seg><seg type="word" me_root="oure" pos="pron%gen">our</seg><seg type="word" me_root="corrupten" pos="v#adj%ppl">corrupt</seg><seg type="word" me_root="and" pos="conj">and</seg><seg type="word" me_root="roten" pos="adj">roten</seg><seg type="word" me_root="sinne" pos="n">synne</seg>
</l>
<l n="48">
<seg type="word" me_root="min" pos="pron%gen">My</seg><seg type="word" me_root="lust" pos="n">lust</seg><seg type="word" me_root="obeien" pos="v%pt_3">obeied</seg><seg type="word" me_root="unto" pos="prep">vnto</seg><seg type="word" me_root="glotonie" pos="n">glotonye</seg>
</l>
<l n="49">
<seg type="word" me_root="but" pos="conj">But</seg><seg type="word" me_root="the" pos="pron2%obj">thee</seg><seg type="word" me_root="listen" pos="v1%pr_3">list</seg><seg type="word" me_root="not" pos="adv">nat</seg><seg type="word" me_root="the" pos="pron2%obj">thee</seg><seg type="word" me_root="to" pos="prep">to</seg><seg type="word" me_root="that" pos="art&amp;gram_adj">that</seg><seg type="word" me_root="lust" pos="n">lust</seg><seg type="word" me_root="applien" pos="v%inf">applie</seg>
</l>
</lg>
<lg type="stanza" n="8" rhyme="ababbcc">
<l n="50">
<seg type="word" me_root="ich" pos="pron%nom">I</seg><seg type="word" me_root="ben" pos="v%pt_1">was</seg><seg type="word" me_root="ravishen" pos="v%ppl">rauysshid</seg><seg type="word" me_root="bi" pos="prep">by</seg><seg type="word" me_root="concupiscence" pos="n">concupiscence</seg>
</l>
<l n="51">
<seg type="word" me_root="forto" pos="part">Forto</seg><seg type="word" me_root="to" pos="part">to</seg><seg type="word" me_root="eten" pos="v%inf">eten</seg><seg type="word" me_root="of" pos="prep">of</seg><seg type="word" me_root="the" pos="def_art">the</seg><seg type="word" me_root="unlefful" pos="adj2">vnleefful</seg><seg type="word" me_root="tre" pos="n">tree</seg>
</l>
<l n="52">
<seg type="word" me_root="and" pos="conj">And</seg><seg type="word" me_root="for" pos="prep">for</seg><seg type="word" me_root="min" pos="pron%gen">my</seg><seg type="word" me_root="lust" pos="n">lust</seg><seg type="word" me_root="and" pos="conj">and</seg><seg type="word" me_root="inobedience" pos="n">inobedience</seg>
</l>
<l n="53">
<seg type="word" me_root="thin" pos="pron%gen">Thy</seg><seg type="word" me_root="fervent" pos="adj">fervent</seg><seg type="word" me_root="love" pos="n1">love</seg><seg type="word" me_root="and" pos="conj">and</seg><seg type="word" me_root="parfit" pos="adj">parfyt</seg><seg type="word" me_root="charite" pos="n">charitee</seg>
</l>
<l n="54">
<seg type="word" me_root="o" pos="interj">O</seg><seg type="word" me_root="blisful" pos="adj">blisful</seg><seg type="word" me_root="child" pos="n">chyld</seg><seg type="word" me_root="to" pos="prep">to</seg><seg type="word" me_root="the" pos="def_art">the</seg><seg type="word" me_root="crois" pos="n">crois</seg><seg type="word" me_root="leden" pos="v1%pt_pl">ladden</seg><seg type="word" me_root="the" pos="pron2%obj">thee</seg>
</l>
<l n="55">
<seg type="word" me_root="wher-as" pos="adv">Whereas</seg><seg type="word" me_root="that" pos="part">that</seg><seg type="word" me_root="ich" pos="pron%nom">I</seg><seg type="word" me_root="taken" pos="v%pt_1">took</seg><seg type="word" me_root="the" pos="def_art">the</seg><seg type="word" me_root="defenden" pos="v#adj%ppl">deffendid</seg><seg type="word" me_root="thing" pos="n">thyng</seg>
</l>
<l n="56">
<seg type="word" me_root="thou" pos="pron%nom">Thou</seg><seg type="word" me_root="dien" pos="v%pt_2">deidest</seg><seg type="word" me_root="for" pos="prep">for</seg><seg type="word" me_root="me" pos="pron2%obj">me</seg><seg type="word" me_root="Jesu" pos="n#propn">Jhesu</seg><seg type="word" me_root="heven" pos="n%gen">heuene</seg><seg type="word" me_root="king" pos="n">kyng</seg>
</l>
</lg>
<lg type="stanza" n="9" rhyme="ababbcc">
<l n="57">
<seg type="word" me_root="in" pos="prep">In</seg><seg type="word" me_root="mete" pos="n1">mete</seg><seg type="word" me_root="and" pos="conj">and</seg><seg type="word" me_root="drinke" pos="n">drynke</seg><seg type="word" me_root="ich" pos="pron%nom">I</seg><seg type="word" me_root="deliten" pos="v%pr_1">delyte</seg><seg type="word" me_root="me" pos="pron2%obj">me</seg>
</l>
<l n="58">
<seg type="word" me_root="and" pos="conj">And</seg><seg type="word" me_root="on" pos="prep">on</seg><seg type="word" me_root="the" pos="def_art">the</seg><seg type="word" me_root="gibete" pos="n">gibet</seg><seg type="word" me_root="taken" pos="v%pt_2">took</seg><seg type="word" me_root="thou" pos="pron%nom">thou</seg><seg type="word" me_root="gret" pos="adj%sg">greet</seg><seg type="word" me_root="duresse" pos="n">duresse</seg>
</l>
<l n="59">
<seg type="word" me_root="bitwixe" pos="prep">Betwixt</seg><seg type="word" me_root="tho" pos="gram_adj%pl">tho</seg><seg type="word" me_root="two" pos="num#n">two</seg><seg type="word" me_root="ben" pos="v%pr_3">is</seg><seg type="word" me_root="gret" pos="adj%sg">greet</seg><seg type="word" me_root="diversite" pos="n">dyversitee</seg>
</l>
<l n="60">
<seg type="word" me_root="tasten" pos="v%ppl">Taastid</seg><seg type="word" me_root="haven" pos="v%pr_1">have</seg><seg type="word" me_root="ich" pos="pron%nom">I</seg><seg type="word" me_root="the" pos="def_art">the</seg><seg type="word" me_root="fair" pos="adj">fair</seg><seg type="word" me_root="appel" pos="n%gen">apples</seg><seg type="word" me_root="swetenesse" pos="n">swetnesse</seg>
</l>
<l n="61">
<seg type="word" me_root="of" pos="prep">Of</seg><seg type="word" me_root="galle" pos="n1">galle</seg><seg type="word" me_root="thou" pos="pron%nom">thow</seg><seg type="word" me_root="tasten" pos="v%pr_2">taastist</seg><seg type="word" me_root="the" pos="def_art">the</seg><seg type="word" me_root="bitternesse" pos="n">bittirnesse</seg>
</l>
<l n="62">
<seg type="word" me_root="eve" pos="n#propn">Eeve</seg><seg type="word" me_root="me" pos="pron2%obj">me</seg><seg type="word" me_root="gladen" pos="v%pr_3">gladith</seg><seg type="word" me_root="with" pos="prep">with</seg><seg type="word" me_root="a" pos="indef_art">a</seg><seg type="word" me_root="laughen" pos="v#adj%prp">lawwhyng</seg><seg type="word" me_root="eie" pos="n1">ye</seg>
</l>
<l n="63">
<seg type="word" me_root="and" pos="conj">And</seg><seg type="word" me_root="wepen" pos="v%prp_abs">weepynge</seg><seg type="word" me_root="upon" pos="prep">vpon</seg><seg type="word" me_root="the" pos="pron2%obj">thee</seg><seg type="word" me_root="reuen" pos="v1%pr_3">reewith</seg><seg type="word" me_root="marie" pos="n#propn">Marie</seg>
</l>
</lg>
<lg type="stanza" n="10" rhyme="ababbcc">
<l n="64">
<seg type="word" me_root="o" pos="interj">O</seg><seg type="word" me_root="king" pos="n">kyng</seg><seg type="word" me_root="of" pos="prep">of</seg><seg type="word" me_root="glorie" pos="n">glorie,</seg><seg type="word" me_root="thou" pos="pron%nom">thou</seg><seg type="word" me_root="biholden" pos="v%pr_2">beholde</seg><seg type="word" me_root="and" pos="conj">and</seg><seg type="word" me_root="sen" pos="v1%imp">see</seg>
</l>
<l n="65">
<seg type="word" me_root="what" pos="gram_adj">What</seg><seg type="word" me_root="peine" pos="n%pl">peynes</seg><seg type="word" me_root="thou" pos="pron%nom">thou</seg><seg type="word" me_root="sufferen" pos="v%pt_2">suffriddist</seg><seg type="word" me_root="for" pos="prep">for</seg><seg type="word" me_root="oure" pos="pron%gen">our</seg><seg type="word" me_root="sake" pos="n">sake</seg>
</l>
<l n="66">
<seg type="word" me_root="and" pos="conj">And</seg><seg type="word" me_root="sin" pos="conj">syn</seg><seg type="word" me_root="that" pos="part">that</seg><seg type="word" me_root="we" pos="pron%pl_nom">we</seg><seg type="word" me_root="so" pos="adv">so</seg><seg type="word" me_root="dere" pos="adv">deere</seg><seg type="word" me_root="costen" pos="v%pt_pl">costed</seg><seg type="word" me_root="the" pos="pron2%obj">thee</seg>
</l>
<l n="67">
<seg type="word" me_root="thou" pos="pron%nom">Thou</seg><seg type="word" me_root="kepen" pos="v%pr_2">keepe</seg><seg type="word" me_root="us" pos="pron%pl_obj">vs</seg><seg type="word" me_root="from" pos="prep">fro</seg><seg type="word" me_root="the" pos="def_art">the</seg><seg type="word" me_root="might" pos="n">might</seg><seg type="word" me_root="of" pos="prep">of</seg><seg type="word" me_root="fend" pos="n%pl">feendes</seg><seg type="word" me_root="blak" pos="adj">blake</seg>
</l>
<l n="68">
<seg type="word" me_root="leten" pos="v%imp">Lat</seg><seg type="word" me_root="not" pos="adv">nat</seg><seg type="word" me_root="thin" pos="pron%gen">thy</seg><seg type="word" me_root="charitable" pos="adj">charitable</seg><seg type="word" me_root="love" pos="n1">love</seg><seg type="word" me_root="aslaken" pos="v%inf">asslake</seg>
</l>
<l n="69">
<seg type="word" me_root="and" pos="conj">And</seg><seg type="word" me_root="graunten" pos="v%imp">graunte</seg><seg type="word" me_root="us" pos="pron%pl_obj">vs</seg><seg type="word" me_root="grace" pos="n">grace</seg><seg type="word" me_root="the" pos="pron2%obj">thee</seg><seg type="word" me_root="to" pos="part">to</seg><seg type="word" me_root="loven" pos="v1%inf">love</seg><seg type="word" me_root="and" pos="conj">and</seg><seg type="word" me_root="dreden" pos="v%inf">drede</seg>
</l>
<l n="70">
<seg type="word" me_root="and" pos="conj">And</seg><seg type="word" me_root="yeven" pos="v%imp">yeue</seg><seg type="word" me_root="us" pos="pron%pl_obj">vs</seg><seg type="word" me_root="heven" pos="n">heuene</seg><seg type="word" me_root="whan" pos="adv&amp;conj">whan</seg><seg type="word" me_root="that" pos="part">that</seg><seg type="word" me_root="we" pos="pron%pl_nom">we</seg><seg type="word" me_root="ben" pos="v%pr_pl">be</seg><seg type="word" me_root="ded" pos="adj">dede</seg>
</l>
</lg>
</poem>