<?xml version="1.0" encoding="UTF-8"?>
<poem id="13-hoc">
<lg type="stanza" n="1" rhyme="ababbcbc">
<l n="1">
<seg type="word" me_root="the" pos="def_art">The</seg><seg type="word" me_root="sonne" pos="n">Sonne</seg><seg type="word" me_root="with" pos="prep">with</seg><seg type="word" me_root="his" pos="pron1%gen">his</seg><seg type="word" me_root="bem" pos="n%pl">bemes</seg><seg type="word" me_root="of" pos="prep">of</seg><seg type="word" me_root="brightnesse" pos="n">brightnesse</seg>
</l>
<l n="2">
<seg type="word" me_root="to" pos="prep">To</seg><seg type="word" me_root="man" pos="n">man</seg><seg type="word" me_root="so" pos="adv">so</seg><seg type="word" me_root="kindeli" pos="adj">kyndly</seg><seg type="word" me_root="ben" pos="v%pr_3">is</seg><seg type="word" me_root="and" pos="conj">and</seg><seg type="word" me_root="norishen" pos="v#adj%prp">norisshynge</seg>
</l>
<l n="3">
<seg type="word" me_root="that" pos="conj">That</seg><seg type="word" me_root="lakken" pos="v%prp_abs">lakkyng</seg><seg type="word" me_root="hit" pos="pron">it</seg><seg type="word" me_root="dai" pos="n">day</seg><seg type="word" me_root="ben" pos="v%pt_3_neg">nere</seg><seg type="word" me_root="but" pos="conj">but</seg><seg type="word" me_root="derknesse" pos="n">dirknesse</seg>
</l>
<l n="4">
<seg type="word" me_root="to" pos="prep">To</seg><seg type="word" me_root="dai" pos="n">day</seg><seg type="word" me_root="he" pos="pron1%nom">he</seg><seg type="word" me_root="yeven" pos="v%pr_3">yeueth</seg><seg type="word" me_root="his" pos="pron1%gen">his</seg><seg type="word" me_root="enlumining" pos="ger">enlumynynge</seg>
</l>
<l n="5">
<seg type="word" me_root="and" pos="conj">And</seg><seg type="word" me_root="causen" pos="v1%pr_3">causith</seg><seg type="word" me_root="al" pos="gram_adj">al</seg><seg type="word" me_root="fruit" pos="n">fruyt</seg><seg type="word" me_root="forto" pos="part">forto</seg><seg type="word" me_root="to" pos="part">to</seg><seg type="word" me_root="waxen" pos="v1%inf">wexe</seg><seg type="word" me_root="and" pos="conj">and</seg><seg type="word" me_root="springen" pos="v%inf">sprynge</seg>
</l>
<l n="6">
<seg type="word" me_root="nou" pos="adv">Now</seg><seg type="word" me_root="sin" pos="conj">syn</seg><seg type="word" me_root="that" pos="art&amp;gram_adj">that</seg><seg type="word" me_root="sonne" pos="n">sonne</seg><seg type="word" me_root="mouen" pos="v3%pr_3">may</seg><seg type="word" me_root="so" pos="adv">so</seg><seg type="word" me_root="muche" pos="adv">moche</seg><seg type="word" me_root="availen" pos="v%inf">auaille</seg>
</l>
<l n="7">
<seg type="word" me_root="and" pos="conj">And</seg><seg type="word" me_root="most" pos="adv%sup">moost</seg><seg type="word" me_root="with" pos="prep">with</seg><seg type="word" me_root="somer" pos="n1#propn">Somer</seg><seg type="word" me_root="ben" pos="v%pr_3">is</seg><seg type="word" me_root="his" pos="pron1%gen">his</seg><seg type="word" me_root="sojourninge" pos="ger">soiournynge</seg>
</l>
<l n="8">
<seg type="word" me_root="that" pos="art&amp;gram_adj">That</seg><seg type="word" me_root="sesoun" pos="n">sesoun</seg><seg type="word" me_root="bountevous" pos="adj">bonteuous</seg><seg type="word" me_root="we" pos="pron%pl_nom">we</seg><seg type="word" me_root="willen" pos="v%pr_pl">wole</seg><seg type="word" me_root="assaillen" pos="v%inf">assaille</seg>
</l>
</lg>
<lg type="stanza" n="2" rhyme="ababbcbc">
<l n="9">
<seg type="word" me_root="glad" pos="adj">Glad</seg><seg type="word" me_root="chered" pos="ppl1_abs">cheerid</seg><seg type="word" me_root="somer" pos="n#propn">Somer</seg><seg type="word" me_root="to" pos="prep">to</seg><seg type="word" me_root="your" pos="pron%pl_gen">your</seg><seg type="word" me_root="governail" pos="n">governaille</seg>
</l>
<l n="10">
<seg type="word" me_root="and" pos="conj">And</seg><seg type="word" me_root="grace" pos="n">grace</seg><seg type="word" me_root="we" pos="pron%pl_nom">we</seg><seg type="word" me_root="submitten" pos="v%pr_pl">submitte</seg><seg type="word" me_root="al" pos="gram_adj">al</seg><seg type="word" me_root="oure" pos="pron%gen">our</seg><seg type="word" me_root="willinge" pos="ger">willynge</seg>
</l>
<l n="11">
<seg type="word" me_root="to" pos="prep">To</seg><seg type="word" me_root="whom" pos="pron%obj">whom</seg><seg type="word" me_root="ye" pos="pron%pl%nom">yee</seg><seg type="word" me_root="frendli" pos="adj">freendly</seg><seg type="word" me_root="ben" pos="v%pr_pl">been</seg><seg type="word" me_root="he" pos="pron1%nom">he</seg><seg type="word" me_root="mouen" pos="v3%pr_3">may</seg><seg type="word" me_root="not" pos="adv">nat</seg><seg type="word" me_root="failen" pos="v%inf">faille</seg>
</l>
<l n="12">
<seg type="word" me_root="but" pos="conj">But</seg><seg type="word" me_root="he" pos="pron1%nom">he</seg><seg type="word" me_root="shulen" pos="v1%pr_3">shal</seg><seg type="word" me_root="haven" pos="v%inf">have</seg><seg type="word" me_root="his" pos="pron1%gen">his</seg><seg type="word" me_root="resonable" pos="adj2">resonable</seg><seg type="word" me_root="askinge" pos="ger">axynge</seg>
</l>
<l n="13">
<seg type="word" me_root="after" pos="prep">Aftir</seg><seg type="word" me_root="your" pos="pron%pl_gen">your</seg><seg type="word" me_root="god" pos="adj">good</seg><seg type="word" me_root="lust" pos="n">lust</seg><seg type="word" me_root="ben" pos="v%pr_3">be</seg><seg type="word" me_root="the" pos="def_art">the</seg><seg type="word" me_root="sesounen" pos="v%prp[ger??]">sesonynge</seg>
</l>
<l n="14">
<seg type="word" me_root="of" pos="prep">Of</seg><seg type="word" me_root="oure" pos="pron%gen">our</seg><seg type="word" me_root="fruit" pos="n%pl">fruytes</seg><seg type="word" me_root="this" pos="gram_adj">this</seg><seg type="word" me_root="laste" pos="adj">laste</seg><seg type="word" me_root="mighel-messe" pos="n">Mighelmesse</seg>
</l>
<l n="15">
<seg type="word" me_root="the" pos="def_art">The</seg><seg type="word" me_root="time" pos="n">tyme</seg><seg type="word" me_root="of" pos="prep">of</seg><seg type="word" me_root="yer" pos="n">yeer</seg><seg type="word" me_root="ben" pos="v%pt_3">was</seg><seg type="word" me_root="of" pos="prep">of</seg><seg type="word" me_root="oure" pos="pron%gen">our</seg><seg type="word" me_root="sed" pos="n">seed</seg><seg type="word" me_root="inninge" pos="ger">ynnynge</seg>
</l>
<l n="16">
<seg type="word" me_root="the" pos="def_art">The</seg><seg type="word" me_root="lak" pos="n">lak</seg><seg type="word" me_root="of" pos="prep">of</seg><seg type="word" me_root="which" pos="pron">which</seg><seg type="word" me_root="ben" pos="v%pr_3">is</seg><seg type="word" me_root="oure" pos="pron%gen">our</seg><seg type="word" me_root="gret" pos="adj%sg">greet</seg><seg type="word" me_root="hevinesse" pos="n">heuynesse</seg>
</l>
</lg>
<lg type="stanza" n="3" rhyme="ababbcbc">
<l n="17">
<seg type="word" me_root="we" pos="pron%pl_nom">We</seg><seg type="word" me_root="trusten" pos="v%pr_pl">truste</seg><seg type="word" me_root="upon" pos="prep">vpon</seg><seg type="word" me_root="your" pos="pron%pl_gen">your</seg><seg type="word" me_root="frendli" pos="adj">freendly</seg><seg type="word" me_root="gentilesse" pos="n">gentillesse</seg>
</l>
<l n="18">
<seg type="word" me_root="ye" pos="pron%pl%nom">Yee</seg><seg type="word" me_root="willen" pos="v%pr_pl">wole</seg><seg type="word" me_root="us" pos="pron%pl_obj">vs</seg><seg type="word" me_root="helpen" pos="v%inf">helpe</seg><seg type="word" me_root="and" pos="conj">and</seg><seg type="word" me_root="ben" pos="v%inf">been</seg><seg type="word" me_root="oure" pos="pron%gen">our</seg><seg type="word" me_root="suppowaille" pos="n">suppoaille</seg>
</l>
<l n="19">
<seg type="word" me_root="nou" pos="adv">Now</seg><seg type="word" me_root="yeven" pos="v%imp">yeue</seg><seg type="word" me_root="us" pos="pron%pl_obj">vs</seg><seg type="word" me_root="cause" pos="n">cause</seg><seg type="word" me_root="ayen" pos="adv">ageyn</seg><seg type="word" me_root="this" pos="gram_adj">this</seg><seg type="word" me_root="criste-masse" pos="n">Cristemesse</seg>
</l>
<l n="20">
<seg type="word" me_root="forto" pos="part">Forto</seg><seg type="word" me_root="to" pos="part">to</seg><seg type="word" me_root="ben" pos="v%inf">be</seg><seg type="word" me_root="glad" pos="adj">glad,</seg><seg type="word" me_root="o" pos="interj">O</seg><seg type="word" me_root="lord" pos="n">lord</seg><seg type="word" me_root="whether" pos="conj">whethir</seg><seg type="word" me_root="oure" pos="pron%gen">our</seg><seg type="word" me_root="taille" pos="n">taille</seg>
</l>
<l n="21">
<seg type="word" me_root="shulen" pos="v1%pr_3">Shal</seg><seg type="word" me_root="sone" pos="adv">soone</seg><seg type="word" me_root="maken" pos="v1%inf">make</seg><seg type="word" me_root="us" pos="pron%pl_obj">vs</seg><seg type="word" me_root="with" pos="prep">with</seg><seg type="word" me_root="oure" pos="pron%gen">our</seg><seg type="word" me_root="ship" pos="n%pl">shippes</seg><seg type="word" me_root="seilen" pos="v%inf">saille</seg>
</l>
<l n="22">
<seg type="word" me_root="to" pos="prep">To</seg><seg type="word" me_root="port_salut" pos="n">port_salut</seg><seg type="word" me_root="if" pos="conj">if</seg><seg type="word" me_root="you" pos="pron%pl_obj">yow</seg><seg type="word" me_root="listen" pos="v1%pr_3">list>>></seg><seg type="word" me_root="we" pos="pron%pl_nom">we</seg><seg type="word" me_root="mouen" pos="v3%pr_pl">may</seg><seg type="word" me_root="singen" pos="v%inf">synge</seg>
</l>
<l n="23">
<seg type="word" me_root="and" pos="conj">And</seg><seg type="word" me_root="elles" pos="adv">elles</seg><seg type="word" me_root="moten" pos="v2%pr_3">moot</seg><seg type="word" me_root="us" pos="pron%pl_obj">vs</seg><seg type="word" me_root="bothe" pos="num#adj">bothe</seg><seg type="word" me_root="mornen" pos="v%inf">mourne</seg><seg type="word" me_root="and" pos="conj">and</seg><seg type="word" me_root="weilen" pos="v%inf">waille</seg>
</l>
<l n="24">
<seg type="word" me_root="til" pos="conj">Til</seg><seg type="word" me_root="your" pos="pron%pl_gen">your</seg><seg type="word" me_root="favour" pos="n">favour</seg><seg type="word" me_root="us" pos="pron%pl_obj">vs</seg><seg type="word" me_root="senden" pos="v2%pr_3">sende</seg><seg type="word" me_root="relevinge" pos="ger">releeuynge</seg>
</l>
</lg>
<lg type="stanza" n="4" rhyme="ababbcbc">
<l n="25">
<seg type="word" me_root="we" pos="pron%pl_nom">We</seg><seg type="word" me_root="your" pos="pron%pl_gen">your</seg><seg type="word" me_root="servaunt" pos="n%pl">seruantes</seg><seg type="word" me_root="hoccleve" pos="n#propn">Hoccleue</seg><seg type="word" me_root="and" pos="conj">and</seg><seg type="word" me_root="baillay" pos="n#propn">Baillay</seg>
</l>
<l n="26">
<seg type="word" me_root="hethe" pos="n#propn">Hethe</seg><seg type="word" me_root="and" pos="conj">and</seg><seg type="word" me_root="offorde" pos="n#propn">Offorde</seg><seg type="word" me_root="you" pos="pron%pl_obj">yow</seg><seg type="word" me_root="bisechen" pos="v%pr_pl">byseeche</seg><seg type="word" me_root="and" pos="conj">and</seg><seg type="word" me_root="preien" pos="v1%pr_pl">preye</seg>
</l>
<l n="27">
<seg type="word" me_root="hasten" pos="v%imp">Haastith</seg><seg type="word" me_root="oure" pos="pron%gen">our</seg><seg type="word" me_root="hervest" pos="n">heruest</seg><seg type="word" me_root="as" pos="conj">as</seg><seg type="word" me_root="sone" pos="adv">soone</seg><seg type="word" me_root="as" pos="conj">as</seg><seg type="word" me_root="ye" pos="pron%pl%nom">yee</seg><seg type="word" me_root="mouen" pos="v3%pr_pl">may</seg>
</l>
<l n="28">
<seg type="word" me_root="for" pos="prep">For</seg><seg type="word" me_root="fer" pos="n1">fere</seg><seg type="word" me_root="of" pos="prep">of</seg><seg type="word" me_root="storm" pos="n%pl">stormes</seg><seg type="word" me_root="oure" pos="pron%gen">our</seg><seg type="word" me_root="wit" pos="n">wit</seg><seg type="word" me_root="ben" pos="v%pr_3">is</seg><seg type="word" me_root="awei" pos="adv">aweye</seg>
</l>
<l n="29">
<seg type="word" me_root="ben" pos="v%pt_3">Were</seg><seg type="word" me_root="oure" pos="pron%gen">our</seg><seg type="word" me_root="sed" pos="n">seed</seg><seg type="word" me_root="innen" pos="v2%ppl">Inned</seg><seg type="word" me_root="wel" pos="adv">wel</seg><seg type="word" me_root="we" pos="pron%pl_nom">we</seg><seg type="word" me_root="mouen" pos="v3%pt_pl">mighten</seg><seg type="word" me_root="pleien" pos="v1%inf">pleye</seg>
</l>
<l n="30">
<seg type="word" me_root="and" pos="conj">And</seg><seg type="word" me_root="us" pos="pron%pl_obj">vs</seg><seg type="word" me_root="disporten" pos="v%inf">desporte</seg><seg type="word" me_root="and" pos="conj">and</seg><seg type="word" me_root="singen" pos="v%inf">synge</seg><seg type="word" me_root="and" pos="conj">and</seg><seg type="word" me_root="maken" pos="v1%inf">make</seg><seg type="word" me_root="game" pos="n">game</seg>
</l>
<l n="31">
<seg type="word" me_root="and" pos="conj">And</seg><seg type="word" me_root="yet" pos="adv">yit</seg><seg type="word" me_root="this" pos="gram_adj">this</seg><seg type="word" me_root="roundel" pos="n">rowndel</seg><seg type="word" me_root="shulen" pos="v1%pr_pl">shul</seg><seg type="word" me_root="we" pos="pron%pl_nom">we</seg><seg type="word" me_root="singen" pos="v%inf">synge</seg><seg type="word" me_root="and" pos="conj">and</seg><seg type="word" me_root="seien" pos="v1%inf">seye</seg>
</l>
<l n="32">
<seg type="word" me_root="in" pos="prep">In</seg><seg type="word" me_root="trust" pos="n">trust</seg><seg type="word" me_root="of" pos="prep">of</seg><seg type="word" me_root="you" pos="pron%pl_obj">yow</seg><seg type="word" me_root="and" pos="conj">and</seg><seg type="word" me_root="honour" pos="n">honour</seg><seg type="word" me_root="of" pos="prep">of</seg><seg type="word" me_root="your" pos="pron%pl_gen">your</seg><seg type="word" me_root="name" pos="n">name</seg>
</l>
</lg>
<lg type="stanza" n="5" rhyme="ababbcbc">
<l n="33">
<seg type="word" me_root="somer" pos="n1#propn">Somer</seg><seg type="word" me_root="that" pos="pron_rel">that</seg><seg type="word" me_root="ripen" pos="v1%pr_2">rypest</seg><seg type="word" me_root="man" pos="n%gen">mannes</seg><seg type="word" me_root="sustenaunce" pos="n">sustenance</seg>
</l>
<l n="34">
<seg type="word" me_root="with" pos="prep">With</seg><seg type="word" me_root="holsom" pos="adj">holsum</seg><seg type="word" me_root="hete" pos="n1">hete</seg><seg type="word" me_root="of" pos="prep">of</seg><seg type="word" me_root="the" pos="def_art">the</seg><seg type="word" me_root="sonne" pos="n%gen">Sonnes</seg><seg type="word" me_root="warmnesse" pos="n">warmnesse</seg>
</l>
<l n="35">
<seg type="word" me_root="al" pos="gram_adj">Al</seg><seg type="word" me_root="kinde" pos="n">kynde</seg><seg type="word" me_root="of" pos="prep">of</seg><seg type="word" me_root="man" pos="n">man</seg><seg type="word" me_root="the" pos="pron2%obj">thee</seg><seg type="word" me_root="holden" pos="v1%ppl">holden</seg><seg type="word" me_root="ben" pos="v%pr_3">is</seg><seg type="word" me_root="to" pos="part">to</seg><seg type="word" me_root="blessen" pos="v%inf">blesse</seg>
</l>
<l n="36">
<seg type="word" me_root="ai" pos="adv">Ay</seg><seg type="word" me_root="thanken" pos="v%ppl">thankid</seg><seg type="word" me_root="ben" pos="v%pr_3">be</seg><seg type="word" me_root="thin" pos="pron%gen">thy</seg><seg type="word" me_root="frendli" pos="adj">freendly</seg><seg type="word" me_root="governaunce" pos="n">governance</seg>
</l>
<l n="37">
<seg type="word" me_root="and" pos="conj">And</seg><seg type="word" me_root="thin" pos="pron%gen">thy</seg><seg type="word" me_root="fresh" pos="adj">fressh</seg><seg type="word" me_root="lok" pos="n4">look</seg><seg type="word" me_root="of" pos="prep">of</seg><seg type="word" me_root="mirthe" pos="n">mirthe</seg><seg type="word" me_root="and" pos="conj">and</seg><seg type="word" me_root="of" pos="prep">of</seg><seg type="word" me_root="gladnesse" pos="n">gladnesse</seg>
</l>
<l n="38">
<seg type="word" me_root="to" pos="prep">To</seg><seg type="word" me_root="hevi" pos="adj">heuy</seg><seg type="word" me_root="folk" pos="n">folk</seg><seg type="word" me_root="of" pos="prep">of</seg><seg type="word" me_root="the" pos="pron2%obj">thee</seg><seg type="word" me_root="the" pos="def_art">the</seg><seg type="word" me_root="remembraunce" pos="n">remembrance</seg>
</l>
<l n="39">
<seg type="word" me_root="ben" pos="v%pr_3">Is</seg><seg type="word" me_root="salve" pos="n1">salue</seg><seg type="word" me_root="and" pos="conj">and</seg><seg type="word" me_root="oinement" pos="n">oynement</seg><seg type="word" me_root="to" pos="prep">to</seg><seg type="word" me_root="here" pos="pron%pl_gen">hir</seg><seg type="word" me_root="siknesse" pos="n">seeknesse</seg>
</l>
<l n="40">
<seg type="word" me_root="for-whi" pos="adv&amp;conj">Forwhy</seg><seg type="word" me_root="we" pos="pron%pl_nom">we</seg><seg type="word" me_root="thus" pos="adv">thus</seg><seg type="word" me_root="shulen" pos="v1%pr_pl">shul</seg><seg type="word" me_root="singen" pos="v%inf">synge</seg><seg type="word" me_root="in" pos="prep">in</seg><seg type="word" me_root="criste-masse" pos="n">Cristemesse</seg>
</l>
</lg>
<!-- <lg type="stanza" n="6" rhyme="ababbcbc">
<l n="0">
<seg type="word" me_root="of" pos="prep">of</seg><seg type="word" me_root="gladnesse" pos="n">gladnesse</seg>
</l>
<l n="38">
<seg type="word" me_root="to" pos="prep">To</seg><seg type="word" me_root="hevi" pos="adj">heuy</seg><seg type="word" me_root="folk" pos="n">folk</seg><seg type="word" me_root="of" pos="prep">of</seg><seg type="word" me_root="the" pos="pron2%obj">thee</seg><seg type="word" me_root="the" pos="def_art">the</seg><seg type="word" me_root="remembraunce" pos="n">remembrance</seg>
</l>
<l n="39">
<seg type="word" me_root="ben" pos="v%pr_3">Is</seg><seg type="word" me_root="salve" pos="n1">salue</seg><seg type="word" me_root="and" pos="conj">and</seg><seg type="word" me_root="oinement" pos="n">oynement</seg><seg type="word" me_root="to" pos="prep">to</seg><seg type="word" me_root="here" pos="pron">hir</seg>
</l>
</lg> -->
</poem>
